課-序號,序號,生詞,漢拼,詞類,英譯,越譯,泰譯,緬譯,日譯,韓譯,西譯,印尼譯,冊
1-1,1.       ,走,zǒu,Vi,to get to,đến được,ถึง (thueng),ရောက်သည် (yout thi),着く (tsuku),도착하다 (dochakhada),llegar a,sampai / tiba di,2
1-1,2.       ,路人,lùrén,N,someone; lit. a person on the street,người qua đường,คนที่เดินผ่านไปมา (khon thi doen phan pai ma),လမ်းသွားလမ်းလာ (lan thwar lan lar),通行人 (tsūkōnin),행인 (haeng'in),"alguien; literalmente, una persona en la calle","seseorang; secara harfiah, seseorang di jalan",2
1-1,3.       ,幫忙,bāngmáng,V-sep,to help,giúp đỡ,ช่วยเหลือ (chuay luea),ကူညီသည် (ku nyi thi),手伝う (tetsudau),돕다 (dopda),ayudar,membantu,2
1-1,4.       ,迷路,mílù,Vp-sep,"to be lost, to have lost directions",bị lạc,หลงทาง (long thang),လမ်းပျောက်သည် (lan pyout thi),道に迷う (michi ni mayou),길을 잃다 (gireul ilta),"estar perdido, haber perdido el rumbo","tersesat, kehilangan arah",2
1-1,5.       ,下,xià,Det,next,tiếp theo,หน้า (na) / ถัดไป (that pai),နောက် (nout),次の (tsugi no),다음 (daeum),próximo,Berikutnya,2
1-1,6.       ,路口,lùkǒu,N,intersection,ngã tư,ทางแยก (thang yaek),လမ်းဆုံ (lan hsone),交差点 (kōsaten),교차로 (gyocharo),intersección,persimpangan,2
1-1,7.       ,段,duàn,N,section,đoạn,ช่วง (chuang) / ตอน (ton),အပိုင်း (a pine),区間 (kukan) / 部分 (bubun),구간 (gugan) / 부분 (bubun),sección,bagian,2
1-1,8.       ,過,guò,V,"to go past, to cross","đi qua, băng qua",ผ่าน (phan),ဖြတ်သွားသည် (hpyat thwar thi),通り過ぎる (tōrisugiru) / 渡る (wataru),지나가다 (jinagada) / 건너다 (geoneoda),"pasar, cruzar","melewati, menyeberang",2
1-1,9.       ,第,dì,Det,used to indicate ordinal numbers,dùng để chỉ số thứ tự,ที่ (thi) (indicating order),အမှတ်စဉ် (a hmat sin),〜目 (me) (suffix),제 (je) / 번째 (beonjjae),utilizado para indicar números ordinales,digunakan untuk menunjukkan nomor urut,2
1-1,10.    ,紅綠燈,hónglǜdēng,N,traffic light,đèn giao thông,สัญญาณไฟจราจร (sanyan fai trachon),မီးပွိုင့် (mi: pwing.),信号機 (shingōki),신호등 (sinhodeung),semáforo,lampu lalu lintas,2
1-1,11.    ,告訴,gàosù,V,to tell,"nói, bảo",บอก (bok),ပြောသည် (pyaw thi),教える (oshieru) / 伝える (tsutaeru),말하다 (malhada) / 알리다 (allida),decir,memberitahu,2
1-1,12.    ,提款機,tíkuǎnjī,N,ATM machine,máy rút tiền,ตู้เอทีเอ็ม (tu ATM),ငွေထုတ်စက် (ngwe htout set),ATM (ATM),현금인출기 (hyeongeum inchulgi),Cajero automático,mesin ATM,2
1-1,13.    ,超商,chāo-shāng,N,convenience store,cửa hàng tiện lợi,ร้านสะดวกซื้อ (ran saduak sue),စတိုးဆိုင် (sa toe: saine),コンビニ (konbini),편의점 (pyeonuijeom),tienda de conveniencia,toko serba ada,2
1-1,14.    ,應該,yīnggāi,Vaux,should; ought to,nên,น่าจะ (na ja) / ควร (khuan),သင့်သည် (thin thi) / သင့်တယ် (thin de),〜すべきだ (subeki da) / 〜はずだ (hazu da),~해야 한다 (haeya handa),debería; debería,sebaiknya; seharusnya,2
1-1,15.    ,郵局,yóujú,N,post office,bưu điện,ไปรษณีย์ (praisanee),စာတိုက် (sa tite),郵便局 (yūbinkyoku),우체국 (ucheguk),oficina de correos,kantor Pos,2
1-1,16.    ,提,tí,V,to withdraw (money),rút (tiền),ถอน (เงิน) (thon (ngoen)),ထုတ်သည် (htout thi) (ငွေ),引き出す (hikidasu),인출하다 (inchulhada),retirar (dinero),menarik (uang),2
1-1,17.    ,那邊,nàbiān/nèibiān,N,"over there, yonder",đằng kia,那边 (nà biān) (Chinese),ဟိုဘက် (ho bhet),あちら (achira) / 向こう側 (mukōgawa),저기 (jeogi) / 거기 (geogi),"por allá, por allá","di sana, di sana",2
1-1,18.    ,師大（師範大學）, Shīdà（Shīfàn Dàxué）,,NTNU (National Taiwan Normal University),Đại học Sư phạm Đài Loan (NTNU),มหาวิทยาลัยครูแห่งชาติไต้หวัน (Mahawitthayalai Khru Haengchat Taiwan),ထိုင်ဝမ် အမျိုးသား ပုံမှန် တက္ကသိုလ် (Taiwan a myo tha pone mhan tike thoe),国立台湾師範大学 (Kokuritsu Taiwan Shihan Daigaku),국립 대만 사범대학 (Gungnip Daeman Sabeom Daehak),NTNU (Universidad Nacional Normal de Taiwán),NTNU (Universitas Normal Nasional Taiwan),2
1-1,19.    ,和平東路,Hépíng Dōng Lù,,Heping East Road,Đường Hòa Bình Đông,ถนนเหอผิงตะวันออก (Thanon Hoe Phing Tawan Ok),ဟော်ဖိန်း အရှေ့လမ်း (Haw pain a shay lan),和平東路 (Heping Dong Lu) (Japanese reading),허핑 동로 (Heoping dongno),Carretera del este de Heping,Jalan Heping Timur,2
1-1,20.    ,往前,wǎng qián,,"forward, ahead","về phía trước, phía trước",ไปข้างหน้า (pai khang na),ရှေ့သို့ (shay tho) / ရှေ့ကို (shay go),前方へ (zenpō e) / 前に (mae ni),앞으로 (apeuro),"adelante, adelante","maju, maju",2
1-1,21.    ,右轉,yòu zhuǎn,,to turn right,rẽ phải,เลี้ยวขวา (liao khwa),ညာဘက်ကွေ့ (nya bhet kwe),右折する (usetsu suru) / 右に曲がる (migi ni magaru),우회전하다 (uhwoejeon hada),girar a la derecha,berbelok ke kanan,2
1-1,22.    ,聽起來,tīng qǐlái,,"to sound, sound like",nghe có vẻ,ฟังดู (fang du),ကြားရတယ် (kyar ya de) / အသံကြည့်ရတယ် (a than kyi ya de),〜に聞こえる (ni kikoeru),들리다 (deullida) / ~게 들리다 (~ge deullida),"sonar, sonar como","terdengar, terdengar seperti",2
1-1,23.    ,看見,kànjiàn,,"to see, to have seen",nhìn thấy,เห็น (hen),မြင်သည် (myin thi),見える (mieru) / 見かける (mikakeru),보다 (boda) / 보이다 (boida),"ver, haber visto","melihat, telah melihat",2
1-2,1.       ,下載,xiàzài,V,to download,tải xuống,ดาวน์โหลด (daow load),ဒေါင်းလုတ်ဆွဲသည် (downlot swè thi),ダウンロードする (daunrōdo suru),다운로드하다 (daunrodeu hada),descargar,mengunduh,2
1-2,2.       ,地圖,dìtú,N,map,bản đồ,แผนที่ (phaenthi),မြေပုံ (myay pone),地図 (chizu),지도 (jido),mapa,peta,2
1-2,3.       ,好用,hǎoyòng,Vs,"easy to use, handy","dễ sử dụng, tiện lợi",ใช้ดี (chai di) / ใช้งานง่าย (chai ngan ngai),အသုံးတည့်သည် (a thone te thi),使いやすい (tsukai yasui),사용하기 좋다 (sayonghagi jota) / 편리하다 (pyeollihada),"fácil de usar, práctico","mudah digunakan, praktis",2
1-2,4.       ,著,zhe,Ptc,a particle indicating progression or continuation of action,trợ từ chỉ sự tiếp diễn của hành động,กำลัง (kamlang) (indicating ongoing action),ကို (go) / လျက် (lyet) (particle indicating ongoing action),〜している (shite iru) (ongoing action),~고 있다 (~go itda),una partícula que indica progresión o continuación de la acción,sebuah partikel yang menunjukkan kemajuan atau kelanjutan tindakan,2
1-2,5.       ,日用品,rìyòngpǐn,N,articles of daily use,vật dụng hàng ngày,ของใช้ประจำวัน (khong chai pracham wan),နေ့စဉ်သုံးပစ္စည်း (nei sin thone pyit si),日用品 (nichiyōhin),일용품 (ilyongpum),artículos de uso diario,barang keperluan sehari-hari,2
1-2,6.       ,經過,jīngguò,V,to go past,đi qua,ผ่าน (phan),ဖြတ်သွားသည် (hpyat thwar thi),通る (tōru) / 通過する (tsūka suru),지나가다 (jinagada) / 통과하다 (tonggwihada),pasar,melewatinya,2
1-2,7.       ,巷子,xiàngzi,N,alley,ngõ hẻm,ซอย (soi),လမ်းကြား (lan kyar),路地 (roji),골목 (golmok),callejón,gang,2
1-2,8.       ,餓,è,Vs,hungry,đói,หิว (hiu),ဆာသည် (sar thi),お腹が空いた (onaka ga suita),배고프다 (baegopeuda),hambriento,lapar,2
1-2,9.       ,一邊,yìbiān,Adv,"indicates doing two things simultaneously, as, while",vừa... vừa...,一边...一边... (yībiān... yībiān...) (Chinese),"တစ်ဖက် (ta bhet) (while, simultaneously)",〜しながら (shinagara),~하면서 (~hamyeonseo),"indica hacer dos cosas simultáneamente, ya que, mientras","menunjukkan melakukan dua hal secara bersamaan, seperti, sementara",2
1-2,10.    ,發現,fāxiàn,Vpt,to discover,phát hiện,พบ (phop) / ค้นพบ (khon phop),ရှာဖွေတွေ့ရှိသည် (sha pway tway shi thi),発見する (hakken suru),발견하다 (balgyeonhada),descubrir,menemukan,2
1-2,11.    ,離,lí,Prep,(away) from,(cách xa) khỏi,ห่างจาก (hang chak) / จาก (chak),မှ (hmar) (from),〜から (kara) (from),~로부터 (~roeuteo) / ~에서 (~eseo),(lejos) de,(dari,2
1-2,12.    ,背包,bēibāo,N,backpack,ba lô,กระเป๋าเป้ (krapao bpay),ကျောပိုးအိတ် (kyaw po: ate),リュックサック (ryukkusakku) / バックパック (bakkupakku),백팩 (baekpaek) / 배낭 (baenang),mochila,ransel,2
1-2,13.    ,正好,zhènghǎo,Adv,"just, happen to ","vừa vặn, tình cờ",พอดี (pho di),အတိအကျ (a ti a kya) / ကံကောင်းစွာ (kan kaung: swa),ちょうど (chōdo) / 都合よく (tsugō yoku),마침 (machim) /正好 (jeongho),"simplemente, sucede que",kebetulan saja,2
1-2,14.    ,最後,zuìhòu,Adv,"in the end, finally","cuối cùng, rốt cuộc",สุดท้าย (sut thai) / ในที่สุด (nai thi sut),နောက်ဆုံး (nout hsone:),最後に (saigo ni) / ついに (tsui ni),마지막으로 (majimak euro) / 결국 (gyeolguk),"al final, finalmente","pada akhirnya, akhirnya",2
1-2,15.    ,枝,zhī,M,measure word for pens,lượng từ cho bút,枝 (zhī) (Chinese) / แท่ง (thaeng) (pen classifier),ချောင်း (chout:),本 (hon) (pen classifier),자루 (jaru) (pen classifier),medir palabras para bolígrafos,mengukur kata untuk pena,2
1-2,16.    ,筆,bǐ ,N,pen,bút,ปากกา (pakka),ဘောပင် (baw: pine),ペン (pen),펜 (pen),bolígrafo,pena,2
1-2,17.    ,本,běn ,M,measure word for books,lượng từ cho sách,เล่ม (lem) (book classifier),အုပ် (oke),冊 (satsu) (book classifier),권 (gwon) (book classifier),medir palabras para libros,mengukur kata untuk buku,2
1-2,18.    ,本子,běnzi,N,notebook,"vở, sổ tay",สมุด (samut),စာအုပ် (sa oke),ノート (nōto),공책 (gongchaek),computadora portátil,buku catatan,2
1-2,19.    ,左轉,zuǒ zhuǎn ,,to turn left,rẽ trái,เลี้ยวซ้าย (liao sai),ဘယ်ဘက်ကွေ့ (bhel bhet kwe),左折する (sasetsu suru) / 左に曲がる (hidari ni magaru),좌회전하다 (jwahwoejeon hada),girar a la izquierda,berbelok ke kiri,2
1-2,20.    ,師大路上,Shīdà Lù shàng,,on Shida Road,trên đường Đại học Sư phạm,บนถนนชิด้า (Bon Thanon Chida),ဆရာတော်တက္ကသိုလ်လမ်းပေါ်တွင် (Hsayadaw tike thoe lan paw tin),師大路上 (Shida rojō) (Japanese reading),스다路上 (Seuda nosang),en la calle Shida,di Jalan Shida,2
1-2,21.    ,麵店,miàn diàn ,,noodle shop,tiệm mì,ร้านก๋วยเตี๋ยว (ran kuaytiao),ခေါက်ဆွဲဆိုင် (khout swè saine),ラーメン屋 (rāmen-ya) / 麺類店 (menrui ten),국숫집 (guksut jip) / 면가게 (myeon gage),tienda de fideos,toko mie,2
2-1,1.       ,還是,háishì ,Adv,"should probably, alternatively, had better","có lẽ nên, tốt hơn là",หรือ (rue) / หรือว่า (rue wa) (alternative suggestion),ဒါမှမဟုတ် (da hma ma hote) / သို့မဟုတ် (tho ma hote),それとも (soretomo) / むしろ (mushiro),~거나 (~geona) / 차라리 (charari),"probablemente debería, alternativamente, ser mejor","mungkin seharusnya, sebagai alternatif, lebih baik",2
2-1,2.       ,早,zǎo,Vs,Good morning.,Chào buổi sáng.,早安 (j早安) (Chinese) / อรุณสวัสดิ์ (arun sawat),မင်္ဂလာနံနက်ခင်း (mingala nan net khin),おはよう (Ohayō),좋은 아침 (joeun achim),Buen día.,Selamat pagi.,2
2-1,3.       ,約,yuē ,V,to invite someone to do something at a specific time,hẹn,นัด (nat),ချိန်းသည် (chain thi),約束する (yakusoku suru) / 誘う (sasou),약속하다 (yaksokhada),invitar a alguien a hacer algo en un momento específico,mengundang seseorang untuk melakukan sesuatu pada waktu tertentu,2
2-1,4.       ,對面,duìmiàn ,N,"on the other side of (something), opposite",đối diện,ตรงข้าม (trong kham),မျက်နှာချင်းဆိုင် (myet hnar chin saine),向かい側 (mukai gawa),맞은편 (majeunpyeon),"al otro lado de (algo), opuesto","di sisi lain (sesuatu), berlawanan",2
2-1,5.       ,直接,zhíjiē ,Adv,directly,trực tiếp,โดยตรง (doi trong),တိုက်ရိုက် (tite yite),直接 (chokusetsu),직접 (jikjeop),directamente,secara langsung,2
2-1,6.       ,不必,búbì ,Vaux,"no need to, not necessary to",không cần phải,ไม่จำเป็น (mai jam pen),မလိုအပ်ပါ (ma lo ut pa),〜する必要はない (suru hitsuyō wa nai),~할 필요 없다 (~hal piryo eopda),"no es necesario, no es necesario","tidak perlu, tidak perlu",2
2-1,7.       ,換,huàn ,V,to transfer (transportation),chuyển (phương tiện),เปลี่ยน (交通工具) (plian),ပြောင်းသည် (pyoung thi) (ယာဉ်),乗り換える (norikaeru),갈아타다 (garatada),transferir (transporte),mentransfer (transportasi),2
2-1,8.       ,車站,chēzhàn ,N,"bus station, train station","trạm xe, ga tàu",สถานีรถ (sathani rot),ကားဂိတ် (ka: gate) / ဘူတာ (bu tar),駅 (eki) / バス停 (basutei),정류장 (jeongnyujang) / 역 (yeok),"estación de autobuses, estación de tren","stasiun bus, stasiun kereta api",2
2-1,9.       ,麻煩,máfán ,Vs,troublesome,phiền phức,ลำบาก (lambak) / ยากลำบาก (yak lambak),စိတ်ရှုပ်စရာ (sate shote ca ya) / ဒုက္ခပေးတယ် (dokeh kpay de),面倒な (mendō na) / 厄介な (yakkai na),번거롭다 (beongeoropda) / 귀찮다 (gwichanta),molesto,sulit,2
2-1,10.    ,趕快,gǎnkuài,Adv,right away; quickly (indicating urgency),"ngay lập tức, nhanh chóng (chỉ sự khẩn cấp)",เร็ว ๆ นี้ (reo reo ni) / รีบ (rip),အမြန်ဆုံး (a munan sone:),早く (hayaku) / すぐに (sugu ni),빨리 (ppalli) / 서둘러 (seodulleo),de inmediato; rápidamente (indicando urgencia),segera; cepat (menunjukkan urgensi),2
2-1,11.    ,走,zǒu ,Vp,"to leave, to bid farewell","rời đi, chào tạm biệt",ไป (pai) / ออกเดิน (ok doern),သွားတော့မယ် (thwar dau me) / ထွက်ခွာသည် (htwet khwar thi),去る (saru) / 別れを告げる (wakare o tsugeru),가다 (gada) / 떠나다 (tteonada),"irse, despedirse","pergi, mengucapkan selamat tinggal",2
2-1,12.    ,班次,bāncì ,N,"number of scheduled runs (of trains, flights, boats, buses)","số chuyến (tàu, xe, máy bay)",เที่ยว (thiao) / รอบ (rop),အကြိမ်အရေအတွက် (a kyan a yay a twet),便数 (binsū) / 運行回数 (unkō kaisū),운행 횟수 (unhaeng hoetsu) / 편수 (pyeonsu),"número de recorridos programados (de trenes, vuelos, barcos, autobuses)","jumlah jadwal perjalanan (kereta api, penerbangan, kapal, bus)",2
2-1,13.    ,禮拜,lǐbài ,N,week,tuần,สัปดาห์ (sappada) / อาทิตย์ (athit),အပတ် (a put),週 (shū),주 (ju),semana,pekan,2
2-1,14.    ,見,jiàn ,V,to see,gặp,พบ (phop) / เจอ (joe),တွေ့သည် (tway thi),会う (au) / 見る (miru),보다 (boda) / 만나다 (mannada),ver,melihat,2
2-1,15.    ,電腦展,diànnǎo zhǎn,,computer show,triển lãm máy tính,งานแสดงคอมพิวเตอร์ (ngan sadaeng khomphiutoae),ကွန်ပျူတာပြပွဲ (kawn pyu tar pyo pwe),コンピューター展 (konpyūtā ten),컴퓨터 전시회 (keompyuteo jeonsihoe),espectáculo de computadora,pertunjukan komputer,2
2-1,16.    ,世貿展覽館,Shìmào Zhǎnlǎn Guǎn,,World Trade Center Exhibition Hall,Hội trường Triển lãm Trung tâm Thương mại Thế giới,ศูนย์นิทรรศการเวิลด์เทรดเซ็นเตอร์ (Sun Nithatsakan Weltred Center),ကမ္ဘာ့ကုန်သွယ်ရေးဗဟိုဌာနပြခန်း (ka ba. kone thwe yay ba ho ta nan pyi khan),世界貿易センター展示ホール (Sekai Bōeki Sentā Tenji Hōru),세계무역센터 전시관 (segyemuyeok center jeonsigwan),Sala de exposiciones del World Trade Center,Aula Pameran Pusat Perdagangan Dunia,2
2-1,17.    ,展覽館,zhǎnlǎn guǎn,,exhibition hall,hội trường triển lãm,ศูนย์นิทรรศการ (sun nithatsakan) / ฮอลล์จัดแสดง (hon chat sadaeng),ပြခန်း (pyar khan),展示ホール (tenji hōru) / 展示場 (tenjijō),전시관 (jeonsigwan),sala de exposiciones,ruang pameran,2
2-1,18.    ,台北101,Táiběi 101,,"Taipei 101, the tallest building in Taiwan. It was also the tallest building in the world from 2004 to 2010.","Taipei 101, tòa nhà cao nhất Đài Loan (2004-2010)",ไทเป 101 (Taipei 101),ထိုင်ပေ ၁၀၁ (Taitai 101),台北101 (Taipei 101) (Japanese reading),타이베이 101 (taibei 101),"Taipei 101, el edificio más alto de Taiwán. También fue el edificio más alto del mundo entre 2004 y 2010.","Taipei 101, gedung tertinggi di Taiwan. Itu juga merupakan gedung tertinggi di dunia dari tahun 2004 hingga 2010.",2
2-1,19.    ,台北,Táiběi ,,Taipei,Đài Bắc,ไทเป (Taipei),ထိုင်ပေ (Taitai),台北 (Taipei) (Japanese reading),타이베이 (taibei),Taipéi,Taipei,2
2-1,20.    ,2號線,èr hào xiàn,,Line 2 (of the Taipei MRT),Tuyến số 2 (MRT Đài Bắc),สาย 2 (sai song) (Thai),လိုင်း ၂ (line 2),2号線 (ni-gō-sen),2호선 (i hoseon),Línea 2 (del MRT de Taipei),Jalur 2 (MRT Taipei),2
2-1,21.    ,別急,bié jí,,No need to hurry. Take your time.,Đừng vội. Cứ từ từ.,ไม่ต้องรีบ (mai tong rip),မမြန်ပါနဲ့ (ma mman par ne) / စိတ်မလိုဘူး (sate ma lo bu),急がないで (isoganaide) / ゆっくりして (yukkuri shite),서두르지 마 (seodureuji ma),No hay necesidad de apresurarse. Tome su tiempo.,Tidak perlu terburu-buru. Tidak usah buru-buru.,2
2-2,1.       ,飛機,fēijī ,N,airplane,máy bay,เครื่องบิน (khrueang bin),လေယာဉ်ပျံ (lay yin pyan),飛行機 (hikōki),비행기 (bihaenggi),avión,pesawat terbang,2
2-2,2.       ,轉機,zhuǎn jī ,V-sep,to transfer (flights),chuyển máy bay,ต่อเครื่อง (to khrueang),လေယာဉ်ပြောင်း (lay yin pyout:),乗り継ぐ (noritsugu) / トランジット (toranjitto),환승하다 (hwonseunghada) / 갈아타다 (garatada),transferir (vuelos),mentransfer (penerbangan),2
2-2,3.       ,機場,jīchǎng ,N,airport,sân bay,สนามบิน (sanam bin),လေဆိပ် (lay ate),空港 (kūkō),공항 (gonghang),aeropuerto,bandara,2
2-2,4.       ,巴士,bāshì ,N,bus,xe buýt,รถบัส (rot bat),ဘတ်စ်ကား (but ka:),バス (basu),버스 (beoseu),autobús,bis,2
2-2,5.       ,市區,shìqū ,N,downtown,trung tâm thành phố,ใจกลางเมือง (jai klang mueang) / ย่านธุรกิจ (yan thurakit),မြို့လယ် (myo lel),市内 (shinai) / ダウンタウン (dauntaun),시내 (sinae),centro,pusat kota,2
2-2,6.       ,下,xià ,V,"to get off, alight, disembark",xuống (xe),ลง (long),ဆင်းသည် (hsin thi) / ဆင်း (hsin),降りる (oriru),내리다 (naerida),"bajar, descender, desembarcar","turun, turun, turun",2
2-2,7.       ,交通,jiāotōng ,N,transportation,giao thông,การจราจร (kan trachon) / การคมนาคม (kan khamanakhom),လမ်းပန်းဆက်သွယ်ရေး (lan pan set thwe yay),交通 (kōtsū),교통 (gyotong),transporte,angkutan,2
2-2,8.       ,便利,biànlì ,Vs,"convenient, handy","thuận tiện, tiện lợi",สะดวก (saduak),အဆင်ပြေသည် (a hsin pyay thi),便利な (benri na),편리하다 (pyeollihada),"conveniente, práctico","nyaman, praktis",2
2-2,9.       ,到處,dàochù ,Adv,everywhere,khắp nơi,ทุกที่ (thuk thi) / ทั่วไป (thua pai),နေရာတိုင်း (nayar tine:),至る所 (itaru tokoro) / あちこち (achikochi),어디나 (eodina) / 도처에 (docheoe),en todos lados,di mana pun,2
2-2,10.    ,路線,lùxiàn ,N,route,tuyến đường,เส้นทาง (sen thang),လမ်းကြောင်း (lan kyout:),路線 (rosen) / ルート (rūto),노선 (noseon),ruta,rute,2
2-2,11.    ,複雜,fùzá ,Vs,complicated,phức tạp,ซับซ้อน (sap son),ရှုပ်ထွေးသည် (shote htway thi),複雑な (fukuzatsu na),복잡하다 (bokjaphada),complicado,rumit,2
2-2,12.    ,輕鬆,qīngsōng ,Vs,with ease,"nhẹ nhàng, thoải mái",สบาย (sabai) / ง่าย (ngai),ပေါ့ပေါ့ပါးပါး (paw paw pa pa) / လွယ်ကူတယ် (lwe ku de),気軽な (kigaru na) / 楽な (raku na),편안하다 (pyeonanhada) / 가볍다 (gabyeopda),con facilidad,dengan mudah,2
2-2,13.    ,東部,dōngbù ,N,eastern part,miền đông,ภาคตะวันออก (phak tawan ok),အရှေ့ပိုင်း (a shay pine),東部 (tōbu),동부 (dongbu),parte oriental,bagian timur,2
2-2,14.    ,海邊,hǎibiān ,N,seaside,bờ biển,ชายทะเล (chai thale) / ชายหาด (chai hat),ပင်လယ်ကမ်းစပ် (pin lel kan sut),海辺 (umibe) / 海岸 (kaigan),해변 (haebyeon),playa,tepi laut,2
2-2,15.    ,島,dǎo ,N,island,đảo,เกาะ (ko),ကျွန်း (kyun),島 (shima),섬 (seom),isla,pulau,2
2-2,16.    ,搭,dā ,V,"to take (bus, boat, plane, taxi, etc.)","đi (xe buýt, thuyền, máy bay, taxi, v.v.)",โดยสาร (doisan) / ขึ้น (khuen) (vehicle),စီးသည် (si thi) (ယာဉ်),乗る (noru) (vehicle),타다 (tada),"tomar (autobús, barco, avión, taxi, etc.)","naik (bus, perahu, pesawat, taksi, dll.)",2
2-2,17.    ,船,chuán ,N,"boat, ship","thuyền, tàu",เรือ (ruea),သင်္ဘော (thin baw:),船 (fune),배 (bae),"barco, barco","perahu, kapal",2
2-2,18.    ,地,de,Ptc,adverbial particle,trợ từ trạng ngữ,อย่าง (yang) / 地 (di) (Chinese particle),စွာ (swa) (adverbial particle),〜に (ni) (adverbial particle),~게 (~ge) (adverbial particle),partícula adverbial,partikel keterangan,2
2-2,19.    ,美美,Měiměi,,"Meimei, name of a girl",Mỹ Mỹ (tên một bé gái),เหม่ยเหม่ย (Meimei) (name),မေမေ (May May) (name),美美 (Meimei) (Japanese reading),메이메이 (Meimei),"Meimei, nombre de niña","Meimei, nama perempuan",2
2-2,20.    ,法國,Fǎguó ,,France,Pháp,ฝรั่งเศส (Farangset),ပြင်သစ် (pyin thit),フランス (Furansu),프랑스 (peurangseu),Francia,Perancis,2
2-2,21.    ,歐洲,ōuzhōu ,,Europe,Châu Âu,ยุโรป (Yurop),ဥရောပ (urawp),ヨーロッパ (Yōroppa),유럽 (yureop),Europa,Eropa,2
2-2,22.    ,悠遊卡,yōuyóukǎ ,,EasyCard (MRT pass),Thẻ EasyCard (thẻ MRT),บัตร EasyCard (bat EasyCard) / บัตรยูโหยวการ์ด,EasyCard ကတ် (EasyCard kat),悠遊卡 (Yūyōka) (Japanese reading),유유카 (yuyuka),EasyCard (pase MRT),EasyCard (tiket MRT),2
2-2,23.    ,綠島,Lǜdǎo ,,"Green Island, to the southeast of the main island",Đảo Lục (Green Island),เกาะหลี่ว์เต่า (Ko Lvdao),လျူးကျွန်း (Lyu kyun),緑島 (Ryokutō) / グリーンアイランド (Gurīn Airando),녹도 (Nokdo),"Isla Verde, al sureste de la isla principal","Pulau Hijau, di sebelah tenggara pulau utama",2
2-2,24.    ,東南邊,dōngnán biān ,,the southeast side of,phía đông nam,ด้านตะวันออกเฉียงใต้ (dan tawan ok chiang tai),အရှေ့တောင်ဘက် (a shay taung bhet),南東側 (nantōgawa),동남쪽 (dongnamjjok),el lado sureste de,sisi tenggara,2
2-2,25.    ,好好地,hǎohǎo de ,,to do something properly,làm gì đó một cách đàng hoàng,อย่างดี (yang di) / เรียบร้อย (riap roi),ကောင်းကောင်း (kaung: kaung:),ちゃんと (chanto) / きちんと (kichinto),잘 (jal) / 제대로 (jedaero),hacer algo correctamente,melakukan sesuatu dengan benar,2
3-1,1.    ,進步,jìnbù ,Vp,"to make improvement, to progress",tiến bộ,ก้าวหน้า (kao na),တိုးတက်သည် (toe te thi),進歩する (shinpo suru),진보하다 (jinbohada) / 발전하다 (baljeonhada),"mejorar, progresar","melakukan perbaikan, maju",2
3-1,2.    ,早,zǎo ,Vs,early,sớm,แต่เช้า (tae chao) / ก่อนเวลา (kon wela),စောသည် (saw thi),早い (hayai),이른 (ireun) / 빠른 (ppareun),temprano,lebih awal,2
3-1,3.    ,考試,kǎoshì ,N,"a test, examination","bài kiểm tra, kỳ thi",การสอบ (kan sop) / สอบ (sop),စာမေးပွဲ (sa may pwe),試験 (shiken),시험 (siheom),"una prueba, examen","ujian, ujian",2
3-1,4.    ,準備,zhǔnbèi ,V,"to prepare, to get ready",chuẩn bị,เตรียม (triam),ပြင်ဆင်သည် (pyin hsin thi),準備する (junbi suru),준비하다 (junbihada),"prepararse, alistarse","mempersiapkan, bersiap-siap",2
3-1,5.    ,考,kǎo,V,to take a test,thi,สอบ (sop),စာမေးပွဲဖြေသည် (sa may pwe fpay thi),試験を受ける (shiken o ukeru),시험 보다 (siheom boda),hacer una prueba,mengikuti tes,2
3-1,6.    ,聽寫,tīngxiě ,N,dictation,chính tả,การเขียนตามคำบอก (kan khian tam kham bok) / ดิกเทชัน,နားထောင်ရေးသားခြင်း (nar htaung yay tha chin) / အာဏာရှင် (arna shin),書き取り (kakitori) / ディクテーション (dikutēshon),받아쓰기 (badasseugi),dictado,dikte,2
3-1,7.    ,容易,róngyì ,Vs,easy,dễ dàng,ง่าย (ngai),လွယ်သည် (lwe thi),簡単な (kantan na) / 容易な (yōi na),쉽다 (swipda),fácil,mudah,2
3-1,8.    ,小學,xiǎoxué ,N,elementary school,trường tiểu học,โรงเรียนประถม (rongrian prathom),မူလတန်းကျောင်း (mu la tan kyaung:),小学校 (shōgakkō),초등학교 (chodeung hakkyo),escuela primaria,sekolah dasar,2
3-1,9.    ,漢字,hànzì ,N,Chinese characters,chữ Hán,ตัวอักษรจีน (tua akson chin) / อักษรจีน (akson chin),တရုတ်စာလုံး (ta yote sa lone),漢字 (kanji),한자 (hanja),caracteres chinos,karakter Cina,2
3-1,10.  ,高中,gāozhōng ,N,senior high school,trường trung học phổ thông,โรงเรียนมัธยมปลาย (rongrian matthayom plai),အထက်တန်းကျောင်း (a htek tan kyaung:),高等学校 (kōtōgakkō) / 高校 (kōkō),고등학교 (godeung hakkyo),escuela secundaria superior,sekolah menengah atas,2
3-1,11.  ,過,guò,Ptc,a particle indicating experience,trợ từ chỉ kinh nghiệm,เคย (khoei) (indicates experience),ဖူး (hpu:) (indicates experience),〜たことがある (ta koto ga aru) (indicates experience),~적이 있다 (~jeogi itda) (indicates experience),una partícula que indica experiencia,sebuah partikel yang menunjukkan pengalaman,2
3-1,12.  ,才,cái ,Adv,"just, only","mới, chỉ",จึง (chueng) / เพิ่ง (phoeng),မှ (hma) / မှသာလျှင် (hma tha shin),〜て初めて (te hajimete) / やっと (yatto),겨우 (gyeou) / 비로소 (biroso),"solo, solo",hanya saja,2
3-1,13.  ,說話,shuōhuà,V-sep,to speak,nói chuyện,พูด (phut),စကားပြောသည် (za ga pyaw thi),話す (hanasu),말하다 (malhada),hablar,berbicara,2
3-1,14.  ,不夠,bú gòu ,Adv,"not quite, not…enough",không đủ,ไม่พอ (mai pho) / ไม่ค่อย (mai khoi),မလုံလောက် (ma lone lout),十分でない (jūbun de nai) / 足りない (tarinai),충분하지 않다 (chungbunhaji anta) / 부족하다 (bujokhada),"no del todo, no... suficiente","tidak cukup, tidak… cukup",2
3-1,15.  ,流利,liúlì ,Vs,fluent,trôi chảy,คล่อง (khlong) / คล่องแคล่ว (khlong khlaew),ချောမွေ့သည် (chyaw mway thi) / ကျွမ်းကျင်သည် (kyun kyin thi),流暢な (ryūchō na),유창하다 (yuchanghada),fluido,fasih,2
3-1,16.  ,雖然,suīrán ,Conj,although,mặc dù,ถึงแม้ว่า (thueng mae wa) / แม้ว่า (mae wa),သော်လည်း (thaw lel:) / သို့ပေမယ့် (tho pay may),〜だけど (dakedo) / 〜にもかかわらず (nimo kakawarazu),비록 ~일지라도 (birok ~iljirado) / ~지만 (~jiman),a pesar de,meskipun,2
3-1,17.  ,環境,huánjìng ,N,"environment, surroundings","môi trường, xung quanh",สิ่งแวดล้อม (sing waetlom),ပတ်ဝန်းကျင် (put wun kyin),環境 (kankyō),환경 (hwangyeong),"medio ambiente, entorno","lingkungan, lingkungan sekitar",2
3-1,18.  ,同意,tóngyì ,Vst,to agree with,đồng ý với,เห็นด้วย (hen duai),သဘောတူသည် (tha baw: tu thi),同意する (dōi suru) / 賛成する (sansei suru),동의하다 (donguihada),estar de acuerdo con,setuju dengan,2
3-1,19.  ,報紙,bàozhǐ ,N,newspapers,báo,หนังสือพิมพ์ (nangsue phim),သတင်းစာ (tha tin: sa),新聞 (shinbun),신문 (sinmun),periódicos,surat kabar,2
3-1,20.  ,麵包,miànbāo ,N,bread,bánh mì,ขนมปัง (khanom pang),ပေါင်မုန့် (paung mone),パン (pan),빵 (ppang),pan,roti,2
3-1,21.  ,演講,yǎnjiǎng ,N,"a speech, a public lecture","bài diễn văn, bài thuyết trình",การบรรยาย (kan ban yai) / สุนทรพจน์ (sunthon phot),ဟောပြောချက် (haw pyaw chet),講演 (kōen) / スピーチ (supīchi),강연 (gangyeon) / 연설 (yeonseol),"un discurso, una conferencia pública","pidato, kuliah umum",2
3-1,22.  ,噢,òu,Ptc,Oh,Ồ,โอ๊ะ (o) / อ๋อ (o),အိုး (oe:),あっ (a) / おお (ō),아 (a) / 오 (o),Oh,Oh,2
3-1,23.  ,活動中心,huódòng zhōngxīn ,,activity center,trung tâm hoạt động,ศูนย์กิจกรรม (sun kitjakam),လုပ်ဆောင်မှုဗဟိုဌာန (lote hsaung hmu ba ho ta nan),活動センター (katsudō sentā),활동 센터 (hwaldong center),centro de actividades,pusat kegiatan,2
3-1,24.  ,想起來,xiǎng qǐlái ,,to have remembered,nhớ ra,นึกออก (nuek ok) / จำได้ (jam dai),သတိရလာသည် (tha ti ya la thi),思い出す (omoidasu),생각나다 (saenggangnada),haber recordado,diingat,2
3-2,1.       ,選,xuǎn ,V,to select,chọn,เลือก (lueak),ရွေးချယ်သည် (yway chè thi),選ぶ (erabu),고르다 (goreuda) / 선택하다 (seontaekhada),seleccionar,memilih,2
3-2,2.       ,作業,zuòyè ,N,"homework, assignment",bài tập về nhà,การบ้าน (kan ban),အိမ်စာ (ane sa),宿題 (shukudai),숙제 (sukje),"tarea, tarea","pekerjaan rumah, tugas",2
3-2,3.       ,練習,liànxí ,V,to practice,luyện tập,ฝึกฝน (fuek fon) / ฝึกซ้อม (fuek som),လေ့ကျင့်သည် (lay kyin thi),練習する (renshū suru),연습하다 (yeonseupada),practicar,berlatih,2
3-2,4.       ,半夜,bànyè ,N,"middle of the night, late at night",nửa đêm,กลางคืน (klang khuen) / เที่ยงคืน (thiang khuen),သန်းခေါင် (than: khaung),真夜中 (mayonaka),한밤중 (hanbamjung) / 밤중 (bamjung),"media noche, tarde en la noche","tengah malam, larut malam",2
3-2,5.       ,高興,gāoxìng ,Vs,"glad, pleased","vui mừng, hài lòng",ดีใจ (di jai) / มีความสุข (mi khwam suk),ဝမ်းသာသည် (wun: tha thi),嬉しい (ureshii) / 喜んでいる (yorokonde iru),기쁘다 (gippeuda) / 즐겁다 (jeulgeopda),"contento, contento","senang, senang",2
3-2,6.       ,平常,píngcháng ,Adv,usually,thường thường,ปกติ (poka ti) / โดยปกติ (doi pokati),သာမာန်အားဖြင့် (tha man a: hpyin) / ပုံမှန် (pone hman),普段 (fudan) / 通常 (tsūjō),보통 (botong) / 평소 (pyeongso),generalmente,biasanya,2
3-2,7.       ,爬山,páshān ,V-sep,to go hiking,"đi bộ đường dài, leo núi",ปีนเขา (pin khao),တောင်တက်သည် (taung te thi),山登りをする (yamanobori o suru) / ハイキングする (haikingu suru),등산하다 (deungsanhada),ir de excursión,pergi mendaki,2
3-2,8.       ,認識,rènshì  ,Vpt,to get to know someone,làm quen với ai đó,รู้จัก (ruchak),သိသည် (si thi) / သိကျွမ်းသည် (si kyun thi),知り合う (shiriau) / 知る (shiru),알게 되다 (alge doeda) / 인식하다 (insikhada),conocer a alguien,mengenal seseorang,2
3-2,9.       ,聊天,liáotiān ,V-sep,to have a chat,tán gẫu,คุย (khui) / สนทนา (sonthana),စကားပြော (za ga pyaw) / စကားစမြည်ပြော (za ga sa myi pyaw),おしゃべりする (oshaberi suru) / 雑談する (zatsudan suru),잡담하다 (japdamhada) / 이야기하다 (iyagihada),tener una charla,ngobrol,2
3-2,10.    ,文化,wénhuà ,N,culture,văn hóa,วัฒนธรรม (watthanatham),ယဉ်ကျေးမှု (yin kyay hmu),文化 (bunka),문화 (munhwa),cultura,budaya,2
3-2,11.    ,廣告,guǎnggào ,N,"advertisement, commercial",quảng cáo,โฆษณา (kotsana),ကြော်ငြာ (kyaw ngyar),広告 (kōkoku),광고 (gwanggo),"publicidad, comercial","iklan, komersial",2
3-2,12.    ,位,wèi ,M,Measure word for people (polite form),lượng từ cho người (lịch sự),ท่าน (than) (polite classifier for people),ပါး (pa:) / ဦး (u:) (polite classifiers for people),〜の方 (no kata) (polite classifier),분 (bun) (polite classifier),Medir palabra para personas (forma educada),Mengukur kata untuk orang (bentuk sopan),2
3-2,13.    ,了解,liǎojiě ,Vst,to understand,hiểu,เข้าใจ (khao jai) / ทราบ (sap) (polite),နားလည်သည် (nar le thi),理解する (rikai suru),이해하다 (ihaehada),entender,memahami,2
3-2,14.    ,生活,shēnghuó,N,life,cuộc sống,ชีวิต (chiwit),ဘဝ (ba wa),生活 (seikatsu),생활 (saenghwal),vida,kehidupan,2
3-2,15.    ,陽明山,Yángmíng Shān ,,Yangming Mountain,Núi Dương Minh,เขาหยางหมิง (Khao Yangming),ယန်မင်တောင် (Yan min taung),陽明山 (Yōmeizan),양명산 (Yangmyeongsan),Montaña Yangming,Gunung Yangming,2
3-2,16.    ,外國人,wàiguó rén ,,foreigner,người nước ngoài,ชาวต่างชาติ (chao tang chat),နိုင်ငံခြားသား (nine gan cha: tha:),外国人 (gaikokujin),외국인 (oegugin),extranjero,orang asing,2
3-2,17.    ,一些,yìxiē ,,"a little bit of, some, a fair amount of","một chút, một ít, một lượng kha khá",บางส่วน (bang suan) / เล็กน้อย (lek noi) / จำนวนหนึ่ง (chamnan nueng),အချို့ (a cho) / တစ်ချို့ (ta cho),いくつか (ikutsuka) / 多少 (tashō),일부 (ilbu) / 약간 (yakgan),"un poco de, algo, una buena cantidad de","sedikit, beberapa, cukup banyak",2
4-1,1.       ,高美玲,Gāo Měilíng ,,"Gao Meiling, a woman from France",Cao Mỹ Linh (một phụ nữ từ Pháp),เกา เหม่ยหลิง (Kao Meiling) (name),ဂါဝမေလင် (Gar May Lin) (name),高美玲 (Gao Meiling) (Japanese reading),가오메이링 (Gaomeiring),"Gao Meiling, una mujer de Francia","Gao Meiling, seorang wanita asal Perancis",2
4-1,2.       ,打工,dǎgōng  ,V-sep,to work part-time,làm việc bán thời gian,ทำงานพาร์ทไทม์ (tham ngan phat thai) / ทำงานพิเศษ (tham ngan phiset),အချိန်ပိုင်းအလုပ်လုပ်သည် (a chine pine a lote lote thi),アルバイトする (arubaito suru) / パートタイムで働く (pātataimu de hataraku),아르바이트하다 (areubaiteu hada) / 알바하다 (alba hada),trabajar a tiempo parcial,bekerja paruh waktu,2
4-1,3.       ,主任,zhǔrèn ,N,director,giám đốc,หัวหน้า (hua na) / ผู้อำนวยการ (phu amnuai kan),ဌာနမှူး (htana hmu:) / ညွှန်ကြားရေးမှူး (nyun kya: yay hmu:),主任 (shunin) / 部長 (buchō),주임 (juim) / 실장 (siljang),director,direktur,2
4-1,4.       ,介紹,jièshào ,V,to introduce,giới thiệu,แนะนำ (naenam),မိတ်ဆက်သည် (meik hset thi),紹介する (shōkai suru),소개하다 (sogaehada),presentar,memperkenalkan,2
4-1,5.       ,歲,suì ,M,years of age,tuổi,ปี (pi) (age),နှစ် (hnit),歳 (sai) / 年 (nen),살 (sal),años de edad,usia bertahun-tahun,2
4-1,6.       ,語言學,yǔyánxué ,N,linguistics,ngôn ngữ học,ภาษาศาสตร์ (phasa sat),ဘာသာဗေဒ (bhasa pay da),言語学 (gengogaku),언어학 (eoneohak),lingüística,ilmu bahasa,2
4-1,7.       ,經驗,jīngyàn ,N,experience,kinh nghiệm,ประสบการณ์ (prasopkan),အတွေ့အကြုံ (a tway a chon),経験 (keiken),경험 (gyeongheom),experiencia,pengalaman,2
4-1,8.       ,談,tán,V,"to talk over, to talk about , to discuss","nói chuyện, thảo luận",พูดคุย (phut khui) / สนทนา (sonthana) / ปรึกษา (pruksa),ဆွေးနွေးသည် (sway nay thi),話し合う (hanashiau) / 討論する (tōron suru),이야기하다 (iyagihada) / 논의하다 (nonuihada),"hablar sobre, hablar de, discutir","membicarakan, membicarakan, berdiskusi",2
4-1,9.       ,當,dāng ,V,to serve as,"làm, phục vụ như là",เป็น (pen) / ทำหน้าที่ (tham nathi),အဖြစ်ဆောင်ရွက်သည် (a phyit sount ywet thi),〜になる (ni naru) / 〜として働く (toshite hataraku),~이 되다 (~i doeda) / ~로 일하다 (~ro ilhada),servir como,melayani sebagai,2
4-1,10.    ,助教,zhùjiào ,N,teaching assistant,trợ giảng,ผู้ช่วยสอน (phu chuay son) / TA (TA),နည်းပြလက်ထောက် (nay: pya let htout),ティーチング・アシスタント (tīchingu ashisutanto) / TA (TA),조교 (jogyo) / TA (ti ei),asistente de enseñanza,asisten pengajar,2
4-1,11.    ,上午,shàngwǔ ,N,morning,buổi sáng (trước 12h),เช้า (chao) / ก่อนเที่ยง (kon thiang),နံနက်ခင်း (nan net khin) / မနက် (ma net),午前 (gozen),오전 (ojeon),mañana,Pagi,2
4-1,12.    ,除了,chúle ,Prep,"except for, other than",ngoại trừ,ยกเว้น (yok wen) / นอกจาก (nok chak),ကလွဲလို့ (ka lwel lo) / မှတစ်ပါး (hma ta pa:),〜を除いて (o nozoite) / 〜以外は (igai wa),~을 제외하고 (~eul jeoehago),"excepto, aparte de","kecuali, selain",2
4-1,13.    ,年級,niánjí,N,grade (year in school),khối lớp (năm học),ชั้นปี (chan pi) / เกรด (kred),အတန်း (a tan),学年 (gakunen),학년 (hangnyeon),grado (año en la escuela),kelas (tahun di sekolah),2
4-1,14.    ,暑假,shǔjià ,N,summer vacation,kỳ nghỉ hè,ปิดเทอมฤดูร้อน (pit thoem rudu ron) / วันหยุดฤดูร้อน (wan yut rudu ron),နွေရာသီအားလပ်ရက် (nway yar thee alut yet),夏休み (natsuyasumi),여름방학 (yeoreum banghak),vacaciones de verano,liburan musim panas,2
4-1,15.    ,請教,qǐngjiào ,V,"to ask, to inquire (polite form)","hỏi, thỉnh giáo (lịch sự)",ขอคำแนะนำ (kho kham naenam) / ขอเรียนถาม (kho rian tham),ကျေးဇူးပြု၍မေးမြန်းသည် (kya yuu pyu yway may mmyan thi),教えを請う (oshie o kou) / 伺う (ukagau),가르침을 청하다 (gareuchimeul cheonghada) / 여쭙다 (yeojjupda),"preguntar, indagar (forma educada)","bertanya, bertanya (bentuk sopan)",2
4-1,16.    ,貴,guì ,Vs-attr,your (honorable),quý (kính ngữ),ของท่าน (khong than) / ของคุณ (khong khun) (honorable),ရှင် (shin) / မင်း (min) (honorable your),貴〜 (tou) / お〜 (o-) (honorific prefix),귀하의 (gwihaui) / 댁의 (daegui),su (honorable),Anda (yang terhormat),2
4-1,17.    ,薪水,xīnshuǐ ,N,pay,lương,เงินเดือน (ngoen duean),လစာ (la za),給料 (kyūryō) / サラリー (sararī),월급 (wolgeup) / 급여 (geubyeo),pagar,membayar,2
4-1,18.    ,算,suàn ,V,to calculate,tính toán,คำนวณ (khamnuan),တွက်သည် (twe thi),計算する (keisan suru),계산하다 (gyesanhada),calcular,menghitung,2
4-1,19.    ,按照,ànzhào ,Prep,"based on, in accordance with","dựa trên, theo như",ตาม (tam) / ตามที่ (tam thi),အရ (a ya) / အတိုင်း (a tine:),〜に従って (ni shitagatte) / 〜に基づいて (ni motozuite),~에 따라 (~e ttara),"basado en, de acuerdo con","berdasarkan, sesuai dengan",2
4-1,20.    ,教授,jiàoshòu ,N,professor,giáo sư,ศาสตราจารย์ (sat tra chan),ပါမောက္ခ (pa mouk kha),教授 (kyōju),교수 (gyosu),profesor,profesor,2
4-1,21.    ,鐘點費,zhōngdiǎn fèi ,N,hourly pay,tiền lương theo giờ,ค่าแรงรายชั่วโมง (kharaeng rai chua mong) / ค่าสอน (kha son),တစ်နာရီလစာ (ta nari la za),時間給 (jikan kyū),시급 (sigeup),pago por hora,gaji per jam,2
4-1,22.    ,份,fèn ,M,measure word for job,lượng từ cho công việc,งาน (ngan) (classifier for job) / ตำแหน่ง (tamnaeng),ခု (khu) (classifier for job),〜の仕事 (no shigoto) (classifier),개 (gae) / 자리 (jari),medir palabra para trabajo,mengukur kata untuk pekerjaan,2
4-1,23.    ,法文,Fǎwén ,,French language,tiếng Pháp,ภาษาฝรั่งเศส (phasa Farangset),ပြင်သစ်ဘာသာ (pyin thit bhasa),フランス語 (Furansu-go),프랑스어 (peurangseu-eo),idioma francés,bahasa Perancis,2
4-1,24.    ,亞洲,Yàzhōu ,,Asia,Châu Á,เอเชีย (Yotchia),အာရှ (Ahsha),アジア (Ajia),아시아 (asia),Asia,Asia,2
4-1,25.    ,西班牙語,Xībānyá yǔ ,,Spanish language,tiếng Tây Ban Nha,ภาษาสเปน (phasa Sapan),စပိန်ဘာသာ (sa pain bhasa),スペイン語 (Supein-go),스페인어 (seupein-eo),idioma español,bahasa Spanyol,2
4-1,26.    ,英文,Yīngwén ,,English language,tiếng Anh,ภาษาอังกฤษ (phasa Angkrit),အင်္ဂလိပ်ဘာသာ (in ga laik bhasa),英語 (Eigo),영어 (yeong-eo),idioma inglés,bahasa Inggris,2
4-1,27.    ,三年級,sān niánjí,,grade three (school or university),năm thứ ba (đại học),ชั้นปีที่ 3 (chan pi thi sam),တတိယတန်း (ta ti ya tan),三年生 (sannensei),3학년 (sam hangnyeon),tercer grado (escuela o universidad),kelas tiga (sekolah atau universitas),2
4-2,1.       ,法律,fǎlǜ ,N,law,luật pháp,กฎหมาย (kotmai),ဥပဒေ (u pa day),法律 (hōritsu),법률 (beomnyul),ley,hukum,2
4-2,2.       ,夠,gòu ,Vs-pred,enough,đủ,พอ (pho) / เพียงพอ (phiang pho),လုံလောက်သည် (lone lout thi),十分な (jūbun na) / 足りる (tariru),충분하다 (chungbunhada),suficiente,cukup,2
4-2,3.       ,履歷表,lǚlìbiǎo ,N,resume,sơ yếu lý lịch,ประวัติย่อ (prawat yo) / เรซูเม (resume),ကိုယ်ရေးရာဇဝင် (kobe yay za win),履歴書 (rirekisho),이력서 (iryeokseo),reanudar,melanjutkan,2
4-2,4.       ,面談,miàntán ,"Vi, N","to have an interview, interview","phỏng vấn, cuộc phỏng vấn",สัมภาษณ์ (samphat) / การสัมภาษณ์ (kan samphat),တွေ့ဆုံမေးမြန်းခြင်း (tway sone may mmyan chin) / အင်တာဗျူး (in tar byu:),面接 (mensetsu) / インタビュー (intabyū),면접 (myeonjeop) / 인터뷰 (inteobyu),"tener una entrevista, entrevista","melakukan wawancara, wawancara",2
4-2,5.       ,華僑,Huáqiáo ,N,overseas Chinese,Hoa kiều,ชาวจีนโพ้นทะเล (chao chin phon thale),တရုတ်နိုင်ငံခြားသား (ta yote nine gan cha:),華僑 (kakyō),화교 (hwagyo),chinos de ultramar,Tionghoa perantauan,2
4-2,6.       ,辦公室,bàngōngshì,N,office,văn phòng,สำนักงาน (samnak ngan),ရုံး (yone:),オフィス (ofisu) / 事務所 (jimusho),사무실 (samusil),oficina,kantor,2
4-2,7.       ,談話,tánhuà ,V-sep,to talk,nói chuyện,สนทนา (sonthana) / พูดคุย (phut khui),စကားပြောဆိုသည် (za ga pyaw so thi),談話する (danwa suru) / 話す (hanasu),담화하다 (damhwahada) / 이야기하다 (iyagihada),hablar,berbicara,2
4-2,8.       ,情形,qíngxíng ,N,situation,tình hình,สถานการณ์ (sathanakan) / สภาพ (saphap),အခြေအနေ (a chay a nay),状況 (jōkyō) / 事情 (jijō),상황 (sanghwang) / 형편 (hyeongpyeon),situación,situasi,2
4-2,9.       ,適合,shìhé ,Vst,suitable for,phù hợp với,เหมาะสม (moh som) / เหมาะกับ (mo kap),သင့်တော်သည် (thin daw thi),適する (tekisuru) / 合う (au),적합하다 (jeokaphada) / 맞다 (matda),adecuado para,cocok untuk,2
4-2,10.    ,說明,shuōmíng ,V,to explain,giải thích,อธิบาย (athibai),ရှင်းပြသည် (shin pyi thi),説明する (setsumei suru),설명하다 (seolmyeonghada),explicar,menjelaskan,2
4-2,11.    ,然後,ránhòu ,Adv,"afterwards, and then","sau đó, rồi thì",แล้วก็ (laew ko) / หลังจากนั้น (lang chak nan),ထို့နောက် (hto nout) / ပြီးတော့ (pyi daw),それから (sore kara) / そして (soshite),그런 다음 (geureon daeum) / 그리고 나서 (geurigo naseo),"después, y luego","setelah itu, dan kemudian",2
4-2,12.    ,月底,yuèdǐ,N,the end of a month,cuối tháng,สิ้นเดือน (sin duean),လကုန် (la kone),月末 (getsumatsu),월말 (wolmal),fin de mes,akhir bulan,2
4-2,13.    ,發,fā ,V,to pay (wages),trả (lương),จ่าย (จ่าย) (jai),ထုတ်ပေးသည် (htote pay thi),支払う (shiharau) / 払う (harau),지급하다 (jigeuphada) / 주다 (juda),pagar (salarios),membayar (upah),2
4-2,14.    ,馬上,mǎshàng ,Adv,immediately,ngay lập tức,ทันที (thanthi) / เดี๋ยวนี้ (diao ni),ချက်ချင်း (chet chin),すぐに (sugu ni) / 直ちに (tadachi ni),즉시 (jeuksi) / 곧 (got),inmediatamente,langsung,2
4-2,15.    ,答應,dāyìng ,V,to accept,chấp nhận,ตกลง (toklong) / ยอมรับ (yom rap),လက်ခံသည် (let khan thi),承諾する (shōdaku suru) / 引き受ける (hikiukeru),승낙하다 (seungnakhada) / 수락하다 (surakhada),aceptar,menerima,2
4-2,16.    ,順利,shùnlì ,Vs,"to go, to proceed, smoothly","trôi chảy, suôn sẻ",ราบรื่น (rapruen) / เรียบร้อย (riap roi),အဆင်ပြေချောမွေ့သည် (a hsin pyay chyaw mway thi),順調な (junchō na),순조롭다 (sunjoropda),"ir, proceder, suavemente","pergi, melanjutkan, dengan lancar",2
4-2,17,黃,Huáng ,,"a common Chinese family name, literally “yellow”",họ Hoàng,หวง (Huang) (surname) / สีเหลือง (si lueang) (color),ဟွမ် (Huang) (surname) / အဝါ (a wa) (color),黄 (Kō / Huang) (surname) / 黄色 (kiiro) (color),황 (Hwang) / 노란색 (noransaek) (color),"un apellido chino común, literalmente ""amarillo""","nama keluarga Cina yang umum, secara harfiah berarti “kuning”",2
4-2,18,沒想到,méi xiǎngdào ,,"unexpectedly, didn’t expect",không ngờ tới,ไม่คิดว่า (mai khit wa) / คาดไม่ถึง (khat mai thueng),မထင်မှတ်မိ (ma htint hmat mi),思わなかった (omowanakatta) / 予想外だった (yosōgai datta),생각하지 못했다 (saenggakhaji mothaetda) / 뜻밖이다 (tteutbakida),"inesperadamente, no esperaba","tanpa disangka-sangka, tidak disangka",2
5-1,1.       ,喜酒,xǐjiǔ ,N,"wedding banquet, wedding reception",tiệc cưới,งานเลี้ยงฉลองมงคลสมรส (ngan liang chalong mongkhon somrot) / เลี้ยงดู (liang du),မင်္ဂလာဆောင်ပွဲ (min gla saung pwe),結婚披露宴 (kekkon hirōen) / 婚礼の宴 (konrei no utage),결혼 피로연 (gyeolhon piroyeon) / 혼례연 (horryeyeon),"banquete de boda, recepción de boda","pesta pernikahan, resepsi pernikahan",2
5-1,2.       ,恭喜,gōngxǐ ,V,to congratulate,chúc mừng,แสดงความยินดี (sadaeng khwam yindi) / ขอแสดงความยินดี (kho sadaeng khwam yindi),ဂုဏ်ပြုသည် (gone pyu thi),祝う (iwau) / おめでとうと言う (omedetō to iu),축하하다 (chukahada),felicitar,mengucapkan selamat,2
5-1,3.       ,新娘,xīnniáng ,N,bride,cô dâu,เจ้าสาว (jao sao),သတို့သမီး (tha doe. tha mi:),花嫁 (hanayome),신부 (sinbu),novia,pengantin perempuan,2
5-1,4.       ,參加,cānjiā ,V,to attend,tham dự,เข้าร่วม (khao ruam),တက်ရောက်သည် (te yowt thi),参加する (sanka suru),참가하다 (chamgahada) / 참석하다 (chamseokhada),asistir,menghadiri,2
5-1,5.       ,婚禮,hūnlǐ ,N,wedding ceremony,lễ cưới,พิธีแต่งงาน (phithi taeng ngan) / งานแต่งงาน (ngan taeng ngan),မင်္ဂလာဆောင် (min gla saung),結婚式 (kekkonshiki),결혼식 (gyeolhonsik),ceremonia de boda,upacara pernikahan,2
5-1,6.       ,西裝,xīzhuāng ,N,a (western) suit,vest (phương Tây),สูท (sut) / ชุดสูท (chut sut),ဝတ်စုံ (wut sone) / ဆူးတ် (sut),スーツ (sūtsu),양복 (yangbok) / 정장 (jeongjang),un traje (occidental),setelan (barat),2
5-1,7.       ,正式,zhèngshì ,Vs,formal,trang trọng,เป็นทางการ (pen thang kan) / ทางการ (thang kan),တရားဝင် (ta ya: win),正式な (seishiki na),공식적인 (gongsikjeogin) / 정식 (jeongsik),formal,resmi,2
5-1,8.       ,客人,kèrén ,N,guest,khách,แขก (khaek),ဧည့်သည် (e thi),客 (kyaku) / お客様 (o-kyakusama),손님 (sonnim),invitado,tamu,2
5-1,9.       ,手,shǒu ,N,hand,tay,มือ (mue),လက် (let),手 (te),손 (son),mano,tangan,2
5-1,10.    ,照相機,zhàoxiàngjī ,N,camera,máy ảnh,กล้องถ่ายรูป (klong thai rup) / กล้อง (klong),ကင်မရာ (kin ma ra),カメラ (kamera),카메라 (kamera),cámara,kamera,2
5-1,11.    ,新郎,xīnláng ,N,bridegroom,chú rể,เจ้าบ่าว (jao bao),သတို့သား (tha doe. tha:),花婿 (hanamuko) / 新郎 (shinrō),신랑 (silrang),novio,mempelai,2
5-1,12.    ,站,zhàn ,Vi,to stand,đứng,ยืน (yuen),ရပ်သည် (yu thi),立つ (tatsu),서다 (seoda),estar de pie,berdiri,2
5-1,13.    ,白,bái ,Vs,white,màu trắng,สีขาว (si khao),အဖြူ (a phyu),白い (shiroi),희다 (huida) / 하얀 (hayan),blanco,putih,2
5-1,14.    ,帥,shuài ,Vs,"handsome, good looking (of men)",đẹp trai (nam giới),หล่อ (lo),ချောသည် (chyaw thi) (ယောက်ျား),ハンサムな (hansamu na) / かっこいい (kakkoii),잘생기다 (jalsaenggida),"guapo, bien parecido (de hombres)","tampan, tampan (pria)",2
5-1,15.    ,禮服,lǐfú ,N,formal attire,trang phục dự tiệc,ชุดพิธี (chut phithi) / ชุดราตรี (chut ratri),ရုံးဝတ်စုံ (yone: wut sone) / ဝတ်ရုံ (wut yone),礼服 (reifuku) / フォーマルウェア (fōmaru wea),예복 (yebok) / 정장 (jeongjang),vestimenta formal,pakaian formal,2
5-1,16.    ,座位,zuòwèi ,N,seat,chỗ ngồi,ที่นั่ง (thi nang),ထိုင်ခုံ (htine gone),席 (seki) / 座席 (zaseki),좌석 (jwaseok) / 자리 (jari),asiento,kursi,2
5-1,17,看起來,kàn qǐlái,,"to look, it appears to me...",trông có vẻ,ดูเหมือน (du muean) / มองดู (mong du),ကြည့်ရတယ် (kyi ya de) / ပုံပေါက်သည် (pone pout thi),〜に見える (ni mieru) / 〜と見える (to mieru),~처럼 보이다 (~cheoreom boida),al mirar me parece...,"melihat, menurutku...",2
5-2,1.    ,結婚,jiéhūn ,Vp-sep,to get married to,kết hôn với,แต่งงาน (taeng ngan) / สมรส (somrot),လက်ထပ်သည် (let hte thi),結婚する (kekkon suru),결혼하다 (gyeolhonhada),casarse con,menikah,2
5-2,2.    ,日子,rìzi ,N,day,ngày,วัน (wan),နေ့ (nay),日 (hi) / 日々 (hibi),날 (nal) / 일상 (ilsang),día,hari,2
5-2,3.    ,親戚,qīnqī ,N,relatives,họ hàng,ญาติ (yat) / ญาติพี่น้อง (yat phi nong),ဆွေမျိုး (hswe myo:),親戚 (shinseki),친척 (chincheok),parientes,kerabat,2
5-2,4.    ,熱鬧,rènào ,Vs,"to be boisterous, lively","nhộn nhịp, sôi động",คึกคัก (khuekkhak) / มีชีวิตชีวา (mi chiwit chiwa),စည်ကားသည် (si ka: thi) / ဆူညံသည် (hsu nyan thi),賑やかな (nigiyaka na),번화하다 (beonhwahada) / 북적거리다 (bukjeokgeorida),"ser bullicioso, animado","menjadi riuh, hidup",2
5-2,5.    ,慶祝,qìngzhù ,V,to celebrate,ăn mừng,ฉลอง (chalong),ကျင်းပသည် (kyin: pa thi) / ဆင်နွှဲသည် (hsin hnwe thi),祝う (iwau) / 祝賀する (shukuga suru),축하하다 (chukahada) / 경축하다 (gyeongchukada),celebrar,merayakan,2
5-2,6.    ,件,jiàn ,M,measure word for clothing,lượng từ cho quần áo,ตัว (tua) (classifier for clothing),ထည် (hte),着 (chaku) / 枚 (mai),벌 (beol),medir palabra para ropa,mengukur kata untuk pakaian,2
5-2,7.    ,喜事,xǐshì ,N,"an auspicious occasion, such as a wedding","việc hỷ, dịp vui (như đám cưới)",งานมงคล (ngan mongkhon) / เรื่องน่ายินดี (rueang na yindi),မင်္ဂလာအခမ်းအနား (min gla a khun a na:),喜ばしい出来事 (yorokobashii dekigoto) / 慶事 (keiji),경사 (gyeongsa) / 기쁜 일 (gippeun il),"una ocasión auspiciosa, como una boda","peristiwa yang menguntungkan, seperti pernikahan",2
5-2,8.    ,請客,qǐngkè ,V-sep,"to host a banquet, treat somebody to a meal","thết đãi, đãi tiệc",เลี้ยง (liang),ဧည့်ခံသည် (e khan thi) / ကျွေးမွေးသည် (kyway mway thi),ごちそうする (gochisō suru) / おごる (ogoru),한턱내다 (hanteongnaeda) / 대접하다 (daejeophada),"organizar un banquete, invitar a alguien a una comida","mengadakan jamuan makan, mentraktir seseorang makan",2
5-2,9.    ,紅包,hóngbāo ,N,red envelope with cash gift,phong bì đỏ (có tiền mừng),อั่งเปา (ang pao) / ซองแดง (song daeng),အန်ပေါင်း (an paung:) / လက်ဆောင်ငွေထည့်စာအိတ် (let hsout ngwe hte sa ate),赤包 (akahō) / 祝儀袋 (shūgibukuro),홍바오 (hongbao) / 돈봉투 (donbongtu),sobre rojo con regalo en efectivo,amplop merah dengan hadiah uang tunai,2
5-2,10.  ,送,sòng ,V,"to give a gift,to send off, to see off","tặng quà, tiễn ai đó",ให้ (hai) / มอบให้ (mop hai) / ส่ง (song),ပေးသည် (pay thi) / လက်ဆောင်ပေးသည် (let hsout pay thi) / ပို့သည် (po thi),贈る (okuru) / 送る (okuru),주다 (juda) / 선물하다 (seonmulhada) / 보내다 (bonaeda),"dar un regalo, despedir, despedir","memberikan hadiah, mengirim, melihat off",2
5-2,11.  ,新人,xīnrén ,N,newlyweds (used only at a wedding),cặp đôi mới cưới,คู่บ่าวสาว (khu bao sao),မင်္ဂလာဆောင်မောင်မယ် (min gla saung maung me),新郎新婦 (shinrō shinpu) / 新婚さん (shinkon san),신혼부부 (sinhon bubu) / 새 신랑 신부 (sae sillang sinbu),recién casados ​​(usado solo en una boda),pengantin baru (hanya digunakan di pesta pernikahan),2
5-2,12.  ,喜宴,xǐyàn ,N,"wedding banquet, wedding reception",tiệc cưới,งานเลี้ยงฉลองมงคลสมรส (ngan liang chalong mongkhon somrot),မင်္ဂလာဆောင်ပွဲ (min gla saung pwe),結婚披露宴 (kekkon hirōen),결혼 피로연 (gyeolhon piroyeon) / 혼례연 (horryeyeon),"banquete de boda, recepción de boda","pesta pernikahan, resepsi pernikahan",2
5-2,13.  ,敬酒,jìngjiǔ ,V-sep,to make a toast (alcoholic drinks),nâng cốc chúc mừng (rượu),การดื่มอวยพร (kan dueam uaiphon) / ยกแก้วอวยพร (yok kaeo uaiphon),အောင်သောက် (aung thout) / ဂုဏ်ပြုသောက် (gone pyu thout),乾杯する (kanpai suru),축배를 들다 (chukbaereul deulda) / 건배하다 (geonbaehada),hacer un brindis (bebidas alcohólicas),membuat roti panggang (minuman beralkohol),2
5-2,14.  ,大人,dàrén,N,adult,người lớn,ผู้ใหญ่ (phu yai),လူကြီး (lu kyi:),大人 (otona),어른 (eoreun),adulto,dewasa,2
5-2,15.  ,小孩,xiǎohái ,N,"child, children",trẻ con,เด็ก (dek),ကလေး (kha lay),子供 (kodomo),아이 (ai) / 어린이 (eorini),"niño, niños","anak, anak-anak",2
5-2,16.  ,不得了,bùdéliǎo ,Vs,very; extremely; indicates severity,"rất, cực kỳ",มาก (mak) / อย่างยิ่ง (yang ying) / เหลือเกิน (luea koen),အလွန် (a lun) / အရမ်း (a yan:),とても (totemo) / 大変 (taihen),대단히 (daedanhi) / 엄청나다 (eomcheongnada),muy; extremadamente; indica gravedad,sangat; sangat; menunjukkan tingkat keparahan,2
5-2,17.  ,另外,lìngwài ,Det,another,khác,อีก (ik) / อื่น (uean),အခြား (a char) / နောက်ထပ် (nout htut),別の (betsu no) / もう一つの (mō hitotsu no),다른 (dareun) / 또 다른 (tto dareun),otro,lain,2
5-2,18.  ,糖,táng ,N,candies,kẹo,ลูกอม (luk om) / ขนมหวาน (khanom wan),သကြားလုံး (tha kya: lone),キャンディ (kyandi) / 飴 (ame),사탕 (satang),golosinas,permen,2
5-2,19.  ,離開,líkāi ,Vp,"to depart, to leave",rời đi,จากไป (chak pai) / ออกเดินทาง (ok doen thang),ထွက်ခွာသည် (htwet khwar thi) / စွန့်ခွာသည် (sunt khwar thi),去る (saru) / 離れる (hanareru),떠나다 (tteonada) / 헤어지다 (heeojida),"partir, partir","berangkat, pergi",2
5-2,20.  ,句,jù ,M,measure word for utterances,lượng từ cho câu nói,ประโยค (prayok) / คำพูด (kham phut) (classifier),ခွန်း (khun) / ပုဒ် (poke),文 (bun) / 句 (ku),문장 (munjang) / 마디 (madi),medir palabras para expresiones,mengukur kata untuk ucapan,2
5-2,21.  ,祝福,zhùfú ,V,to give blessings to,"ban phước lành, chúc phúc",อวยพร (uayphon) / ให้ศีรษ์ให้พร (hai sin hai phon),ကောင်းချီးပေးသည် (kaung: chi: pay thi) / ဆုတောင်းပေးသည် (hsu toung: pay thi),祝福する (shukufuku suru) / 幸せを祈る (shiawase o inoru),축복하다 (chukbokhada) / 행복을 빌다 (haengbogeul bilda),darle bendiciones a,memberikan berkah kepada,2
5-2,22.  ,話,huà ,N,"utterance, word",lời nói,คำพูด (kham phut) / ถ้อยคำ (thoi kham),စကား (za ga) / စကားလုံး (za ga lone),話 (hanashi) / 言葉 (kotoba),말 (mal) / 이야기 (iyagi),"enunciado, palabra","ucapan, kata",2
5-2,23.  ,一會兒,yìhuǐr ,,in a moment,một lúc nữa,เดี๋ยว (diao) / อีกสักครู่ (ik sak kru),ခဏ (kha na) / ခဏလေး (kha na lay),すぐに (sugu ni) / しばらく (shibaraku),잠시 (jamsi) / 곧 (got),Un momento,sebentar lagi,2
5-2,24.  ,有說有笑,yǒushuō yǒuxiào ,,laughing and joking,vừa nói vừa cười,พูดคุยหัวเราะ (phut khui hua ro) / สนุกสนาน (sanuk sanan),ပြောလည်းပြော ရယ်လည်းရယ် (pyaw lel pyaw yel lel yel),話したり笑ったりする (hanashitari warattari suru),이야기하고 웃고 떠들다 (iyagihago utgo tteodeulda),riendo y bromeando,tertawa dan bercanda,2
5-2,25.  ,有吃有喝,yǒuchī yǒuhē,,an availability of food and drink,có ăn có uống,มีทั้งของกินและของดื่ม (mi thang khong kin lae khong dueam),စားလည်းစား သောက်လည်းသောက် (sar lel sar thout lel thout),食べ物も飲み物もある (tabemono mo nomimono mo aru),먹을 것도 있고 마실 것도 있다 (meogeul geotdo itgo masil geotdo itda),una disponibilidad de comida y bebida,ketersediaan makanan dan minuman,2
5-2,26.  ,百年好合,bǎinián hǎohé ,,"century-long matrimony, i.e., to have a long happy marriage",trăm năm hạnh phúc,มีความสุขตลอดไป (mi khwam suk talot pai) / ขอให้รักกันตลอดไป (kho hai rak kan talot pai),အိမ်ထောင်ရေးသုခ (aine htaung yay thunkha),末永く幸せに (suenagaku shiawase ni) / 百年の好合 (hyakunen no kōgō),백년해로하다 (baengnyeonhaerohada),"matrimonio centenario, es decir, tener un matrimonio largo y feliz","perkawinan selama satu abad, yaitu memiliki pernikahan yang bahagia dan berumur panjang",2
5-2,27.  ,早生貴子,zǎoshēng guìzǐ,,May you soon bear a child! (a traditional exhortation given to newly-weds),Sớm sinh quý tử!,ขอให้มีลูกเร็ว ๆ (kho hai mi luk reo reo) / ขอให้มีทายาทโดยเร็ว (kho hai mi thayat doi reo),သားယောက်ျားလေး မြန်မြန်ရပါစေ (tha yout kya lay mman mman ya pa zay),早く良い子を授かりますように (Hayaku yoi ko o sazukarimasu yō ni),아들 낳으세요 (adeul naseuseyo) / 귀한 자식 낳으세요 (gwihan jasik naseuseyo),¡Que pronto tengas un hijo! (una exhortación tradicional dada a los recién casados),Semoga kamu segera melahirkan seorang anak! (nasihat tradisional yang diberikan kepada pengantin baru),2
6-1,1.        ,李東健,Lǐ Dōngjiàn,,"Li Dongjian, a man from Seoul",Lý Đông Kiện (một người đàn ông từ Seoul),หลี่ ตงเจี้ยน (Li Dongjian) (name),လီထောင်ကျန် (Li Taungg yan) (name),李東健 (Ri Tōken) (Japanese reading),이동건 (I Donggeon),"Li Dongjian, un hombre de Seúl","Li Dongjian, seorang pria dari Seoul",2
6-1,2.        ,搬,bān,V,to move to,chuyển đến,ย้าย (yai) (ที่อยู่),ပြောင်းသည် (pyoung thi) (နေရာ),引っ越す (hikkosu),이사하다 (isahada),mudarse a,pindah ke,2
6-1,3.        ,河邊,hé biān ,N,riverside,bờ sông,ริมแม่น้ำ (rim mae nam),မြစ်ကမ်း (myit kan:),川辺 (kawabe) / 川岸 (kawagishi),강가 (gangga),orilla,tepi sungai,2
6-1,4.        ,公園,gōngyuán ,N,park,công viên,สวนสาธารณะ (suan satharana),ပန်းခြံ (pan chan),公園 (kōen),공원 (gongwon),parque,taman,2
6-1,5.        ,腳踏車,jiǎotàchē,N,bicycle,xe đạp,จักรยาน (jakkrayan),စက်ဘီး (set bi:),自転車 (jitensha),자전거 (jajeongeo),bicicleta,sepeda,2
6-1,6.        ,正在,zhèngzài,Adv,"right in the middle of, currently engaged in",đang,กำลัง (kamlang) (doing),ကို (go) / နေ (nay) (ongoing action marker),〜しているところだ (shite iru tokoro da),~하고 있다 (~hago itda),"justo en el medio de, actualmente involucrado en","tepat di tengah-tengah, sedang terlibat dalam",2
6-1,7.        ,網站,wǎngzhàn,N,website,trang web,เว็บไซต์ (websai),ဝဘ်ဆိုဒ် (web site),ウェブサイト (webusaito),웹사이트 (websaiteu),sitio web,situs web,2
6-1,8.        ,資料,zīliào,N,information,thông tin,ข้อมูล (khomun) / เอกสาร (eksan),အချက်အလက် (a chet a let) / ဒေတာ (day ta),資料 (shiryō) / データ (dēta),자료 (jaryo) / 데이터 (deiteo),información,informasi,2
6-1,9.        ,搬家,bān jiā,V-sep,to move (home),chuyển nhà,ย้ายบ้าน (yai ban) / ย้ายที่อยู่ (yai thi yu),အိမ်ပြောင်းသည် (ane pyoung thi),引っ越す (hikkosu),이사하다 (isahada),mudarse (a casa),pindah (pulang),2
6-1,10.     ,近,jìn,Vs,"near, close by",gần,ใกล้ (klai),နီးသည် (ni thi),近い (chikai),가깝다 (gakkapda),"cerca, cerca","dekat, dekat",2
6-1,11.     ,合約,héyuē,N,"contract, agreement",hợp đồng,สัญญา (sanya),စာချုပ် (sa gyote),契約 (keiyaku),계약 (gyeyak),"contrato, acuerdo","kontrak, persetujuan",2
6-1,12.     ,到期,dàoqí,Vp,to expire,hết hạn,หมดอายุ (mot ayu),သက်တမ်းကုန်သည် (thet tan: kone thi),期限切れになる (kigen gire ni naru) / 満期になる (manki ni naru),만료되다 (mallyodoeda),expirar,akan kedaluwarsa,2
6-1,13.     ,還好,háihǎo ,Adv,fortunately,may mắn thay,โชคดี (chok di) / ยังดี (yang di),ကံကောင်းစွာ (kan kaung: swa) / ကံကောင်းချင်တော့ (kan kaung: chin taw),幸いにも (saiwai ni mo) / よかった (yokatta),다행히 (dahaenghi) / 운 좋게 (un johge),afortunadamente,untung,2
6-1,14.     ,光線,guāngxiàn,N,natural lighting,ánh sáng tự nhiên,แสงสว่าง (saeng sawang) / แสง (saeng),အလင်းရောင် (a lin: youn) / နေရောင်ခြည် (nay youn gyi),光線 (kōsen) / 明かり (akari),광선 (gwangseon) / 빛 (bit),iluminación natural,pencahayaan alami,2
6-1,15.     ,重要,zhòngyào,Vs,important,quan trọng,สำคัญ (samkhan),အရေးကြီးသည် (a yay: kyi: thi),重要 (jūyō) / 大切 (taisetsu),중요하다 (jung'yohada),importante,penting,2
6-1,16.     ,如果,rúguǒ ,Conj,if,nếu,ถ้า (tha) / หาก (hak),အကယ်၍ (a ke yway) / ရှိရင် (shi yin),もし (moshi) / 〜なら (nara),만약 (manyak) / ~면 (~myeon),si,jika,2
6-1,17.     ,別的,biéde,Det,other,khác,อื่น (uean) / อื่น ๆ (uean uean),အခြား (a char) / တခြား (ta char),他の (hoka no) / 別の (betsu no),다른 (dareun),otro,lainnya,2
6-1,18.     ,合適,héshì,Vs,suitable,phù hợp,เหมาะสม (moh som) / เหมาะ (mo),သင့်တော်သည် (thin daw thi),適切な (tekisetsu na) / 合う (au),적합하다 (jeokaphada) / 알맞다 (almajda),adecuado,sesuai,2
6-1,19.     ,少,shǎo,Vpt,to lack,thiếu,ขาด (khat) / ไม่พอ (mai pho),လိုသည် (lo thi) / ချို့တဲ့သည် (cho te thi),欠く (kaku) / 足りない (tarinai),부족하다 (bujokhada) / 모자라다 (mojarada),faltar,kekurangan,2
6-1,20.     ,可惜,kěxí,Vs,"to be a shame, a pity",đáng tiếc,น่าเสียดาย (na sia dai),နှမြောစရာ (hna myaw ca ya) / စိတ်မကောင်းဘူး (sate ma kaung: bu),残念だ (zannen da) / 惜しい (oshii),아깝다 (akkapda) / 애석하다 (aeseokhada),"ser una pena, una pena","sayang sekali, sayang sekali",2
6-1,21.     ,放,fàng ,V,"to store, to leave at a place","cất giữ, để lại",วาง (wang) / เก็บ (kep),ထားသည် (hta thi) / သိမ်းသည် (thate thi),置く (oku) / 保管する (hokan suru),두다 (duda) / 보관하다 (bogwanhada),"guardar, dejar en un lugar","menyimpan, meninggalkan di suatu tempat",2
6-1,22.     ,兩邊,liǎngbiān,N,both places,cả hai bên,สองข้าง (song khang) / ทั้งสองฝ่าย (thang song fai),နှစ်ဖက်စလုံး (hnit bhet ca lone),両方 (ryōhō) / 両側 (ryōgawa),양쪽 (yangjjok) / 양측 (yangcheuk),ambos lugares,kedua tempat,2
6-1,23.     ,願意,yuànyì,Vaux,to be willing to,sẵn lòng,ยินดี (yin di) / เต็มใจ (tem jai),ဆန္ဒရှိသည် (hsun da shi thi) / လိုလိုလားလားရှိသည် (lo lo la: la: shi thi),〜してもいい (shite mo ii) / 喜んで (yorokonde),기꺼이 ~하다 (gikkeoi ~hada) / ~하고 싶다 (~hago sipda),estar dispuesto a,bersedia,2
6-1,24.     ,開,kāi ,V,to drive,lái xe,ขับ (khap) (รถ),မောင်းသည် (moung: thi) (ကား),運転する (unten suru),운전하다 (unjeonhada),conducir,mengemudi,2
6-1,25.     ,存,cún,V,to save,tiết kiệm,เก็บ (kep) / ออม (om) / เซฟ (save),သိမ်းသည် (thate thi) / သိမ်းဆည်းသည် (thate sate thi),保存する (hozon suru) / 貯金する (chokin suru) (money),저장하다 (jeojanghada) / 저축하다 (jeochukhada) (money),guardar,menyimpan,2
6-1,26.     ,隨身碟,suíshēndié,N,flash drive,USB,แฟลชไดรฟ์ (flash drive) / อุปกรณ์จัดเก็บข้อมูลแบบพกพา,USB / ဖလက်ရှ်ဒရိုက် (flash drive),USBメモリー (yūesu memorī) / フラッシュドライブ (furasshudoraibu),USB 드라이브 (USB deulaibeu),unidad flash,flashdisk,2
6-1,27.     ,什麼樣,shénmeyàng,,what kind of,loại nào,แบบไหน (baep nai) / ลักษณะไหน (laksana nai),ဘယ်လိုမျိုး (bhel lo myo:) / ဘယ်လိုပုံစံ (bhel lo pone sun),どんな (donna) / どのような (dono yō na),어떤 (eotteon),que tipo de,jenis apa,2
6-1,28.     ,慢慢來,mànmàn lái,,take your time,cứ từ từ,ค่อย ๆ (khoi khoi) / ช้า ๆ (cha cha),ဖြည်းဖြည်းချင်း (hpyee: hpyee: chin:) / မြန်မြန်မလုပ်ပါနဲ့ (mman mman ma lote pa ne),ゆっくりやってね (yukkuri yatte ne) / 焦らないで (asera nai de),천천히 해 (cheoncheonhi hae) / 서두르지 마 (seodureuji ma),Tome su tiempo,tidak usah buru-buru,2
6-1,29.     ,不急,bùjí,,"don’t rush, no hurry",đừng vội,ไม่ต้องรีบ (mai tong rip) / ใจเย็น ๆ (jai yen yen),စိတ်မလိုဘူး (sate ma lo bu) / မမြန်ပါနဲ့ (ma mman par ne),急ぐ必要はない (isogu hitsuyō wa nai) / 焦らないで (asera nai de),서두르지 마 (seodureuji ma) / 급하지 않아 (geupaji ana),"no te apresures, no te apresures","jangan terburu-buru, jangan terburu-buru",2
6-2,1.       ,相當,xiāngdāng,Adv,fairly,khá,ค่อนข้าง (khon khang) / ค่อนข้างจะ (khon khang ja),အတော်အတန် (a daw a tan) / အတော်လေး (a daw lay),かなり (kanari) / 相当 (sōtō),상당히 (sangdanghi) / 꽤 (kkwae),equitativamente,secara adil,2
6-2,2.       ,自行車,zìxíngchē,N,bicycle,xe đạp,จักรยาน (jakkrayan),စက်ဘီး (set bi:),自転車 (jitensha),자전거 (jajeongeo),bicicleta,sepeda,2
6-2,3.       ,床,chuáng,N,bed,giường,เตียง (tiang),အိပ်ရာ (ate yar),ベッド (beddo),침대 (chimdae),cama,tempat tidur,2
6-2,4.       ,桌子,zhuōzi,N,"desk, table",bàn,โต๊ะ (to),စားပွဲ (sar pwe:),机 (tsukue) / テーブル (tēburu),책상 (chaeksang) / 탁자 (takja),"escritorio, mesa","meja, meja",2
6-2,5.       ,椅子,yǐzi,N,chair,ghế,เก้าอี้ (kao i),ထိုင်ခုံ (htine gone),椅子 (isu),의자 (uija),silla,kursi,2
6-2,6.       ,家具,jiājù,N,furniture,đồ nội thất,เครื่องเรือน (khrueang ruean) / เฟอร์นิเจอร์ (foenichoe),ပရိဘောဂ (pa ri bhaw ga),家具 (kagu),가구 (gagu),muebles,mebel,2
6-2,7.       ,而且,érqiě,Conj,also,hơn nữa,และ (lae) / และก็ (lae ko) / อีกทั้ง (ik thang),ထို့ပြင် (hto pyin) / ပြီးတော့ (pyi daw),そして (soshite) / さらに (sarani),또한 (ttohan) / 게다가 (gedaga),también,Juga,2
6-2,8.       ,吵,chǎo,Vs,noisy,ồn ào,เสียงดัง (siang dang) / อึกทึก (uekthuek),ဆူညံသည် (hsu nyann thi),うるさい (urusai),시끄럽다 (sikkeureopda),ruidoso,bising,2
6-2,9.       ,生活費,shēnghuófèi,N,living expenses,chi phí sinh hoạt,ค่าครองชีพ (kha khrong chip) / ค่าใช้จ่าย (kha chai jai),စရိတ်စက (ca yate sa ka),生活費 (seikatsuhi),생활비 (saenghwalbi),gastos de manutención,biaya hidup,2
6-2,10.    ,低,dī,Vs,low,thấp,ต่ำ (tam),နိမ့်သည် (nay thi),低い (hikui),낮다 (natda),bajo,rendah,2
6-2,11.    ,留,liú ,"Vi, V","to stay, to leave behind","ở lại, để lại",อยู่ (yu) / ทิ้งไว้ (thing wai),နေသည် (nay thi) / ချန်ထားသည် (chan hta thi),留まる (todomaru) / 残す (nokosu),머물다 (meomulda) / 남기다 (namgida),"quedarse, dejar atrás","tinggal, meninggalkan",2
6-2,12.    ,長,cháng,Vs,long,dài,ยาว (yao),ရှည်သည် (shay thi),長い (nagai),길다 (gilda),largo,panjang,2
6-2,13.    ,討論,tǎolùn,V,"to have a discussion over, to go over with",thảo luận,อภิปราย (aphiprai) / ปรึกษาหารือ (pruksa harue),ဆွေးနွေးသည် (sway nay thi),討論する (tōron suru) / 話し合う (hanashiau),토론하다 (toronhada) / 논의하다 (nonuihada),"tener una discusión sobre, repasar","berdiskusi, membahasnya",2
6-2,14.    ,社團,shètuán,N,"club, association","câu lạc bộ, hội",ชมรม (chomrom) / สโมสร (samonsom),အသင်း (a thin) / ကလပ် (ka lup),クラブ (kurabu) / サークル (sākuru),동아리 (dong'ari) / 사단 (sadan),"club, asociación","klub, asosiasi",2
6-2,15.    ,活動,huódòng,N,activity,hoạt động,กิจกรรม (kitjakam),လုပ်ဆောင်မှု (lote hsaung hmu) / လှုပ်ရှားမှု (hloke shar hmu),活動 (katsudō),활동 (hwaldong),actividad,aktivitas,2
6-2,16.    ,失望,shīwàng,Vs,to be disappointed,thất vọng,ผิดหวัง (phit wang),စိတ်ပျက်သည် (sate pyet thi),失望する (shitsubō suru) / がっかりする (gakkari suru),실망하다 (silmanghada),estar decepcionado,menjadi kecewa,2
6-2,17.    ,放心,fàngxīn,Vs-sep,"not to worry, to rest assured",yên tâm,วางใจ (wang jai) / ไว้ใจ (wai jai),စိတ်ချသည် (sate cha thi),安心する (anshin suru),안심하다 (ansimhada),"No te preocupes, ten la seguridad","jangan khawatir, yakinlah",2
6-2,18.    ,用,yòng,V,to use,sử dụng,ใช้ (chai),သုံးသည် (thone thi),使う (tsukau),사용하다 (sayonghada) / 쓰다 (sseuda),usar,digunakan,2
6-2,19.    ,首爾,Shǒu’ěr,,Seoul,Seoul,โซล (Sole),ဆိုးလ် (Hsoll),ソウル (Souru),서울 (Seoul),Seúl,seoul,2
7-1,1.    ,垃圾,lèsè,N,garbage,rác,ขยะ (khaya),အမှိုက် (a hmite),ゴミ (gomi),쓰레기 (sseuregi),basura,sampah,2
7-1,2.    ,倒,dào,V,to throw out (garbage),đổ (rác),ทิ้ง (thing) (ขยะ),သွန်သည် (thun thi) / စွန့်ပစ်သည် (sunt pyit thi) (အမှိုက်),捨てる (suteru) (ゴミを),버리다 (beorida) (쓰레기를),tirar (basura),membuang (sampah),2
7-1,3.    ,丟,diū,V,"to throw, to throw away (garbage)","ném, vứt (rác)",ทิ้ง (thing),ပစ်သည် (pyit thi) / စွန့်ပစ်သည် (sunt pyit thi),捨てる (suteru) / 投げる (nageru),버리다 (beorida) / 던지다 (deonjida),"tirar, tirar (basura)","membuang, membuang (sampah)",2
7-1,4.    ,收,shōu,V,to collect,thu gom,เก็บ (kep),စုဆောင်းသည် (su hsout: thi) / ကောက်သည် (kout thi),集める (atsumeru) / 回収する (kaishū suru),수집하다 (sujiphada) / 거두다 (geoduda),recoger,mengumpulkan,2
7-1,5.    ,以為,yǐwéi ,Vst,to assume wrongly,"nghĩ sai, cho rằng",คิดว่า (khit wa) / เข้าใจว่า (khao jai wa) (often mistaken),ထင်သည် (htin thi) (မှားသည့်အထင်) / မှတ်သည် (hmat thi),〜と思い込む (to omoikomu) / 勘違いする (kanchigai suru),~인 줄 알다 (~in jul alda) (잘못 생각하다),asumir mal,berasumsi salah,2
7-1,6.    ,回收,huíshōu,V,to recycle,tái chế,รีไซเคิล (risaikhel) / นำกลับมาใช้ใหม่ (nam klap ma chai mai),ပြန်လည်အသုံးပြုသည် (pyan le a thone pyu thi) / ပြန်သိမ်းသည် (pyan thain thi),リサイクルする (risaikuru suru),재활용하다 (jaehwaryonghada),reciclar,mendaur ulang,2
7-1,7.    ,規定,guīdìng,N,"rules, regulation","quy định, quy tắc",กฎระเบียบ (kot rabiap) / ข้อบังคับ (kho bangkhap),စည်းကမ်း (si: kan:) / သတ်မှတ်ချက် (that hmut chet),規則 (kisoku) / 規定 (kitei),규정 (gyujeong) / 규칙 (gyuchik),"reglas, regulación","aturan, regulasi",2
7-1,8.    ,要不然,yàobùrán,Conj,otherwise,nếu không thì,ไม่อย่างนั้น (mai yang nan) / มิฉะนั้น (mi chanan),သို့မဟုတ်လျှင် (tho ma hote hlyin) / မဟုတ်ရင် (ma hote yin),さもないと (samonaito) / じゃないと (janaito),그렇지 않으면 (geureochi aneumyeon) / 안 그러면 (an geureomyeon),de lo contrario,jika tidak,2
7-1,9.    ,皮包,píbāo,N,purse,ví,กระเป๋าหนัง (krapao nang) / กระเป๋าถือ (krapao thue),ပိုက်ဆံအိတ် (pite hsum ate),革かばん (kawa kaban) / ハンドバッグ (handobaggu),핸드백 (haendeubaek) / 가죽 가방 (gajuk gabang),cartera,tas kecil,2
7-1,10.  ,跑,pǎo,Vi,to run,chạy,วิ่ง (wing),ပြေးသည် (pyay thi),走る (hashiru),달리다 (dallida),correr,berlari,2
7-1,11.  ,追,zhuī,V,"to run after, to chase",đuổi theo,ไล่ตาม (lai tam),လိုက်သည် (lite thi) / ဖမ်းသည် (hpan thi),追う (ou) / 追いかける (oikakeru),쫓다 (jjotda) / 추격하다 (chugyeokhada),"correr detrás, perseguir","mengejar, mengejar",2
7-1,12.  ,有趣,yǒuqù ,Vs,interesting,thú vị,น่าสนใจ (na son jai),စိတ်ဝင်စားစရာ (sate win sar ca ya),面白い (omoshiroi),재미있다 (jaemiitda),interesante,menarik,2
7-1,13.  ,不壞,bú huài,Vs,not too bad,không tệ,ไม่เลว (mai leo) / ใช้ได้ (chai dai),မဆိုးဘူး (ma soke bu),悪くない (waruku nai),나쁘지 않다 (nappeuji anta),no está tan mal,tidak terlalu buruk,2
7-1,14.  ,天天,tiāntiān,,everyday,hàng ngày,ทุกวัน (thuk wan),နေ့တိုင်း (nay tine:),毎日 (mainichi),매일 (maeil),cada día,setiap hari,2
7-1,15.  ,汽水罐,qìshuǐ guàn,,soda can,lon nước ngọt,กระป๋องน้ำอัดลม (krapong nam atlom),ဆိုဒါဘူး (hsoda bu:) / အချိုရည်ဘူး (a cho yay bu:),炭酸飲料缶 (tansan inryō kan),탄산음료 캔 (tansan eumnyo kaen),lata de refresco,kaleng soda,2
7-1,16.  ,紙杯,zhǐbēi,,paper cup,cốc giấy,ถ้วยกระดาษ (thuai kradat),စက္ကူခွက် (set ku khwet),紙コップ (kami koppu),종이컵 (jong'ikeop),vaso de papel,cangkir kertas,2
7-1,17.  ,放下,fàngxià ,,put down,đặt xuống,วางลง (wang long),ချထားသည် (cha hta thi),置く (oku) / 下ろす (orosu),내려놓다 (naeryeonota),poner,meletakkan,2
7-1,18.  ,走出來,zǒu chūlái,,to walk out of,đi ra,เดินออกมา (doen ok ma),အပြင်ထွက်လာသည် (a pyin htwet la thi),歩き出る (arukideru) / 出て行く (dete iku),걸어 나오다 (georeo naoda),salir de,keluar,2
7-1,19.  ,怎麼辦,zěnmebàn,,What now?,Làm sao bây giờ?,ทำยังไงดี (tham yang ngai di) / ทำอย่างไร (tham yang rai),ဘယ်လိုလုပ်ရမလဲ (bhel lo lote ya ma lel),どうしよう (dō shiyō) / どうしたらいい (dō shitara ii),어떡해 (eotteokae) / 어떻게 하지 (eotteoke haji),¿Y ahora qué?,Bagaimana sekarang?,2
7-2,1.        ,聊,liáo,V,to chat (about),tán gẫu (về),คุย (khui) (เรื่อง),စကားပြောသည် (za ga pyaw thi) / စကားစမြည်ပြောသည် (za ga sa myi pyaw thi),話す (hanasu) / 雑談する (zatsudan suru),이야기하다 (iyagihada) / 수다 떨다 (suda tteolda),charlar (sobre),ngobrol (tentang),2
7-2,2.        ,忽然,hūrán,Adv,suddenly,đột nhiên,ทันใดนั้น (than dai nan) / จู่ ๆ (ju ju),ရုတ်တရက် (yote ta yet) / ချက်ချင်း (chet chin),突然 (totsuzen) / 急に (kyū ni),갑자기 (gapjagi),de repente,Tiba-tiba,2
7-2,3.        ,聲音,shēngyīn,N,sound,âm thanh,เสียง (siang),အသံ (a than),音 (oto) / 声 (koe),소리 (sori),sonido,suara,2
7-2,4.        ,奇怪,qíguài,Vs,"strange, odd",kỳ lạ,แปลก (plaek),ထူးဆန်းသည် (htu: hsan thi),変な (hen na) / 奇妙な (kimyō na),이상하다 (isanghada) / 기이하다 (giihada),"extraño, extraño","aneh, aneh",2
7-2,5.        ,袋子,dàizi,N,bag,túi,ถุง (thung),အိတ် (ate),袋 (fukuro) / バッグ (baggu),가방 (gabang) / 봉지 (bongji),bolsa,tas,2
7-2,6.        ,輛,liàng,M,measure word for vehicles,lượng từ cho xe cộ,คัน (khan) (vehicle classifier),စီး (si:) (vehicle classifier),台 (dai) (vehicle classifier),대 (dae) / 량 (ryang),medir palabra para vehículos,mengukur kata untuk kendaraan,2
7-2,7.        ,一定,yídìng,Vs-attr,"fixed, set, at a certain…","cố định, nhất định",แน่นอน (naenon) / ที่แน่นอน (thi naenon),သေချာသည် (say cha thi) / တစ်သမတ်တည်း (ta tha mut te),一定の (itsutei no) / 決まった (kimatta),일정한 (iljeonghan) / 확실한 (hwaksilhan),"fijo, fijado, en un determinado…","tetap, diatur, pada tertentu…",2
7-2,8.        ,地點,dìdiǎn,N,location,địa điểm,สถานที่ (sathan thi) / จุด (jut),တည်နေရာ (ti nayar) / နေရာ (nayar),場所 (basho) / 地点 (chiten),장소 (jangso) / 위치 (wichi),ubicación,lokasi,2
7-2,9.        ,為了,wèile,Prep,"to, for the sake of","vì, vì lợi ích của",เพื่อ (phuea) / เพื่อที่จะ (phuea thi ja),အတွက် (a twet) / ဖို့ (pho),〜のために (no tame ni),~을 위해 (~eul wihae),"para, por el bien de","untuk, demi",2
7-2,10.     ,保護,bǎohù,V,to protect,bảo vệ,ป้องกัน (pongkan) / คุ้มครอง (khumkhlong),ကာကွယ်သည် (ka kwe thi) / စောင့်ရှောက်သည် (sount shout thi),保護する (hogo suru),보호하다 (bohohada),proteger,melindungi,2
7-2,11.     ,分類,fēnlèi,N,classification,phân loại,การจำแนกประเภท (kan jamnaek praphet) / การแยกประเภท (kan yaek praphet),အမျိုးအစားခွဲခြားခြင်း (a myo: a sar khwe: cha: chin),分類 (bunrui),분류 (bullyu),clasificación,klasifikasi,2
7-2,12.     ,利用,lìyòng,V,to make use of,tận dụng,ใช้ประโยชน์ (chai prayot) / นำมาใช้ (nam ma chai),အသုံးချသည် (a thone cha thi) / အကျိုးရှိစွာသုံးသည် (a kyo: shi sway thone thi),利用する (riyō suru),이용하다 (iyonghada),hacer uso de,memanfaatkan,2
7-2,13.     ,紙,zhǐ,N,paper,giấy,กระดาษ (kradat),စက္ကူ (set ku),紙 (kami),종이 (jong'i),papel,kertas,2
7-2,14.     ,瓶子,píngzi,N,bottle,chai,ขวด (khuat),ပုလင်း (pa lin:),瓶 (bin),병 (byeong),botella,botol,2
7-2,15.     ,塑膠,sùjiāo,N,plastic,nhựa,พลาสติก (phlat satik / phlasatik),ပလတ်စတစ် (pa lat sa tit),プラスチック (purasuchikku),플라스틱 (peullaseutik),plástico,plastik,2
7-2,16.     ,資源,zīyuán,N,resource,tài nguyên,ทรัพยากร (sap phayakon),သယံဇာတ (sa yan za ta),資源 (shigen),자원 (jawon),recurso,sumber,2
7-2,17.     ,回收桶,huíshōutǒng,N,recycling bin,thùng tái chế,ถังขยะรีไซเคิล (thang khaya risaikhel),ပြန်လည်အသုံးပြုရန်ပုံး (pyan le a thone pyu yan pone),リサイクルボックス (risaikuru bokkusu),재활용통 (jaehwaryongtong),papelera de reciclaje,tempat sampah daur ulang,2
7-2,18.     ,城市,chéngshì,N,city,thành phố,เมือง (mueang) / นคร (nakorn),မြို့ (myo),都市 (toshi) / 市 (shi),도시 (dosi),ciudad,kota,2
7-2,19.     ,聽見,tīngjiàn,,"to hear, to have heard",nghe thấy,ได้ยิน (dai yin),ကြားသည် (kyar thi),聞こえる (kikoeru) / 聞く (kiku),듣다 (deutda) / 들리다 (deullida),"oír, haber oído","mendengar, telah mendengar",2
7-2,20.     ,開過來,kāi guòlái,,to drive over ,lái xe tới,ขับมา (khap ma) / ขับเข้ามา (khap khao ma),မောင်းလာသည် (moung: la thi) / မောင်းလာခဲ့သည် (moung: la khe thi),車で来る (kuruma de kuru) / 運転して来る (unten shite kuru),운전해 오다 (unjeonhae oda),conducir sobre,mengemudi,2
7-2,21.     ,走過去,zǒu guòqù,,to walk over ,đi bộ qua,เดินไป (doen pai) / เดินผ่านไป (doen phan pai),လျှောက်သွားသည် (hlyout thwar thi),歩いて行く (aruite iku),걸어가다 (georeogada),caminar sobre,berjalan,2
7-2,22.     ,丟進去,diū jìnqù,,to throw into,ném vào,โยนเข้าไป (yon khao pai) / ทิ้งลงไป (thing long pai),ပစ်ထည့်သည် (pyit hte thi),中に投げ入れる (naka ni nageireru),던져 넣다 (deonjyeo neota),tirar en,melemparkan ke dalam,2
7-2,23.     ,路上,lùshàng,,on the street,trên đường,บนถนน (bon thanon) / ระหว่างทาง (rawang thang),လမ်းပေါ်မှာ (lan paw hmar),路上 (rojō) / 道で (michi de),길에서 (gireseo),en la calle,di jalanan,2
8-1,1.       ,功夫,gōngfū,N,"kungfu, martial arts","võ thuật, Kungfu",กังฟู (kungfu) / วิทยายุทธ (witthayayut),ကွန်ဖူး (kun phu:) / ကုန်းဖူး (kone: phu:),功夫 (kung fu) / カンフー (kanfū),쿵푸 (kungpu),"kungfu, artes marciales","kungfu, seni bela diri",2
8-1,2.       ,叫,jiào,V,to call (for someone’s attention),gọi (để thu hút sự chú ý),เรียก (riak),ခေါ်သည် (khaw thi),呼ぶ (yobu),부르다 (bureuda),llamar (para llamar la atención de alguien),memanggil (untuk perhatian seseorang),2
8-1,3.       ,見,jiàn,Ptc,accomplishment complete (in perception),trợ từ hoàn thành (trong nhận thức),เห็น (hen) / ได้ (dai) (perception),မိ (mi) / မိသည် (mi thi),〜が見える (ga mieru) / 〜が聞こえる (ga kikoeru),~이 보이다 (~i boida) / ~가 들리다 (~ga deullida),logro completo (en percepción),pencapaian selesai (dalam persepsi),2
8-1,4.       ,推,tuī ,V,to push,đẩy,ผลัก (phlak),တွန်းသည် (tun: thi),押す (osu),밀다 (milda),empujar,mendorong,2
8-1,5.       ,體育館,tǐyùguǎn,N,gym,phòng tập thể dục,โรงยิม (rong yim) / โรงยิมเนเซียม (rong yimnepsiam),အားကစားရုံ (ar ka sar yone),体育館 (taīkukan),체육관 (cheyukgwan),gimnasia,gimnasium,2
8-1,6.       ,太極拳,tàijíquán,N,"Tai Chi, shadow boxing",Thái Cực Quyền,ไทเก๊ก (thaikek) / มวยไทเก๊ก (muai thaikek),ထိုင်ချီချွမ် (htike chik chwan) / တိုင်ချီ (tine chi),太極拳 (taikyokuken),태극권 (taegeukkwon),"Tai Chi, boxeo de sombras","Tai Chi, tinju bayangan",2
8-1,7.       ,師父,shīfù,N,(kungfu or other skill) master,sư phụ,อาจารย์ (achan) / ครู (khru),ဆရာ (hsa ya),師匠 (shishō) / 先生 (sensei),스승 (seuseung) / 사부 (sabu),(kungfu u otra habilidad) maestro,(Kungfu atau keterampilan lainnya) master,2
8-1,8.       ,天分,tiānfèn,N,"gift, talent","năng khiếu, tài năng bẩm sinh",พรสวรรค์ (phon sawan) / ความสามารถพิเศษ (khwam samat phiset),ပါရမီ (pa ya mi) / ဉာဏ်စွမ်း (nyan sun),天分 (tenbun) / 才能 (sainō),천분 (cheonbun) / 재능 (jaeneung),"don, talento","hadiah, bakat",2
8-1,9.       ,懂,dǒng ,Vpt,"to understand, to comprehend",hiểu,เข้าใจ (khao jai) / รู้เรื่อง (ru rueang),နားလည်သည် (nar le thi) / သဘောပေါက်သည် (tha baw: pout thi),分かる (wakaru),이해하다 (ihaehada) / 알다 (alda),"entender, comprender","memahami, memahami",2
8-1,10.    ,起來,qǐlái,Vp,to wake up,thức dậy,ตื่นนอน (tuen non) / ลุกขึ้น (luk khuen),အိပ်ရာထသည် (ate yar hta thi) / နိုးသည် (noe: thi),起きる (okiru),일어나다 (ireonada),despertar,bangun,2
8-1,11.    ,動作,dòngzuò,N,movement,động tác,การเคลื่อนไหว (kan khlueanwai) / ท่าทาง (tha thang),လှုပ်ရှားမှု (hloke shar hmu) / အက်ရှင် (action),動作 (dōsa) / 動き (ugoki),동작 (dongjak),movimiento,pergerakan,2
8-1,12.    ,輕,qīng,Vs,"light, effortless, gentle",nhẹ nhàng,เบา (bao) / เบา ๆ (bao bao),ပေါ့သည် (paw thi) / ညင်သာသည် (nyin tha thi),軽い (karui) / そっと (sotto),가볍다 (gabyeopda) / 부드럽다 (budeureopda),"ligero, sin esfuerzo, suave","ringan, mudah, lembut",2
8-1,13.    ,腿,tuǐ,N,leg,chân,ขา (kha),ခြေထောက် (chay htouk),脚 (ashi),다리 (dari),pierna,kaki,2
8-1,14.    ,了,liǎo ,Ptc,capability complement,trợ từ khả năng,ได้ (dai) (ability) / สามารถ (samat) (can),နိုင် (nine) (ability particle),〜できる (dekiru) / 〜られる (rareru),~할 수 있다 (~hal su itda),complemento de capacidad,pelengkap kemampuan,2
8-1,15.    ,下去,xiàqù,Ptc,a temporal particle meaning to continue with an action,trợ từ thời gian chỉ sự tiếp tục hành động,ต่อไป (topai) / เรื่อยไป (rueay pai) / ลงไป (long pai) (continuation marker),ဆက်သွား (hset thwar) / နေ (nay) (continuation marker),〜続ける (tsuzukeru) / 〜ていく (te iku),계속하다 (gyesokhada) / ~해 나가다 (~hae nagada),una partícula temporal que significa continuar con una acción,partikel temporal yang berarti melanjutkan suatu tindakan,2
8-1,16.    ,興趣,xìngqù,N,interest,"sở thích, hứng thú",ความสนใจ (khwam son jai),စိတ်ဝင်စားမှု (sate win sar hmu),興味 (kyōmi) / 関心 (kanshin),흥미 (heungmi) / 관심 (gwansim),interés,minat,2
8-1,17.    ,借,jiè,V,to borrow,mượn,ยืม (yuem),ငှားသည် (hnga: thi),借りる (kariru),빌리다 (billida),pedir prestado,meminjam,2
8-1,18.    ,有天分,yǒu tiānfèn,,"to be gifted, talented",có năng khiếu,มีพรสวรรค์ (mi phon sawan) / มีความสามารถพิเศษ (mi khwam samat phiset),ပါရမီရှိသည် (pa ya mi shi thi) / ဉာဏ်စွမ်းရှိသည် (nyan sun shi thi),天分がある (tenbun ga aru) / 才能がある (sainō ga aru),재능이 있다 (jaeneungi itda),"ser dotado, talentoso","menjadi berbakat, berbakat",2
8-1,19.    ,學會,xuéhuì,,"to learn, to master","học được, nắm vững",เรียนจนชำนาญ (rian chon chamnan) / เรียนจนเข้าใจ (rian chon khao jai) / เป็น (pen),တတ်မြောက်သည် (tut myout thi) / သင်ယူတတ်မြောက်သည် (sin yu tut myout thi),習得する (shūtoku suru) / マスターする (masutā suru),익히다 (ikida) / 습득하다 (seupdeukada),"aprender, dominar","belajar, menguasai",2
8-1,20.    ,起不來,qǐ bù lái,,can’t get up (from bed),không dậy được (khỏi giường),ลุกไม่ขึ้น (luk mai khuen) / ตื่นไม่ได้ (tuen mai dai),မထနိုင် (ma hta nine) (အိပ်ရာက),起きられない (okirarenai),일어날 수 없다 (ireonal su eopda),no puedo levantarme (de la cama),tidak bisa bangun (dari tempat tidur),2
8-1,21.    ,走不了路,zǒu bù liǎo lù,,can’t walk,không đi được,เดินไม่ได้ (doen mai dai),လမ်းမလျှောက်နိုင် (lan ma hlyout nine) / လမ်းမသွားနိုင် (lan ma thwar nine),歩けない (arukenai),걸을 수 없다 (georeul su eopda),no puedo caminar,tidak bisa berjalan,2
8-2,1.       ,好處,hǎochù,N,benefit,lợi ích,ประโยชน์ (prayot) / ข้อดี (kho di),အားသာချက် (a tha chet) / ကောင်းကျိုး (kaung: kyo:),利点 (riten) / 良いところ (yoi tokoro),장점 (jangjeom) / 이점 (ijeom),beneficio,keuntungan,2
8-2,2.       ,抱怨,bàoyuàn,Vi,to complain,phàn nàn,บ่น (bon) / ตำหนิ (tamni),ညည်းညူသည် (nyi: nyu thi) / မကျေမနပ်ဖြစ်သည် (ma kyay ma nut pyit thi),文句を言う (monku o iu) / 不平を言う (fuhei o iu),불평하다 (bulpyeonghada) / 불만을 말하다 (bulmaneul malhada),quejarse,mengeluh,2
8-2,3.       ,公尺,gōngchǐ,N,meter,mét,เมตร (met),မီတာ (mi tar),メートル (mētoru),미터 (miteo),metro,meter,2
8-2,4.       ,總是,zǒngshì,Adv,"always, invariably",luôn luôn,เสมอ (samer) / ตลอดเวลา (talot wela),အမြဲတမ်း (a myay tan:) / အမြဲ (a myay),いつも (itsumo) / 常に (tsune ni),항상 (hangsang) / 언제나 (eonjena),"siempre, invariablemente","selalu, selalu",2
8-2,5.       ,完,wán,Ptc,"phase marker for ‘completion’, to finish…",trợ từ chỉ sự hoàn thành,เสร็จ (set) / จบ (chop),ပြီး (pyi:) / ပြီးပြီ (pyi pyi) / လက် (let),終わる (owaru) / 〜終える (oeru),끝나다 (kkeutnada) / 완료하다 (wallyohada),"marcador de fase para 'finalización', para terminar..","penanda fase untuk 'penyelesaian', menyelesaikan…",2
8-2,6.       ,體力,tǐlì,N,physical strength,thể lực,กำลัง (kamlang) / พละกำลัง (phala kamlang),ကာယဗလ (ka ya ba la) / ခွန်အား (khun ar),体力 (tairyoku),체력 (cheryeok),fuerza fisica,kekuatan fisik,2
8-2,7.       ,整天,zhěngtiān,N,an entire day,cả ngày,ตลอดวัน (talot wan) / ทั้งวัน (thang wan),တစ်နေ့လုံး (ta nay lone),一日中 (ichinichijū),온종일 (onjong'il) / 하루 종일 (haru jong'il),un día entero,sepanjang hari,2
8-2,8.       ,精神,jīngshén,N,"spirit, energy","tinh thần, năng lượng",จิตใจ (jit jai) / พลังงาน (phalang ngan) / สปิริต (sapit),စိတ်ဓာတ် (sate dhot) / စွမ်းအင် (sun an) / စိတ် (sate),精神 (seishin) / エネルギー (enerugī),정신 (jeongsin) / 기운 (giun),"espíritu, energía","semangat, energi",2
8-2,9.       ,本來,běnlái,Adv,originally,"vốn dĩ, ban đầu",เดิม (doem) / แต่เดิม (tae doem),မူလက (mu la ka) / မူလ (mu la) / မူလတုန်းက (mu la tone ka),元々 (motomoto) / 本来 (honrai),원래 (wollae) / 본래 (bollae),originalmente,semula,2
8-2,10.    ,可能,kěnéng,Vaux,"maybe, probably","có lẽ, có thể",อาจ (at) / เป็นไปได้ (pen pai dai),ဖြစ်နိုင်သည် (pyit nine thi) / ဖြစ်နိုင်တယ် (pyit nine de),かもしれない (ka mo shirenai) / 多分 (tabun),아마 (ama) / ~일 수 있다 (~il su itda),"tal vez, probablemente","mungkin, mungkin",2
8-2,11.    ,回,huí ,V,to return to,trở về,กลับ (klap),ပြန်သည် (pyan thi),戻る (modoru) / 帰る (kaeru),돌아가다 (doragada) / 돌아오다 (doraoda),volver a,kembali ke,2
8-2,12.    ,影響,yǐngxiǎng,V,"to influence, to interfere with",ảnh hưởng,มีผลกระทบ (mi phon krathop) / มีอิทธิพล (mi itthiphon),သက်ရောက်မှုရှိသည် (thet yout hmu shi thi) / လွှမ်းမိုးသည် (hlwan: moe: thi),影響する (eikyō suru),영향을 미치다 (yeonghyangeul michida),"influir, interferir con","mempengaruhi, mengganggu",2
8-2,13.    ,身體,shēntǐ,N,body,cơ thể,ร่างกาย (rang kai),ကိုယ်ခန္ဓာ (kobe khan dha),体 (karada),몸 (mom) / 신체 (sinche),cuerpo,tubuh,2
8-2,14.    ,練,liàn,V,"to practice, to train, to drill",luyện tập,ฝึก (fuek) / ฝึกซ้อม (fuek som) / ฝึกฝน (fuek fon),လေ့ကျင့်သည် (lay kyin thi),練習する (renshū suru) / 鍛える (kitaeru),연습하다 (yeonseupada) / 훈련하다 (hullyeonhada),"practicar, entrenar, perforar","berlatih, melatih, mengebor",2
8-2,15.    ,想起,xiǎngqǐ,,to recall,nhớ lại,นึกถึง (nuek thueng) / จำได้ (jam dai),သတိရသည် (tha ti ya thi) / ပြန်တွေးမိသည် (pyan tway mi thi),思い出す (omoidasu),생각나다 (saenggangnada),recordar,mengingat,2
9-1,1.    ,春假,chūnjià,N,spring break,kỳ nghỉ xuân,ปิดเทอมฤดูใบไม้ผลิ (pit thoem rudu baimai phli) / วันหยุดฤดูใบไม้ผลิ (wan yut rudu baimai phli),နွေဦးအားလပ်ရက် (nway u: alut yet),春休み (haruyasumi),봄방학 (bom banghak),vacaciones de primavera,liburan musim semi,2
9-1,2.    ,好,hǎo,Ptc,"As a resultative particle, it indicates a proper completion of an action.",trợ từ kết quả chỉ sự hoàn thành đúng đắn,ดี (di) / เสร็จ (set) / ได้ (dai) (completion particle),ကောင်းအောင် (kaung: out) / အောင် (out) (completion particle),よく〜した (yoku ~ shita) / きちんと〜した (kichinto ~ shita),잘 (jal) / 제대로 (jedaero) (completion particle),"Como partícula resultante, indica la finalización adecuada de una acción.","Sebagai partikel resultatif, ini menunjukkan penyelesaian yang tepat dari suatu tindakan.",2
9-1,3.    ,到,dào,Ptc,"As a resultative particle, it indicates a successful completion of an action.",trợ từ kết quả chỉ sự hoàn thành thành công,ถึง (thueng) / สำเร็จ (samret),သည်အထိ (thi a hti) / မိ (mi) / နိုင် (nine) (completion particle),〜できる (dekiru) / 〜に達する (ni tassuru),~에 이르다 (~e ireuda) / ~하다 (~hada) (success),"Como partícula resultante, indica la finalización exitosa de una acción.","Sebagai partikel resultatif, ini menunjukkan keberhasilan penyelesaian suatu tindakan.",2
9-1,4.    ,特色,tèsè,N,"unique features, distinctive traits","đặc trưng, nét riêng biệt",ลักษณะเด่น (laksana den) / จุดเด่น (jut den),ထူးခြားချက် (htu: kyar chet) / အင်္ဂါရပ် (in ga yut),特徴 (tokuchō),특색 (teuksaek) / 특징 (teukjing),"características únicas, rasgos distintivos","ciri-ciri unik, ciri-ciri khas",2
9-1,5.    ,夠,gòu,Vs-pred,enough,đủ,พอ (pho) / เพียงพอ (phiang pho),လုံလောက်သည် (lone lout thi),十分な (jūbun na) / 足りる (tariru),충분하다 (chungbunhada),suficiente,cukup,2
9-1,6.    ,顏色,yánsè,N,color,màu sắc,สี (si),အရောင် (a youn),色 (iro),색 (saek),color,warna,2
9-1,7.    ,廟,miào,N,temple,"đền, miếu",วัด (wat) / ศาลเจ้า (san chao),ဘုရား (phaya:) / စေတီ (zay dee) / နတ်ကွန်း (nut kun),寺院 (jīn) / 廟 (byō),사원 (sawon) / 묘 (myo),templo,kuil,2
9-1,8.    ,像,xiàng,Vst,similar to,giống với,เหมือน (muean) / คล้าย (khlai),တူသည် (tu thi),〜に似ている (ni nite iru) / 〜みたいだ (mitai da),~와 비슷하다 (~wa biseuthada),similar a,mirip dengan,2
9-1,9.    ,教堂,jiàotáng,N,"church, cathedral",nhà thờ,โบสถ์ (bot),ခရစ်ယာန်ဘုရားရှိခိုးကျောင်း (kha rit yan bha ya: shi kho: kyaung:),教会 (kyōkai),교회 (gyohoe),"iglesia, catedral","gereja, katedral",2
9-1,10.  ,南部,nánbù,N,southern region,miền nam,ภาคใต้ (phak tai),တောင်ပိုင်း (taung pine),南部 (nanbu),남부 (nambu),región sur,wilayah selatan,2
9-1,11.  ,潛水,qiánshuǐ ,V-sep,"to dive (i.e., snorkel or scuba diving)",lặn (có ống thở hoặc bình dưỡng khí),ดำน้ำ (dam nam),ရေငုပ်သည် (yay ngote thi) / ဒိုင်ဗင်ထိုးသည် (dine bin dho: thi),潜水する (sensui suru) / ダイビングする (daibingu suru),잠수하다 (jamsuhada) / 다이빙하다 (daibinghada),"bucear (es decir, hacer snorkel o bucear)","menyelam (yaitu, snorkeling atau scuba diving)",2
9-1,12.  ,各,gè ,Det,various,"các, nhiều",แต่ละ (tae la) / ต่าง ๆ (tang tang),အသီးသီး (a thi: thi:) / အမျိုးမျိုး (a myo: myo:),各 (kaku) / それぞれ (sorezore),각 (gak) / 여러 (yeoreo),varios,bermacam-macam,2
9-1,13.  ,魚,yú,N,fish,cá,ปลา (pla),ငါး (nga:),魚 (sakana),물고기 (mulgogi),pez,ikan,2
9-1,14.  ,酸,suān,Vs,"sour, tart",chua,เปรี้ยว (priao),ချဉ်သည် (chin thi),酸っぱい (suppai),시다 (sida),"agrio, agrio","asam, asam",2
9-1,15.  ,檸檬,níngméng,N,"lemon, lime",chanh,มะนาว (manao) / เลมอน (lemon),သံပုရာသီ (than pa yu thi),レモン (remon),레몬 (remon),"limón, lima","lemon, jeruk nipis",2
9-1,16.  ,味道,wèidào,N,"taste, flavor",hương vị,รสชาติ (rot chat),အရသာ (a ya dha),味 (aji) / 風味 (fūmi),맛 (mat) / 풍미 (pungmi),"gusto, sabor","rasa, rasa",2
9-1,17.  ,泰國,Tàiguó,,Thailand,Thái Lan,ประเทศไทย (Prathet Thai) / ไทย (Thai),ထိုင်း (Htine:),タイ (Tai),태국 (taeguk),Tailandia,Thailand,2
9-1,18.  ,比起來,bǐ qǐlái,,compared to,so với,เมื่อเทียบกับ (muea thiap kap) / เปรียบเทียบกับ (priap thiap kap),နှိုင်းယှဉ်လျှင် (hnine: shin hlyin) / နဲ့ယှဉ်ရင် (ne shin yin),〜と比べると (to kuraberu to) / 〜に比べて (ni kurabete),~와 비교하면 (~wa bigyohamyeon),en comparación con,dibandingkan dengan,2
9-1,19.  ,極了,jí le,,"absolutely, extremely","cực kỳ, tuyệt vời",มากที่สุด (mak thi sut) / สุด ๆ (sut sut),အလွန်အမင်း (a lun a min:) / အရမ်း (a yan:),とても (totemo) / 極めて (kiwamete),대단히 (daedanhi) / 극도로 (geukdoro),"absolutamente, extremadamente","tentu saja, sangat",2
9-1,20.  ,忘不了,wàng bù liǎo,,unforgettable,không thể quên,ลืมไม่ลง (luem mai long) / ไม่มีวันลืม (mai mi wan luem),မမေ့နိုင် (ma may nine) / မေ့မရ (may ma ya),忘れられない (wasurerarenai),잊을 수 없다 (ijeul su eopda),inolvidable,tak terlupakan,2
9-2,1.    ,鄉下,xiāngxià,N,countryside,nông thôn,ชนบท (chonnabot) / บ้านนอก (ban nok),ကျေးလက် (kyay let) / နယ်ဘက် (ne bhet),田舎 (inaka),시골 (sigol),campo,pedesaan,2
9-2,2.    ,氣氛,qìfēn,N,atmosphere,bầu không khí,บรรยากาศ (banyakat),လေထု (lay htu) / အငွေ့အသက် (a ngway a thet) / ဝန်းကျင် (wun yin),雰囲気 (fun'iki),분위기 (bunwigi),atmósfera,suasana,2
9-2,3.    ,鎮,zhèn,N,rural town,thị trấn,เมืองเล็ก (mueang lek) / เมือง (mueang) (small town),မြို့ (myo),町 (machi) / タウン (taun),읍 (eup) / 작은 도시 (jageun dosi),pueblo rural,kota pedesaan,2
9-2,4.    ,不同,bùtóng,Vs,different,khác biệt,แตกต่าง (taek tang) / ไม่เหมือนกัน (mai muean kan),မတူညီ (ma tu nyi) / ကွဲပြားသည် (kwe: pya: thi),違う (chigau) / 異なる (kotonaru),다르다 (dareuda),diferente,berbeda,2
9-2,5.    ,現代,xiàndài,N,modern,hiện đại,ทันสมัย (thansamai) / สมัยใหม่ (samai mai),ခေတ်သစ် (khet thit) / မော်ဒန် (modern),現代 (gendai) / モダン (modan),현대 (hyeondae) / 모던 (modeon),moderno,modern,2
9-2,6.    ,公寓,gōngyù,N,apartment,căn hộ,อพาร์ตเมนต์ (aphaetmen) / คอนโด (khondo),တိုက်ခန်း (tite khan:) / ကွန်ဒို (kone do),アパート (apāto) / マンション (manshon),아파트 (apateu),departamento,apartemen,2
9-2,7.    ,馬路,mǎlù,N,street,đường phố,ถนน (thanon),လမ်းမကြီး (lan ma gyi:) / လမ်း (lan),大通り (ōdōri) / 道路 (dōro),큰길 (keun gil) / 도로 (doro),calle,jalan,2
9-2,8.    ,寬,kuān,Vs,wide,rộng,กว้าง (kwang),ကျယ်သည် (kye thi),広い (hiroi),넓다 (neolda),ancho,lebar,2
9-2,9.    ,汽車,qìchē ,N,car,ô tô,รถยนต์ (rot yon),ကား (ka:) / မော်တော်ကား (maw taw ka:),自動車 (jidōsha) / 車 (kuruma),자동차 (jadongcha),auto,mobil,2
9-2,10.  ,建築,jiànzhú,N,buildings,công trình kiến trúc,อาคาร (akhan) / สิ่งก่อสร้าง (sing ko sang) / สถาปัตยกรรม (sathapattayakam),အဆောက်အအုံ (a hsout a one) / ဗိသုကာ (wi thu ka),建物 (tatemono) / 建築 (kenchiku),건축물 (geonchungmul) / 건물 (geonmul),edificios,bangunan,2
9-2,11.  ,老,lǎo,Vs,old,cũ,เก่า (kao),ဟောင်း (haung:) / အို (o),古い (furui),오래되다 (oraedoeda) / 낡다 (nakda),viejo,tua,2
9-2,12.  ,層,céng,M,measure word for floors and storeys,lượng từ cho tầng lầu,ชั้น (chan) (classifier for floor),လွှာ (hlwa) / ထပ် (htut),階 (kai) (classifier for floor),층 (cheung),medir palabra para pisos y pisos,mengukur kata untuk lantai dan lantai,2
9-2,13.  ,北部,běibù,N,the north,miền bắc,ภาคเหนือ (phak nuea),မြောက်ပိုင်း (myout pine),北部 (hokubu),북부 (bukbu),el norte,utara,2
9-2,14.  ,熱情,rèqíng,Vs,"hospitable, welcoming, warmhearted","hiếu khách, nhiệt tình",มีน้ำใจ (mi nam jai) / อบอุ่น (op-un) / กระตือรือร้น (kratue ruerun),စေတနာ့ဝန်ထမ်း (zay da na. wun htam:) / ဖော်ရွေသည် (phau yway thi) / ရက်ရောသည် (yet yaw thi),情熱的な (jōnetsuteki na) / 熱心な (nesshin na),열정적이다 (yeoljeongjeogida) / 친절하다 (chinjeolhada),"hospitalario, acogedor, de buen corazón","ramah, bersahabat, ramah tamah",2
9-2,15.  ,擠,jǐ,Vs,crowded,đông đúc,แออัด (ae at) / คับคั่ง (khap khang) / เบียดเสียด (biat siat),ကျပ်သည် (kyut thi) / လူစည်ကားသည် (lu si ka: thi),混んでいる (konde iru) / 込み合っている (komiatte iru),붐비다 (bumbida) / 혼잡하다 (honjaphada),atestado,penuh sesak,2
9-2,16.  ,飲料,yǐnliào,N,"drink, beverage",đồ uống,เครื่องดื่ม (khrueang dueam),အဖျော်ယမကာ (a phyaw ya ma ka),飲み物 (nomimono) / 飲料 (inryō),음료 (eumnyo),"bebida, bebida","minuman, minuman",2
9-2,17.  ,巴黎,Bālí,,Paris,Paris,ปารีส (Parit),ပါရီ (Pa ri),パリ (Pari),파리 (Pari),París,Paris,2
9-2,18.  ,高雄市,Gāoxióng Shì,,Kaohsiung City in southern Taiwan,Thành phố Cao Hùng (Đài Loan),เมืองเกาสง (Mueang Kaosong),ဂါရွှမ်းမြို့ (Ga shun myo),高雄市 (Takao-shi) / カオション (Kaoshon),가오슝 시 (Gaosyung si),Ciudad de Kaohsiung en el sur de Taiwán,Kota Kaohsiung di Taiwan selatan,2
9-2,19.  ,中南部,zhōngnánbù,,central and southern regions,miền trung và nam,ภาคกลางและภาคใต้ (phak klang lae phak tai),အလယ်ပိုင်းနှင့်တောင်ပိုင်း (a lel pine hnin taung pine),中部・南部地域 (chūbu nanbu chiiki),중남부 (jungnambu),regiones centro y sur,wilayah tengah dan selatan,2
9-2,20.  ,買得起,mǎi de qǐ ,,"afford, affordable","có khả năng mua, hợp túi tiền",ซื้อไหว (sue wai) / สามารถซื้อได้ (samat sue dai),ဝယ်နိုင် (we nine) / တတ်နိုင် (tut nine),買える (kaeru) / 手が届く (te ga todoku),살 수 있다 (sal su itda) / 여유가 되다 (yeoyuga doeda),"permitirse, asequible","mampu, terjangkau",2
9-2,21.  ,百貨公司,bǎihuò gōngsī,,department store,cửa hàng bách hóa,ห้างสรรพสินค้า (hang saphap sinkha),ကုန်တိုက် (kone tite) / ဒီပါတ်မင့်စတိုး (department store),デパート (depāto) / 百貨店 (hyakkaten),백화점 (baekhwajeom),grandes almacenes,toko serba ada,2
9-2,22.  ,越來越,yuèláiyuè,,"more and more, increasingly",ngày càng,ยิ่ง...ยิ่ง... (ying...ying...) / มากขึ้นเรื่อย ๆ (mak khuen rueay rueay),ပို၍ပို၍ (po yway po yway) / ပိုပြီးပိုပြီး (po pyi po pyi),ますます (masumasu) / だんだん (dandan),점점 (jeomjeom) / 갈수록 (galsurok),"cada vez más, cada vez más","semakin banyak, semakin banyak",2
10-1,1.       ,馬丁,Mǎding ,,"Martin, a man from the UK",Martin (một người đàn ông từ Anh),มาร์ติน (Martin) (name),မာတင် (Martin) (name),マーティン (Mātin),마틴 (matin),"Martin, un hombre del Reino Unido","Martin, seorang pria dari Inggris",2
10-1,2.       ,包,bāo,V,to wrap,gói,ห่อ (ho),ထုပ် (htoke) / ထုပ်သည် (htoke thi),包む (tsutsumu) / 包む (kurumu),싸다 (ssada) / 포장하다 (pojanghada),envolver,membungkus,2
10-1,3.       ,餃子,jiǎozi ,N,dumplings,"bánh bao, sủi cảo",เกี๊ยว (kiao) / เกี๊ยวซ่า (kiao sa) (Japanese style),ဂျိုဇီ (gyo zi) / မုန့်ထုပ်တစ်မျိုး (mone htoke ta myo:),餃子 (gyōza),만두 (mandu) / 교자 (gyoja),empanadillas,pangsit,2
10-1,4.       ,脫,tuō ,V,"to remove, to take off (clothing)","cởi (quần áo, giày)",ถอด (thot),ချွတ်သည် (hut thi) / ဖြုတ်သည် (hpyote thi) (အဝတ်),脱ぐ (nugu),벗다 (beotda),"quitarse, quitarse (ropa)","melepas, melepas (pakaian)",2
10-1,5.       ,鞋,xié,N,shoes,giày,รองเท้า (rongthao),ဖိနပ် (hpi nut),靴 (kutsu),신발 (sinbal),zapatos,sepatu,2
10-1,6.       ,關,guān,V,to close,đóng,ปิด (pit),ပိတ်သည် (pate thi),閉める (shimeru) / 閉じる (tojiru),닫다 (datda) / 끄다 (kkeuda) (turn off),cerrar,menutup,2
10-1,7.       ,門,mén,N,door,cửa,ประตู (pratu),တံခါး (dan gar),ドア (doa),문 (mun),puerta,pintu,2
10-1,8.       ,春捲,chūnjuǎn,N,spring rolls,chả giò,เปาะเปี๊ยะ (po pia) / เปาะเปี๊ยะทอด (po pia thot),ကိုယ်လိပ် (ko leik),春巻き (harumaki),춘권 (chungwon) / 스프링 롤 (seupeuring rol),rollitos de primavera,lumpia,2
10-1,9.       ,泡菜,pàocài,N,"kimchi, pickled vegetables","kim chi, rau muối chua",กิมจิ (kimchi) / ผักดอง (phak dong),ကင်ချီ (kin gyi) / ဆားနယ်ချဉ် (hsa: ne chin),キムチ (kimuchi) / 漬物 (tsukemono),김치 (gimchi) / 피클 (pikeul),"kimchi, verduras encurtidas","kimchi, acar sayuran",2
10-1,10.    ,飯廳,fàntīng,N,dining room,phòng ăn,ห้องอาหาร (hong ahan) / ห้องกินข้าว (hong kin khao),ထမင်းစားခန်း (hta min: sar khan:),食堂 (shokudō) / ダイニングルーム (dainingu rūmu),식당 (sikdang) / 식사실 (siksasil),comedor,ruang makan,2
10-1,11.    ,下,xià,Ptc,to have enough space to accommodate,trợ từ chỉ đủ chỗ chứa,พอ (pho) / ได้ (dai) (enough space),ဆံ့ (hsan) / ဝင်ဆံ့ (win hsan) (enough space),〜できる (dekiru) / 〜入る (hairu),들어가다 (deureogada) / 수용하다 (suyonghada),tener suficiente espacio para acomodar,memiliki cukup ruang untuk menampung,2
10-1,12.    ,洗,xǐ ,V,to wash,rửa,ล้าง (lang),ဆေးသည် (hsay thi),洗う (arau),씻다 (ssitda) / 빨래하다 (ppallaehada) (clothes),lavar,mencuci,2
10-1,13.    ,做菜,zuòcài,V-sep,to cook,nấu ăn,ทำอาหาร (tham ahan) / ทำกับข้าว (tham kap khao),ဟင်းချက်သည် (hin: chet thi) / အစားအစာချက်ပြုတ်သည် (a sa a sa chet pyote thi),料理する (ryōri suru) / おかずを作る (okazu o tsukuru),요리하다 (yorihada) / 반찬을 만들다 (banchaneul mandeulda),cocinar,memasak,2
10-1,14.    ,水餃,shuǐjiǎo,N,dumplings (when boiled in water),sủi cảo (luộc),เกี๊ยวน้ำ (kiao nam),ပြုတ်ဂျိုဇီ (pyote gyo zi) / ပြုတ်မုန့်ထုပ် (pyote mone htoke),水餃子 (sui gyōza) / 茹で餃子 (yude gyōza),물만두 (mulmandu),bolas de masa (cuando se hierven en agua),pangsit (bila direbus dalam air),2
10-1,15.    ,煮,zhǔ,V,"to cook, to boil","nấu, đun sôi",ต้ม (tom),ပြုတ်သည် (pyote thi) / ကျိုသည် (kyo thi),煮る (niru) / 茹でる (yuderu),삶다 (samda) / 끓이다 (kkeurida),"cocinar, hervir","memasak, merebus",2
10-1,16.    ,壞,huài,Vp,to go bad,hỏng,เสีย (sia) / บูด (but) (food),ပုပ်သည် (poke thi) / ပျက်သည် (pyet thi),腐る (kusaru) / 悪くなる (waruku naru),상하다 (sanghada) / 나쁘다 (nappeuda),ir mal,menjadi buruk,2
10-1,17.    ,破, pò ,Vp,"to break, to split open","vỡ, rách",แตก (taek) / ขาด (khat),ကွဲသည် (kwe: thi) / ပေါက်သည် (pout thi) / စုတ်သည် (sote thi),破れる (yabureru) / 割れる (wareru),터지다 (teojida) / 깨지다 (kkaejida),"romper, abrirse","memecahkan, membelah",2
10-1,18.    ,餡兒,xiànr,N,filling,nhân (bánh),ไส้ (sai) / ได้ (dai),အဆာ (a hsa) / အနှစ် (a hnit),具 (gu) / フィリング (firingu),소 (so) / 내용물 (naeyongmul),relleno,isian,2
10-1,19.    ,扁,biǎn,Vs,flat,dẹt,แบน (baen),ပြားသည် (pya: thi),平たい (hiratai) / 扁平な (henpei na),납작하다 (napjakhada) / 편평하다 (pyeonpyeonghada),departamento,datar,2
10-1,20.    ,材料,cáiliào,N,ingredients,nguyên liệu,ส่วนผสม (suan phasom) / วัตถุดิบ (watthutip),ပါဝင်ပစ္စည်း (pa win pyit si:) / ကုန်ကြမ်း (kone kyan:),材料 (zairyō) / 食材 (shokuzai),재료 (jaeryo),ingredientes,bahan-bahan,2
10-1,21.    ,道,dào ,M,measure word for dishes of food,lượng từ cho món ăn,จาน (chan) / อย่าง (yang) (classifier for dishes),မျိုး (myo:) / ခွက် (khwet) (classifier),品 (shina) / 皿 (sara),접시 (jeopsi) / 가지 (gaji),medir palabra para platos de comida,mengukur kata untuk hidangan makanan,2
10-1,22.    ,飽,bǎo,Vs,"to have eaten enough, to be full",no,อิ่ม (im),ဝသည် (wa thi) / ဝပြီ (wa pyi),お腹がいっぱいだ (onaka ga ippai da),배부르다 (baebureuda),"haber comido lo suficiente, estar lleno","sudah makan cukup, kenyang",2
10-1,23.    ,光,guāng,Vp,"to be finished, none left",hết sạch,หมด (mot),ကုန်သည် (kone thi) / ပြီးသည် (pyi: thi),なくなる (naku naru) / 尽きる (tsukiru),다 떨어지다 (da tteoreojida) / 없어지다 (eopseojida),"por terminar, no queda ninguno","harus selesai, tidak ada lagi yang tersisa",2
10-1,24.    ,鍋子,guōzi,N,"pot, kettle, pan, wok","nồi, chảo",หม้อ (mo),အိုး (oe:) / ဒယ်အိုး (de oe:) / ဒယ် (de),鍋 (nabe) / フライパン (furaipan),냄비 (naembi) / 솥 (sot),"olla, tetera, sartén, wok","panci, ketel, wajan, wajan",2
10-1,25.    ,筷子,kuàizi,N,chopsticks,đũa,ตะเกียบ (takiap),တူ (tu),箸 (hashi),젓가락 (jeotgarak),palillos,sumpit,2
10-1,26.    ,碗,wǎn,N,bowl,bát,ชาม (cham),ပန်းကန် (pan kan),茶碗 (chawan) / ボウル (bōru),그릇 (geureut) / 사발 (sabal),bol,mangkuk,2
10-1,27.    ,韓國,Hánguó,,(South) Korea,Hàn Quốc,เกาหลี (Kaoli),ကိုရီးယား (ko ri: ya:),韓国 (Kankoku),한국 (Hanguk),(Corea del Sur,(Selatan) Korea,2
10-1,28.    ,看不出來,kàn bù chūlái,,"It does not occur to me that…, can’t tell (i.e., ascertain)","Không nhận ra rằng..., không thể phân biệt",มองไม่ออก (mong mai ok) / ดูไม่ออก (du mai ok),မမြင်ရ (ma myin ya) / မသိ (ma si),見分けがつかない (miwake ga tsukanai) / わからない (wakaranai),알아볼 수 없다 (arabbol su eopda) / 모르겠다 (moreugetda),"No se me ocurre que…, no puedo decir (es decir, determinar)","Tidak terpikir oleh saya bahwa…, tidak tahu (yaitu, memastikan)",2
10-1,29.    ,酸辣湯,suānlà tāng,,hot and sour soup,canh chua cay,ต้มยำ (tom yam) / ซุปเปรี้ยวเผ็ด (sup priao phet),ချဉ်စပ်ဟင်း (chin sut hin:) / အုန်းနို့ခွက် (one no khwet),酸辣湯 (suan latan) / サンラータン (sanrātan),매운탕 (maeuntang) / 산라탕 (sanratang),sopa agridulce,sup panas dan asam,2
10-2,1.       ,學期,xuéqí,N,semester,học kỳ,ภาคเรียน (phak rian) / เทอม (thoem),စာသင်နှစ် (sa thin hnit) / စာသင်ကာလ (sa thin ka la),学期 (gakki),학기 (hakgi),semestre,semester,2
10-2,2.       ,趁,chèn,Prep,"while, take advantage of","nhân lúc, tận dụng",ขณะที่ (khana thi) / ฉวยโอกาส (chuai okat),အခွင့်ကောင်းယူပြီး (a khwint kaung: yu pyi:) / ကိုအခွင့်ကောင်းယူ (go a khwint kaung: yu),〜うちに (uchi ni) / 〜に乗じて (ni jōjite),~을 틈타 (~eul teumta) / ~하는 김에 (~haneun gime),"mientras, aprovecha","sementara, manfaatkan",2
10-2,3.       ,皮,pí,N,"skin, wraps","vỏ, da (bánh)",เปลือก (plueak) / แผ่น (phaen) (wrapper),အခွံ (a khun) / အရေပြား (a yay pyar) / မုန့်လွှာ (mone hlwa) (wrapper),皮 (kawa) / 皮 (kawa) (wrapper),껍질 (kkeopjil) / 피 (pi) (wrapper),"piel, envolturas","kulit, bungkus",2
10-2,4.       ,嚐,cháng,V,"to savor, to taste",nếm thử,ชิม (chim) / ลิ้มรส (lim rot),မြည်းကြည့်သည် (myè: kyi thi) / အရသာကြည့်သည် (a ya dha kyi thi),味わう (ajiwau) / 試食する (shishoku suru),맛보다 (matboda) / 시식하다 (sikhada),"saborear, saborear","menikmati, mencicipi",2
10-2,5.       ,大白菜,dàbáicài,N,Chinese cabbage,cải thảo,ผักกาดขาว (phak kat khao),ဂေါ်ဖီထုပ် (gaw hpi htoke),白菜 (hakusai),배추 (baechu),col china,sawi putih,2
10-2,6.       ,加,jiā,V,to add,thêm vào,ใส่ (sai) / เติม (toem),ထည့်သည် (hte thi) / ပေါင်းထည့်သည် (pounce hte thi),加える (kuwaeru) / 入れる (ireru),넣다 (neota) / 추가하다 (chugahada),agregar,menambahkan,2
10-2,7.       ,鹽,yán,N,salt,muối,เกลือ (kluea),ဆား (hsa:),塩 (shio),소금 (sogeum),sal,garam,2
10-2,8.       ,拌,bàn,V,"to stir, to mix","trộn, khuấy",ผสม (phasom) / คลุก (khluk),နယ်သည် (ne thi) / မွှေသည် (hmwe thi),混ぜる (mazeru) / 和える (aeru),섞다 (seokda) / 비비다 (bibida),"revolver, mezclar","mengaduk, mencampur",2
10-2,9.       ,辣椒,làjiāo,N,chili peppers,ớt,พริก (phrik),ငရုတ်သီး (nga yote thi:),唐辛子 (tōgarashi) / チリ (chiri),고추 (gochu),chiles,cabai,2
10-2,10.    ,調味料,tiáowèiliào,N,seasonings,gia vị,เครื่องปรุงรส (khrueang prung rot),ဟင်းခတ်ပစ္စည်း (hin: khut pyit si:),調味料 (chōmiryō),조미료 (jomiryo) / 양념 (yangnyeom),condimentos,bumbu,2
10-2,11.    ,裝,zhuāng,V,to pack into,đóng gói vào,ใส่ (sai) / บรรจุ (banju),ထည့်သည် (hte thi) / ထုပ်ပိုးသည် (htoke poe thi),詰める (tsumeru) / 入れる (ireru),담다 (damda) / 넣다 (neota),empacar en,dikemas ke dalam,2
10-2,12.    ,玻璃,bōlí ,N,glass,thủy tinh,แก้ว (kaeo),ဖန် (hpan) / မှန် (hman),ガラス (garasu),유리 (yuri),vaso,kaca,2
10-2,13.    ,壽司,shòusī ,N,sushi,sushi,ซูชิ (suchi),ဆူရှီ (hsu she),寿司 (sushi),초밥 (chobap),sushi,sushi,2
10-2,14.    ,像,xiàng,Vst,such as; like,"chẳng hạn như, giống như",เช่น (chen) / อย่างเช่น (yang chen),ဥပမာ (u pa ma) / ကဲ့သို့ (ke dho),〜のような (no yō na) / 例えば (tatoeba),~와 같은 (~wa gateun) / 예를 들어 (yereul deureo),como; como,seperti; menyukai,2
10-2,15.    ,食物,shíwù,N,food,thực phẩm,อาหาร (ahan),အစားအစာ (a sa a sa) / စားစရာ (sar ca ya),食べ物 (tabemono) / 食品 (shokuhin),음식 (eumsik) / 식품 (sikpum),alimento,makanan,2
10-2,16.    ,做起來,zuò qǐlái,,"when undertaken, to do","khi làm, để làm",พอทำ (pho tham) / เมื่อทำ (muea tham) / ทำไป (tham pai),လုပ်ရင် (lote yin) / လုပ်ကြည့်ရင် (lote kyi yin),作ってみると (tsukutte miru to) / やってみると (yatte miru to),만들면 (mandeulmyeon) / 해보면 (haebomyeon),"cuando se emprende, hacer","ketika dilakukan, dilakukan",2
11-1,1.    ,其他,qítā ,Det,"other, the other, the remaining","khác, những cái còn lại",อื่น ๆ (uean uean) / ที่เหลือ (thi luea),အခြား (a char) / အခြားသော (a char thaw),他の (hoka no) / 別の (betsu no),다른 (dareun) / 기타 (gita),"otro, el otro, el restante","yang lain, yang lain, sisanya",2
11-1,2.    ,假期,jiàqí,N,"vacation, holiday",kỳ nghỉ,วันหยุด (wan yut) / ช่วงปิดเทอม (chuang pit thoem),အားလပ်ရက် (alut yet) / ရုံးပိတ်ရက် (yone: pate yet),休暇 (kyūka) / バカンス (bakansu),휴가 (hyuga) / 방학 (banghak),"vacaciones, feriado","liburan, liburan",2
11-1,3.    ,溫泉,wēnquán ,N,hot springs,suối nước nóng,บ่อน้ำร้อน (bo nam ron) / น้ำพุร้อน (nam phu ron),ပူအိုက်စမ်း (pu ate san:),温泉 (onsen),온천 (oncheon),aguas termales,sumber air panas,2
11-1,4.    ,建議,jiànyì,V,"to suggest, to recommand","đề nghị, gợi ý",แนะนำ (naenam),အကြံပေးသည် (a kyan pay thi),提案する (teian suru) / 勧める (susumeru),제안하다 (jeanhada) / 권하다 (gwonhada),"sugerir, recomendar","menyarankan, merekomendasikan",2
11-1,5.    ,票,piào ,N,ticket,vé,ตั๋ว (tua) / บัตร (bat),လက်မှတ် (let hmut),チケット (chiketto) / 切符 (kippu),표 (pyo) / 티켓 (tiket),boleto,tiket,2
11-1,6.    ,考慮,kǎolǜ ,V,to consider,cân nhắc,พิจารณา (phijarana) / คิดถึง (khit thueng),ထည့်သွင်းစဉ်းစားသည် (hte thwin sin: sar thi),考慮する (kōryo suru) / 検討する (kentō suru),고려하다 (goryeohada),considerar,dipertimbangkan,2
11-1,7.    ,順便,shùnbiàn ,Adv,"without making any extra effort, on the way, while doing something else, while one is at it","tiện thể, nhân tiện",สะดวก (saduak) / ระหว่างทาง (rawang thang) / เผื่อ (phuea),အဆင်ပြေရင် (a hsin pyay yin) / အခွင့်ကောင်းယူပြီး (a khwint kaung: yu pyi:),ついでに (tsuide ni) / 都合が良ければ (tsugō ga yokereba),겸 (gyeom) / 하는 김에 (haneun gime),"sin hacer ningún esfuerzo extra, en el camino, mientras se hace otra cosa, mientras uno está en ello","tanpa melakukan upaya ekstra apa pun, di tengah perjalanan, saat melakukan sesuatu yang lain, saat seseorang sedang melakukannya",2
11-1,8.    ,湖,hú ,N,lake,hồ,ทะเลสาบ (thale sap),အင်း (in:) / ကန် (kan),湖 (mizuumi),호수 (hosu),lago,danau,2
11-1,9.    ,原住民,yuánzhùmín ,N,aborigines,thổ dân,ชนพื้นเมือง (chon phuean mueang) / ชาวพื้นเมือง (chao phuean mueang),တိုင်းရင်းသား (tine: yin: tha:) / မူလအခြေချနေထိုင်သူ (mu la a chay chay nay thone thu),先住民 (senjūmin) / 原住民 (genjūmin),원주민 (wonjumin),aborígenes,penduduk asli,2
11-1,10.  ,趟,tàng ,M,measure word for a trip,lượng từ cho chuyến đi,เที่ยว (thiao) / ครั้ง (khrang),ခေါက် (khout) / ခါ (kha),回 (kai) / 度 (do),번 (beon) / 차례 (charye),medir palabra para un viaje,mengukur kata untuk sebuah perjalanan,2
11-1,11.  ,後來,hòulái ,Adv,later,sau này,หลังจากนั้น (lang chak nan) / ภายหลัง (phai lang),နောက်ပိုင်း (nout pine) / နောက်မှ (nout hma),その後 (sonogo) / 後で (ato de),나중에 (najunge) / 훗날 (hutnal),más tarde,Nanti,2
11-1,12.  ,注意,zhùyì ,V,to pay attention to,chú ý đến,สนใจ (son jai) / ตั้งใจ (tang jai) / ระวัง (rawang),သတိထားသည် (tha ti hta thi) / အာရုံစိုက်သည် (arone site thi),注意する (chūi suru) / 気をつける (ki o tsukeru),주의하다 (juuihada) / 조심하다 (josimhada),prestar atención a,diperhatikan,2
11-1,13.  ,沙灘,shātān ,N,beach,bãi biển,ชายหาด (chai hat),သဲသောင်ပြင် (thel thone pyin),砂浜 (sunahama) / ビーチ (bīchi),해변 (haebyeon) / 모래사장 (moraesajang),playa,pantai,2
11-1,14.  ,錢包,qiánbāo,N,"wallet, purse","ví, bóp",กระเป๋าสตางค์ (krapao satang),ပိုက်ဆံအိတ် (pite hsum ate),財布 (saifu),지갑 (jigap),"billetera, bolso","dompet, dompet",2
11-1,15.  ,不見,bújiàn,Vp,"to be lost, to disappear","bị mất, biến mất",หาย (hai) / สูญหาย (sun hai),ပျောက်သည် (pyout thi) / ပျောက်ဆုံးသည် (pyout hsone: thi),なくなる (naku naru) / 見えなくなる (mienaku naru),없어지다 (eopseojida) / 사라지다 (sarajida),"estar perdido, desaparecer","hilang, menghilang",2
11-1,16.  ,被,bèi ,Ptc,a particle marking a passive sentence,trợ từ bị động,ถูก (thuk) / โดย (doi) (passive marker),ကို (go) / သည် (thi) / ခံရ (khan ya) (passive marker),〜される (sareru) (passive form),~에게 ~당하다 (~ege ~danghada) (passive),una partícula que marca una oración pasiva,partikel yang menandai kalimat pasif,2
11-1,17.  ,偷,tōu,V,to steal,ăn cắp,ขโมย (khamoi),ခိုးသည် (khoe: thi),盗む (nusumu),훔치다 (humchida),robar,mencuri,2
11-1,18.  ,安全,ānquán ,Vs,safe,an toàn,ปลอดภัย (plod phai) / ปลอดภัย (plod phai),လုံခြုံသည် (lone chone thi) / ဘေးကင်းသည် (baye kin thi),安全な (anzen na),안전하다 (anjeonhada),seguro,aman,2
11-1,19.  ,值得,zhíde ,Vs,"worthwhile, worth",đáng giá,คุ้มค่า (khum kha) / น่าสนใจ (na son jai),တန်သည် (tan thi) / ထိုက်တန်သည် (hte tan thi),〜する価値がある (suru kachi ga aru) /  worthwhile,가치가 있다 (gachiga itda) / 할 만하다 (hal manhada),"vale la pena, vale la pena","berharga, bernilai",2
11-1,20.  ,墾丁,Kěndīng,,"Kenting, an area on the southern tip of Taiwan, famed for beaches and rain forest",Kenting (khu vực phía nam Đài Loan),เหิงติง (Kenting) (name),ခန်တင်း (Khan tin:) (name),墾丁 (Kending) (Japanese reading),컨딩 (Keonding),"Kenting, una zona en el extremo sur de Taiwán, famosa por sus playas y su selva tropical","Kenting, sebuah kawasan di ujung selatan Taiwan yang terkenal dengan pantai dan hutan hujannya",2
11-1,21.  ,台中,Táizhōng,,"Taichung city, in central Taiwan",Thành phố Đài Trung,ไถจง (Taichong),ထိုင်ချုင် (Tait hkyun),台中 (Taichū) (Japanese reading),타이중 (Taijung),"Ciudad de Taichung, en el centro de Taiwán","Kota Taichung, di Taiwan tengah",2
11-1,22.  ,日月潭,Rìyuè Tán,,"Sun Moon Lake, in central Taiwan",Hồ Nhật Nguyệt,ทะเลสาบสุริยันจันทรา (Thale sap Suriyan Chandra) / สุริยันจันทรา,ရီယွေ့ကန် (Ri ywe kan),日月潭 (Nichigetsutan),일월담 (Irwoldam),"Lago Sun Moon, en el centro de Taiwán","Danau Sun Moon, di Taiwan tengah",2
11-1,23.  ,水上活動,shuǐshàng huódòng ,,"water activities,water recreation",hoạt động dưới nước,กิจกรรมทางน้ำ (kitjakam thang nam),ရေလုပ်ဆောင်မှု (yay lote hsaung hmu),水上活動 (suijō katsudō) / ウォータースポーツ (wōtā supōtsu),수상 활동 (susang hwaldong),"actividades acuáticas, recreación acuática","aktivitas air, rekreasi air",2
11-1,24.  ,風景區,fēngjǐngqū,,scenic area,khu danh lam thắng cảnh,เขตภูมิทัศน์ (khet phumithat) / จุดชมวิว (jut chom wio),ရှုခင်းသာဒေသ (shu khin tha day tha),景勝地 (keishōchi) / 風景区 (fūkeiku),경치 좋은 지역 (gyeongchi joeun jiyeok),área escénica,daerah yang indah,2
11-2,1.    ,又,yòu,Adv,then,rồi thì,แล้วก็ (laew ko) / อีก (ik),ပြီးတော့ (pyi daw) / နောက်ပြီး (nout pyi:),そして (soshite) / また (mata),그리고 (geurigo) / 또 (tto),entonces,Kemudian,2
11-2,2.    ,遍,biàn,M,measure word for number of times,lượng từ cho số lần,ครั้ง (khrang) / เที่ยว (thiao),ခေါက် (khout) / ခါ (kha),回 (kai) / 度 (do),번 (beon) / 차례 (charye),medir la palabra por el número de veces,mengukur kata untuk berapa kali,2
11-2,3.    ,民宿,mínsù,N,Bed & Breakfast lodgings,nhà nghỉ Bed & Breakfast,โฮมสเตย์ (homstae) / บีแอนด์บี (bi aen bi),အိမ်တည်းခိုခန်း (ane te: khoe khan:),民宿 (minshuku) / B&B (bī ando bī),민박 (minbak),Alojamiento y desayuno,Penginapan Bed & Breakfast,2
11-2,4.    ,運氣,yùnqì ,N,luck,vận may,โชค (chok),ကံ (kan),運 (un) / 運勢 (unsei),운 (un) / 행운 (haeng'un),suerte,keberuntungan,2
11-2,5.    ,摩托車,mótuōchē ,N,motorcycle,xe máy,มอเตอร์ไซค์ (motoesai) / จักรยานยนต์ (jakkrayanyon),မော်တော်ဆိုင်ကယ် (maw taw hsaine ke),オートバイ (ōtobai) / バイク (baiku),오토바이 (otobai),motocicleta,sepeda motor,2
11-2,6.    ,熱帶,rèdài ,N,tropical region,vùng nhiệt đới,เขตร้อน (khet ron),အပူပိုင်းဒေသ (a pu pine day tha),熱帯 (nettai),열대 (yeoldae),región tropical,wilayah tropis,2
11-2,7.    ,植物,zhíwù,N,plants,thực vật,พืช (phuech),အပင် (a pin),植物 (shokubutsu),식물 (singmul),plantas,tanaman,2
11-2,8.    ,所有,suǒyǒu,Vs-attr,all ,tất cả,ทั้งหมด (thang mot) / ทุก ๆ (thuk thuk),အားလုံး (ar lone:) / ရှိသမျှ (shi a hmya),全ての (subete no) / あらゆる (arayuru),모든 (modeun) / 모든 것 (modeun geot),todo,semua,2
11-2,9.    ,白天,báitiān ,N,in the daytime,ban ngày,กลางวัน (klang wan),နေ့ဘက် (nay bhet),昼間 (hiruma) / 日中 (nitchū),낮 (nat) / 주간 (jugan),durante el día,di siang hari,2
11-2,10.  ,躺,tǎng ,Vi,to lie down,nằm xuống,นอน (non) / นอนลง (non long),လှဲလျောင်းသည် (hle: lyout: thi) / လှဲသည် (hle: thi),横になる (yoko ni naru) / 寝そべる (nesoberu),눕다 (nupda) / 드러눕다 (deureonupda),acostarse,berbaring,2
11-2,11.  ,黃昏,huánghūn ,N,dusk,hoàng hôn,พลบค่ำ (phlop kham) / สนธยา (sonthaya),ဆည်းဆာ (hsi: hsa) / နေဝင်ဆည်းဆာ (nay win hsi: hsa),夕暮れ (yūgure) / 黄昏 (tasogare),황혼 (hwanghon) / 해질녘 (haejillyeok),oscuridad,senja,2
11-2,12.  ,條,tiáo ,M,measure word for street,lượng từ cho đường phố,สาย (sai) / เส้น (sen) (classifier for street),ကြောင်း (kyout:) / ခု (khu) (classifier for street),本 (hon) (classifier for street),개 (gae) / 줄 (jul),medir palabra para calle,mengukur kata untuk jalan,2
11-2,13.  ,街,jiē ,N,street,đường phố,ถนน (thanon),လမ်း (lan),通り (tōri) / 街 (machi),거리 (geori),calle,jalan,2
11-2,14.  ,啤酒,píjiǔ,N,beer,bia,เบียร์ (bia),ဘီယာ (bi ya),ビール (bīru),맥주 (maekju),cerveza,bir,2
11-2,15.  ,上,shàng,Ptc,a verb particle indicating the coming into contact between two nouns,trợ từ chỉ sự tiếp xúc giữa hai danh từ,บน (bon) / ขึ้น (khuen) / ไว้ (wai) (contact particle),ပေါ် (paw) / ကို (go) (contact particle),〜に (ni) / 〜に乗せて (ni nosete),~에 (~e) / ~위에 (~wie),una partícula verbal que indica el contacto entre dos sustantivos,partikel kata kerja yang menunjukkan kontak antara dua kata benda,2
11-2,16.  ,又,yòu,Conj,and,và,และ (lae) / แล้วก็ (laew ko),နှင့် (hnin) / နဲ့ (ne),そして (soshite) / また (mata),그리고 (geurigo) / 또 (tto),y,Dan,2
11-2,17.  ,浪漫,làngmàn,Vs,romantic,lãng mạn,โรแมนติก (romaentik),အချစ်ဇာတ်လမ်းဆန်သော (a chit zat lan san thaw),ロマンチックな (romanchikku na),로맨틱하다 (romaentikhada),romántico,romantis,2
11-2,18.  ,家鄉,jiāxiāng,N,"hometown, usually a village",quê hương (thường là làng),บ้านเกิด (ban koet) / ถิ่นกำเนิด (thin kamnoet),ဇာတိမြေ (za ti myay) / မွေးရပ်မြေ (mway yup myay),故郷 (furusato) / 出身地 (shusshinchi),고향 (gohyang),"ciudad natal, generalmente un pueblo","kampung halaman, biasanya desa",2
11-2,19.  ,觀光客,guānguāngkè ,,tourist,khách du lịch,นักท่องเที่ยว (nak thong thiao),ခရီးသွားဧည့်သည် (kha yee thwar e thi),観光客 (kankōkyaku),관광객 (gwan'gwanggaek),turístico,turis,2
11-2,20.  ,曬太陽,shài tàiyáng,,to sunbathe,tắm nắng,อาบแดด (ap daet),နေလှန်းသည် (nay hlan thi) / နေပူဆာသည် (nay pu sar thi),日光浴をする (nikkōyoku o suru),일광욕하다 (ilgwangyokada),tomar el sol,berjemur,2
11-2,21.  ,水上摩托車,shuǐshàng mótuōchē ,,jet skis,xe mô tô nước,เจ็ตสกี (jet ski) / รถมอเตอร์ไซค์น้ำ (rot motoesai nam),ရေမော်တော်ဆိုင်ကယ် (yay maw taw hsaine ke),水上オートバイ (suijō ōtobai) / ジェットスキー (jettosukī),수상 오토바이 (susang otobai) / 제트스키 (jeteuseuki),motos de agua,jet ski,2
11-2,22.  ,愛上,àishàng,,to fall in love with,"yêu, phải lòng",ตกหลุมรัก (tok lum rak),ချစ်မိသွားသည် (chit mi thwar thi) / ချစ်သွားသည် (chit thwar thi),恋に落ちる (koi ni ochiru) / 好きになる (suki ni naru),사랑에 빠지다 (sarange ppajida),enamorarse de,jatuh cinta,2
12-1,1.       ,新,xīn ,Adv,newly,mới,ใหม่ (mai) / เพิ่ง (phoeng),အသစ် (a thit) / ခါစ (kha sa),新しく (atarashiku) / 新たに (arata ni),새로 (saero) / 최근 (choegeun),recién,baru saja,2
12-1,2.       ,開,kāi,V,to open (business),mở (kinh doanh),เปิด (poet) (ธุรกิจ),ဖွင့်သည် (hpwint thi) (စီးပွားရေး),開く (hiraku) / 開店する (kaiten suru),열다 (yeolda) / 개업하다 (gaeeophada),abrir (negocio),membuka (bisnis),2
12-1,3.       ,素食,sùshí ,N,vegetarian food,đồ ăn chay,อาหารเจ (ahan chay) / อาหารมังสวิรัติ (ahan mangsawirat),သက်သတ်လွတ်အစားအစာ (thet that lut a sa a sa),精進料理 (shōjin ryōri) / ベジタリアンフード (bejitarian fūdo),채식 (chaesik) / 채식 음식 (chaesik eumsik),comida vegetariana,makanan vegetarian,2
12-1,4.       ,速食,sùshí ,N,fast food,đồ ăn nhanh,อาหารจานด่วน (ahan chan duan),အမြန်စား အစားအစာ (a mman sar a sa a sa),ファストフード (fasuto fūdo) / 即席食品 (sokuseki shokuhin),패스트푸드 (paseuteu pudeu) / 즉석식품 (jeukseok sikpum),Comida rápida,makanan cepat saji,2
12-1,5.       ,錯,cuò ,Vp,"to be mistaken, wrong","sai, nhầm",ผิด (phit) / พลาด (phlat),မှားသည် (hma: thi) / မှား (hma:),間違う (machigau) / 間違い (machigai),틀리다 (teullida) / 잘못되다 (jalmotdoeda),"estar equivocado, equivocado","menjadi salah, salah",2
12-1,6.       ,肉,ròu,N,meat,thịt,เนื้อ (nuea) / เนื้อสัตว์ (nuea sat),အသား (a tha:),肉 (niku),고기 (gogi),carne,daging,2
12-1,7.       ,欸,èi ,Ptc,"an interjection particle, calling for attention",này (từ cảm thán gây sự chú ý),เฮ้ (hei) / โว้ย (woei) (interjection),အေး (aye) / ဟေး (hay) (interjection),おい (oi) / ねえ (nē),야 (ya) / 어이 (eoi),"una partícula de interjección, que llama la atención","partikel kata seru, meminta perhatian",2
12-1,8.       ,讓,ràng ,V,"to let, to make","để, khiến",ให้ (hai) / ทำให้ (tham hai),ပြုလုပ်သည် (pyu lote thi) / ခွင့်ပြုသည် (khwint pyu thi),〜させる (saseru) / 〜してもらう (shite morau),~하게 하다 (~hage hada) / ~시키다 (~sikida),"dejar, hacer","membiarkan, membuat",2
12-1,9.       ,吃素,chīsù ,V-sep,"to be a vegetarian, to eat vegetarian food",ăn chay,กินเจ (kin jay) / กินมังสวิรัติ (kin mangsawirat),သက်သတ်လွတ်စားသည် (thet that lut sar thi) / သတ်သတ်လွတ်စား (thut thut lut sa),菜食をする (saishoku o suru) / ベジタリアンになる (bejitarian ni naru),채식하다 (chaesikhada) / 채식을 하다 (chaesigeul hada),"ser vegetariano, comer comida vegetariana","menjadi vegetarian, makan makanan vegetarian",2
12-1,10.    ,漢堡,hànbǎo ,N,hamburger,bánh hamburger,แฮมเบอร์เกอร์ (haemboekoe),ဟမ်ဘာဂါ (ham ba ga),ハンバーガー (hanbāgā),햄버거 (haembeogeo),hamburguesa,hamburger,2
12-1,11.    ,變,biàn,Vp,to become,trở nên,เปลี่ยน (plian) / กลายเป็น (klai pen),ပြောင်းလဲသည် (pyoung le thi) / ဖြစ်လာသည် (pyit la thi),変わる (kawaru) / なる (naru),변하다 (byeonhada) / 되다 (doeda),convertirse en,menjadi,2
12-1,12.    ,胖,pàng,Vs,fat,béo,อ้วน (uan),ဝသည် (wa thi) / ဆူသည် (hsu thi),太った (futotta) / 太っている (futotte iru),뚱뚱하다 (ttungttunghada) / 살찌다 (saljjida),gordo,gemuk,2
12-1,13.    ,素菜,sùcài ,N,"vegetarian food, dishes",món chay,อาหารเจ (ahan jay) / ผัก (phak),သက်သတ်လွတ်ဟင်း (thet that lut hin:),精進料理 (shōjin ryōri) / 野菜料理 (yasai ryōri),채소 요리 (chaeso yori) / 채식 요리 (chaesik yori),"comida vegetariana, platos","makanan vegetarian, piring",2
12-1,14.    ,油膩,yóunì,Vs,"oily, greasy",nhiều dầu mỡ,มัน (man) / เลี่ยน (lian),ဆီစေးသည် (hsi say: thi) / ဆီပြန်သည် (hsi pyan thi),油っこい (aburakkoi) / 脂っこい (aburakkoi),기름지다 (gireumjida) / 느끼하다 (neukkihada),"aceitoso, grasoso","berminyak, berminyak",2
12-1,15.    ,樣,yàng ,M,"measure word for dishes, kinds","lượng từ cho món ăn, loại",ชนิด (chanit) / อย่าง (yang) (classifier for dishes),မျိုး (myo:) / ခု (khu) (classifier for dishes),種類 (shurui) / 品目 (hinmoku),종류 (jongnyu) / 가지 (gaji),"medir palabra para platos, tipos","mengukur kata untuk hidangan, jenis",2
12-1,16.    ,好奇,hàoqí,Vs,"curious, to wonder",tò mò,อยากรู้ (yak ru) / สงสัย (songsai),စပ်စပ်သည် (sut sut thi) / သိချင်သည် (si chin thi),好奇心が強い (kōkishin ga tsuyoi) / 不思議に思う (fushigi ni omou),호기심이 많다 (hogisimi manta) / 궁금하다 (gunggeumhada),"curioso, preguntarse","penasaran, bertanya-tanya",2
12-1,17.    ,女孩,nǚhái,N,girl,cô gái,เด็กผู้หญิง (dek phu ying),မိန်းကလေး (main kha lay),女の子 (onna no ko),여자아이 (yeoja ai) / 소녀 (sonyeo),chica,gadis,2
12-1,18.    ,青菜,qīngcài ,N,vegetables,rau xanh,ผักสด (phak sot) / ผัก (phak),ဟင်းသီးဟင်းရွက် (hin: thi: hin: ywet),青菜 (aona) / 青物 (aomono),푸성귀 (puseonggwi) / 채소 (chaeso),verduras,sayuran,2
12-1,19.    ,瘦,shòu ,Vs,thin,gầy,ผอม (phom),ပိန်သည် (pane thi),痩せた (yaseta) / 細い (hosoi),마르다 (mareuda) / 날씬하다 (nalssinhada),delgado,tipis,2
12-1,20.    ,室友,shìyǒu,N,roommate,bạn cùng phòng,เพื่อนร่วมห้อง (phuean ruam hong),အခန်းဖော် (a khan phaw),ルームメイト (rūmumeito),룸메이트 (rummeiteu) / 룸메 (rumme),compañero de cuarto,teman sekamar,2
12-1,21.    ,豬肉,zhūròu ,N,pork,thịt lợn,หมู (mu),ဝက်သား (wet tha:),豚肉 (butaniku),돼지고기 (dwaejigogi),cerdo,babi,2
12-1,22.    ,西方,xīfāng,N,"the West, western",phương Tây,ตะวันตก (tawantok) / ประเทศตะวันตก (prathet tawantok),အနောက်နိုင်ငံ (a nout nine gan) / အနောက်တိုင်း (a nout tine:),西洋 (seiyō) / 西方 (seihō),서양 (seoyang) / 서방 (seobang),"el oeste, occidental","barat, barat",2
12-1,23.    ,完全,wánquán ,Adv,completely,hoàn toàn,อย่างสมบูรณ์ (yang sombun) / โดยสมบูรณ์ (doi sombun),လုံးဝ (lone wa) / အပြည့်အဝ (a pyay a wa),完全に (kanzen ni) / 全く (mattaku),완전히 (wanjeonhi) / 전혀 (jeonhyeo),completamente,sama sekali,2
12-1,24.    ,鹹,xián,Vs,salty,mặn,เค็ม (khem),ငန်သည် (ngan thi),塩辛い (shiokarai),짜다 (jjada),salado,asin,2
12-1,25.    ,炸,zhá,V,to deep fry,chiên ngập dầu,ทอด (thot),ကြော်သည် (kyaw thi),揚げる (ageru),튀기다 (twigida),freír,menggoreng,2
12-1,26.    ,烤,kǎo ,V,"to grill, to roast, to BBQ","nướng, BBQ",ย่าง (yang) / ปิ้ง (ping),ကင်သည် (kin thi) / မီးကင်သည် (mi: kin thi),焼く (yaku) / グリルする (guriru suru),굽다 (gupda),"asar, asar, hacer barbacoa","memanggang, memanggang, hingga BBQ",2
12-1,27.    ,沙拉,shālā ,N,salad,salad,สลัด (salat),ဆလဒ် (hsa lut),サラダ (sarada),샐러드 (saelreodeu),ensalada,salad,2
12-1,28.    ,麥當勞,Màidāngláo ,,McDonald’s,McDonald's,แมคโดนัลด์ (Maekdonald),မက်ဒေါ်နယ် (Met daw nel),マクドナルド (Makudonarudo),맥도날드 (Maekdonareudeu),McDonald's,McDonald's,2
12-1,29.    ,速食店,Sùshí diàn,,fast food restaurant,cửa hàng đồ ăn nhanh,ร้านอาหารจานด่วน (ran ahan chan duan),အမြန်စားဆိုင် (a mman sar saine),ファストフード店 (fasuto fūdo ten),패스트푸드점 (paseuteu pudeu jeom),restaurante de comida rápida,restoran cepat saji,2
12-2,1,只要,zhǐyào ,Conj,as long as,miễn là,只要 (zhiyao) (Chinese) / แค่ (khae) / เพียงแค่ (phiang khae),သာလျှင် (tha hlyin) / ရင်တော့ (yin daw),〜さえすれば (sae sureba) / 〜でありさえすれば (de ari sae sureba),~하기만 하면 (~hagiman hamyeon),mientras,selama,2
12-2,2.       ,討厭,tǎoyàn,Vst,to dislike,"ghét, không thích",เกลียด (kliat),မုန်းသည် (mone thi) / ရွံသည် (yun thi),嫌う (kirau) / 嫌い (kirai),싫어하다 (sireohada) / 미워하다 (miwohada),desagradar,tidak suka,2
12-2,3.       ,餐,cān ,M,measure word for meal,lượng từ cho bữa ăn,มื้อ (mue) (classifier for meal),ခု (khu) / နပ် (nut) (classifier for meal),食 (shoku) / 回 (kai),끼 (kki) / 식사 (siksa),medir palabra para comida,mengukur kata untuk makan,2
12-2,4.       ,宗教,zōngjiào ,N,religion,tôn giáo,ศาสนา (satsana),ဘာသာ (bhasa) / သာသနာ (tha tha na),宗教 (shūkyō),종교 (jonggyo),religión,agama,2
12-2,5.       ,關係,guānxi ,N,relationship,mối quan hệ,ความสัมพันธ์ (khwam samphan),ဆက်သွယ်မှု (hset thwe hmu) / ဆက်ဆံရေး (hset hsan yay),関係 (kankei) / 縁 (en),관계 (gwangye),relación,hubungan,2
12-2,6.       ,薯條,shǔtiáo,N,French fries,khoai tây chiên,เฟรนช์ฟรายส์ (french fries) / มันฝรั่งทอด (man farang thot),အာလူးကြော် (a lu: kyaw),フライドポテト (furaido poteto) / フレンチフライ (furenchi furai),감자튀김 (gamja twigim) / 프렌치 프라이 (peurenchi peurai),papas fritas,kentang goreng,2
12-2,7.       ,作法,zuòfǎ ,N,"way of doing something, e.g., cooking",cách làm,วิธีทำ (withi tham) / วิธีการ (withikan),လုပ်နည်း (lote ne) / ချက်နည်း (chet ne),作り方 (tsukurikata) / 方法 (hōhō),만드는 법 (mandeuneun beop) / 방법 (bangbeop),"forma de hacer algo, por ejemplo, cocinar","cara melakukan sesuatu, misalnya memasak",2
12-2,8.       ,越,yuè ,Adv,more,càng,ยิ่ง (ying) / มากขึ้น (mak khuen),ပို (po) / ပို၍ (po yway),より (yori) / ますます (masumasu),더 (deo) / 점점 (jeomjeom),más,lagi,2
12-2,9.       ,簡單,jiǎndān,Vs,simple,đơn giản,ง่าย (ngai) / เรียบง่าย (riap ngai),ရိုးရှင်းသည် (yoe: shin thi),簡単な (kantan na) / シンプルな (shinpuru na),간단하다 (gandanhada) / 단순하다 (dansunhada),simple,sederhana,2
12-2,10.    ,蒸,zhēng ,V,to steam,hấp,นึ่ง (nueng),ပေါင်းသည် (pounce thi) / ကျိုသည် (kyo thi),蒸す (musu) / 蒸し料理にする (mushi ryōri ni suru),찌다 (jjida) / 증기로 익히다 (jeunggiro ikida),al vapor,mengukus,2
12-2,11.    ,有機,yǒujī ,Vs-attr,organic,hữu cơ,อินทรีย์ (insri) / ออร์แกนิค (o-kaenik),အော်ဂဲနစ် (aw ge nit),有機の (yūki no) / オーガニック (ōganikku),유기농의 (yuginong-ui) / 오가닉 (oganik),orgánico,organik,2
12-2,12.    ,食品,shípǐn ,N,food,thực phẩm,อาหาร (ahan) / ผลิตภัณฑ์อาหาร (phalittaphan ahan),စားသောက်ကုန် (sar thout kone) / အစားအသောက် (a sa a thout),食品 (shokuhin) / 食材 (shokuzai),식품 (sikpum) / 식료품 (singnyopum),alimento,makanan,2
12-2,13.    ,地球,dìqiú ,N,the earth,trái đất,โลก (lok),ကမ္ဘာဂြိုဟ် (ka ba gyoe) / ကမ္ဘာ (ka ba),地球 (chikyū),지구 (jigu),la tierra,bumi,2
12-2,14.    ,汙染,wūrǎn ,N,pollution,ô nhiễm,มลพิษ (monlaphit) / มลภาวะ (monlaphawa),ညစ်ညမ်းမှု (nyit nyin hmu),汚染 (osen),오염 (oyeom),contaminación,polusi,2
12-2,15.    ,嚴重,yánzhòng ,Vs,serious,nghiêm trọng,ร้ายแรง (rai raeng) / รุนแรง (run raeng),ပြင်းထန်သည် (pyin: htan thi) / ဆိုးရွားသည် (hsoe ywa: thi),深刻な (shinkoku na) / 重大な (jūdai na),심각하다 (simgakhada) / 중대하다 (jungdaehada),grave,serius,2
12-2,16.    ,衛生,wèishēng ,N,hygiene,vệ sinh,สุขอนามัย (suk ana mai) / ความสะอาด (khwam saat),သန့်ရှင်းမှု (thant shin hmu) / ကျန်းမာရေး (kyan: ma yay),衛生 (eisei) / 衛生状態 (eisei jōtai),위생 (wisaeng),higiene,kebersihan,2
12-2,17.    ,營養,yíngyǎng,N,nutrition,dinh dưỡng,โภชนาการ (phochanakan) / สารอาหาร (san ahan),အာဟာရ (a ha ya),栄養 (eiyō),영양 (yeong'yang),nutrición,nutrisi,2
12-2,18.    ,什麼的,shénmede,,things like (that); etc.,"những thứ như vậy, vân vân",อะไรทำนองนั้น (arai thamnong nan) / เป็นต้น (pen ton),စသည်တို့ (sa dhe do) / အစရှိသည် (a ca shi thi),など (nado) / といったもの (to itta mono),등 (deung) / 뭐 그런 것 (mwo geureon geot),cosas como (eso); etc.,hal-hal seperti (itu); dll.,2
13-1,1.    ,林愛麗,Lín àilì,,"Lin Aili, a woman from Canada",Lâm Ái Lệ (một phụ nữ từ Canada),หลิน อ้ายลี่ (Lin Aili) (name),လင်အိုက်လီ (Lin Aye li) (name),林愛麗 (Lin Airei) (Japanese reading),린아이리 (Rin Aili),"Lin Aili, una mujer de Canadá","Lin Aili, seorang wanita asal Kanada",2
13-1,2.    ,掉,diào,Vp,to lose,làm mất,ตก (tok) / หาย (hai) / ทำหาย (tham hai),ပြုတ်သည် (pyote thi) / ကျသည် (kya thi) / ပျောက်သည် (pyout thi),落とす (otosu) / なくす (nakusu),잃어버리다 (ireobeorida) / 떨어뜨리다 (tteoreotteurida),perder,kalah,2
13-1,3.    ,低頭,dītóu,V-sep,to lower one’s head,cúi đầu,ก้มหน้า (kom na),ခေါင်းငုံ့သည် (khaung ngone thi),うつむく (utsumuku) / 頭を下げる (atama o sageru),고개를 숙이다 (gogaereul sugida),bajar la cabeza,menundukkan kepala,2
13-1,4.    ,傳,chuán,V,"to send (text message, email)","gửi (tin nhắn, email)",ส่ง (song) / ส่งข้อความ (song khokhwam),ပို့သည် (po thi) / ထုတ်လွှင့်သည် (htoke hlwint thi),送る (okuru) / 伝える (tsutaeru),보내다 (bonaeda) / 전하다 (jeonhada),"enviar (mensaje de texto, correo electrónico)","mengirim (pesan teks, email)",2
13-1,5.    ,過,guò ,Ptc,a phase particle indicating completion of an action,trợ từ chỉ sự hoàn thành hành động,แล้ว (laew) / เสร็จ (set) / ผ่าน (phan),ပြီး (pyi:) / ပြီ (pyi) (completion particle),〜終わる (owaru) / 〜た (ta),~고 나다 (~go nada) / ~었다 (~eotda),una partícula de fase que indica la finalización de una acción,partikel fase yang menunjukkan selesainya suatu tindakan,2
13-1,6.    ,簡訊,jiǎnxùn ,N,text message,tin nhắn văn bản,ข้อความสั้น (khokhwam san) / เอสเอ็มเอส (ESMES),စာတို (sa doe),ショートメール (shōto mēru) / SMS (esuemu-esu),문자 메시지 (munja mesiji) / SMS (eseuemeseu),mensaje de texto,pesan teks,2
13-1,7.    ,功能,gōngnéng ,N,function,chức năng,ฟังก์ชัน (fangchan) / ความสามารถ (khwam samat),လုပ်ဆောင်ချက် (lote hsaung chet),機能 (kinō) / ファンクション (fankushon),기능 (gineung),función,fungsi,2
13-1,8.    ,生氣,shēngqì ,Vs-sep,to get angry at,tức giận,โกรธ (krot),စိတ်ဆိုးသည် (sate hsoe: thi),怒る (okoru) / 腹が立つ (hara ga tatsu),화내다 (hwanaeda) / 성내다 (seongnaeda),enojarse con,marah,2
13-1,9.    ,叫,jiào ,V,to tell,"bảo, kêu",บอก (bok) / เรียก (riak),ခေါ်သည် (khaw thi) / ပြောသည် (pyaw thi),言う (iu) / 呼ぶ (yobu),말하다 (malhada) / 부르다 (bureuda),decir,memberitahu,2
13-1,10.  ,罵,mà ,V,"to yell at, to scold, to tell off","mắng, quở trách",ด่า (da) / ตำหนิ (tamni),ဆဲသည် (hse thi) / ကြိမ်းမောင်းသည် (kyein: moung: thi),叱る (shikaru) / 罵る (nonoshiru),욕하다 (yokada) / 꾸짖다 (kkujitda),"gritar, regañar, regañar","berteriak, memarahi, memberitahu",2
13-1,11.  ,健身房,jiànshēnfáng ,N,gym,phòng tập gym,ฟิตเนส (fitnet) / ห้องออกกำลังกาย (hong ok kamlang kai),အားကစားခန်းမ (ar ka sar khan ma),ジム (jimu) / フィットネスクラブ (fitness kurabu),헬스장 (helseujang) / 피트니스 클럽 (piteuniseu keulleop),gimnasia,gimnasium,2
13-1,12.  ,啦,la,Ptc,"a sentence-final particle indicating a question, 了+啊",trợ từ cuối câu (了+啊),啦 (la) (Chinese particle) / หรือ (rue) (question particle),လား (lar) (question particle),〜か (ka) (question particle) / 〜だよ (da yo),~ㄹ까 (~lgga) / ~냐 (~nya),"una partícula al final de la oración que indica una pregunta, 了+啊","partikel akhir kalimat yang menunjukkan pertanyaan, 了+啊",2
13-1,13.  ,查,chá ,V,"to check, to look up (for information)","kiểm tra, tra cứu",ตรวจ (truat) / ค้นหา (khn ha),စစ်ဆေးသည် (sit hsay thi) / ရှာဖွေသည် (sha pway thi),調べる (shiraberu) / チェックする (chekku suru),확인하다 (hwagin hada) / 찾다 (chatda),"comprobar, buscar (para obtener información)","memeriksa, mencari (untuk informasi)",2
13-1,14.  ,班機,bānjī ,N,flight,chuyến bay,เที่ยวบิน (thiao bin),လေယာဉ်ခရီးစဉ် (lay yin kha yee sin),便 (bin) / フライト (furaito),항공편 (hanggongpyeon) / 비행기 편 (bihaenggi pyeon),vuelo,penerbangan,2
13-1,15.  ,訂位,dìngwèi ,V-sep,to make reservations,đặt chỗ,จองที่นั่ง (jong thi nang),နေရာကြိုတင်မှာယူသည် (nayar kyo tin hmar yu thi),予約する (yoyaku suru),예약하다 (yeyakada),hacer reservas,membuat reservasi,2
13-1,16.  ,電,diàn,N,electric power,điện,ไฟฟ้า (faifa),လျှပ်စစ် (hlyut sit) / ဓာတ်အား (dhot ar),電気 (denki) / 電力 (denryoku),전기 (jeongi),energía eléctrica,tenaga listrik,2
13-1,17.  ,充電,chōngdiàn ,V-sep,to charge (the battery of an electronic device),sạc (pin),ชาร์จ (chat) / ประจุไฟฟ้า (praju faifa),အားသွင်းသည် (ar thwin thi),充電する (jūden suru),충전하다 (chungjeonhada),cargar (la batería de un dispositivo electrónico),mengisi daya (baterai perangkat elektronik),2
13-1,18.  ,糊塗,hútú ,Vs,muddle-headed,đãng trí,สับสน (sapsorn) / งง (ngong),တွေဝေသည် (tway way thi) / မိုက်မဲသည် (mite me thi),ぼんやりした (bon'yari shita) / 間抜けな (manuke na),멍청하다 (meongcheonghada) / 혼란스럽다 (hollanseureopda),confuso,berkepala dingin,2
13-1,19.  ,喔,ō,Ptc,a sentence-final particle indicating a suggestion,trợ từ cuối câu chỉ gợi ý,นะ (na) / โอ (o) (suggestion particle),နော် (naw) / အော် (aw) (suggestion particle),〜よ (yo) / 〜ね (ne),~요 (~yo) / ~지 (~ji),una partícula al final de la oración que indica una sugerencia,partikel akhir kalimat yang menunjukkan saran,2
13-1,20.  ,義大利,Yìdàlì ,,Italy,Ý,อิตาลี (Itali),အီတလီ (I ta li),イタリア (Itaria),이탈리아 (itallia),Italia,Italia,2
13-1,21.  ,拿走,názǒu ,,to take away,lấy đi,เอาไป (ao pai),ယူသွားသည် (yu thwar thi),持ち去る (mochisaru) / 持って行く (motte iku),가져가다 (gajeogada),quitar,mengambil,2
13-1,22.  ,撿到,jiǎndào ,,"to find something, to pick up",nhặt được,เจอ (joe) / พบ (phop) / เก็บได้ (kep dai),ကောက်မိသည် (kout mi thi) / တွေ့သည် (tway thi),拾う (hirou) / 見つける (mitsukeru),줍다 (jupda) / 발견하다 (balgyeonhada),"encontrar algo, recoger","menemukan sesuatu, mengambil",2
13-1,23.  ,留下,liúxià,,to keep for oneself,giữ lại cho bản thân,เก็บไว้ (kep wai) / ทิ้งไว้ (thing wai),ချန်ထားသည် (chan hta thi) / သိမ်းထားသည် (thate hta thi),残す (nokosu) / 取っておく (totte oku),남기다 (namgida) / 간직하다 (ganjikhada),guardar para uno mismo,menyimpannya untuk diri sendiri,2
13-2,1.    ,網路,wǎnglù,N,the internet,internet,อินเทอร์เน็ต (inthoernet),အင်တာနက် (in tar net),インターネット (intānetto),인터넷 (inteonet),La Internet,internet,2
13-2,2.    ,發生,fāshēng ,Vp,to happen,xảy ra,เกิดขึ้น (koet khuen) / เกิด (koet),ဖြစ်ပျက်သည် (pyit pyet thi) / ဖြစ်ပေါ်သည် (pyit paw thi),起こる (okoru) / 発生する (hassei suru),발생하다 (balsaenghada) / 일어나다 (ireonada),suceder,terjadi,2
13-2,3.    ,事情,shìqíng ,N,"event, happening","sự kiện, chuyện xảy ra",เรื่อง (rueang) / เหตุการณ์ (hetkan),အဖြစ်အပျက် (a phyit a pyet) / ကိစ္စ (kite sa),事 (koto) / 出来事 (dekigoto),일 (il) / 사건 (sageon),"evento, sucediendo","peristiwa, terjadi",2
13-2,4.    ,消息,xiāoxí,N,"news, information","tin tức, thông tin",ข่าว (khao) / ข่าวสาร (khao san),သတင်း (tha tin:) / သတင်းအချက်အလက် (tha tin a chet a let),ニュース (nyūsu) / 情報 (jōhō),소식 (sosik) / 정보 (jeongbo),"noticias, información","berita, informasi",2
13-2,5.    ,透過,tòuguò ,Prep,through,thông qua,ผ่าน (phan) / โดยผ่าน (doi phan),မှတစ်ဆင့် (hma ta hsin) / မှ (hma),〜を通じて (o tsūjite) / 〜によって (ni yotte),~을 통해 (~eul tonghae),a través de,melalui,2
13-2,6.    ,世界,shìjiè ,N,the world,thế giới,โลก (lok),ကမ္ဘာ (ka ba) / လောက (law ka),世界 (sekai),세계 (segye),el mundo,dunia,2
13-2,7.    ,節省,jiéshěng,V,to save,tiết kiệm,ประหยัด (prayat),ချွေတာသည် (chway ta thi),節約する (setsuyaku suru) / 省く (habuku),절약하다 (jeoryakhada) / 아끼다 (akkida),guardar,menyimpan,2
13-2,8.    ,起床,qǐchuáng ,Vp-sep,to get out of bed,ra khỏi giường,ตื่นนอน (tuen non) / ลุกจากเตียง (luk jak tiang),အိပ်ရာထသည် (ate yar hta thi),起きる (okiru) / 起床する (kishō suru),일어나다 (ireonada) / 기상하다 (gisanghada),levantarse de la cama,bangun dari tempat tidur,2
13-2,9.    ,檢查,jiǎnchá,V,to check,kiểm tra,ตรวจสอบ (truat sop),စစ်ဆေးသည် (sit hsay thi),検査する (kensa suru) / チェックする (chekku suru),검사하다 (geomsahada) / 확인하다 (hwagin hada),comprobar,memeriksa,2
13-2,10.  ,郵件,yóujiàn ,N,mail,thư (điện tử),อีเมล (e-mail) / จดหมาย (jotmai),အီးမေးလ် (e-mail) / စာ (sa),メール (mēru) / 郵便物 (yūbinbutsu),우편 (upyeon) / 이메일 (imeil),correo,surat,2
13-2,11.  ,立刻,lìkè ,Adv,immediately,ngay lập tức,ทันที (thanthi) / เดี๋ยวนี้ (diao ni),ချက်ချင်း (chet chin) / ချက်ချင်းပင် (chet chin pin),すぐに (sugu ni) / 直ちに (tadachi ni),즉시 (jeuksi) / 곧 (got),inmediatamente,langsung,2
13-2,12.  ,上傳,shàngchuán ,V,"to upload, to post","tải lên, đăng",อัปโหลด (upload) / อัปโหลด (upload),တင်သည် (tin thi) / အပ်လုဒ်တင်သည် (upload tin thi),アップロードする (appurōdo suru) / 投稿する (tōkō suru),업로드하다 (eomnodeu hada) / 게시하다 (gesihada),"subir, publicar","mengunggah, memposting",2
13-2,13.  ,正常,zhèngcháng ,Vs,to be normal,bình thường,ปกติ (pokati) / ธรรมดา (thammada),ပုံမှန် (pone hman) / သာမာန် (tha man),正常な (seijō na) / 普通の (futsū no),정상적이다 (jeongsangjeogida) / 보통이다 (botong'ida),ser normal,menjadi biasa,2
13-2,14.  ,談,tán ,V,"to talk over, to talk about, to discuss","nói chuyện, thảo luận",พูดคุย (phut khui) / สนทนา (sonthana),ဆွေးနွေးသည် (sway nay thi),話し合う (hanashiau) / 議論する (giron suru),이야기하다 (iyagihada) / 논의하다 (nonuihada),"hablar sobre, hablar sobre, discutir","membicarakan, membicarakan, berdiskusi",2
13-2,15.  ,現代人,xiàndài rén ,,"modern day people, people today",con người hiện đại,คนสมัยใหม่ (khon samai mai) / คนยุคใหม่ (khon yuk mai),ခေတ်သစ်လူသား (khet thit lu tha:) / မော်ဒန်လူသား (modern lu tha:),現代人 (gendai jin),현대인 (hyeondaein),"gente de hoy en día, gente de hoy","orang-orang modern, orang-orang saat ini",2
13-2,16.  ,比方說,bǐfāng shuō ,,for example,ví dụ,ตัวอย่างเช่น (toyang chen) / ยกตัวอย่าง (yok toyang),ဥပမာ (u pa ma) / ဥပမာအားဖြင့် (u pa ma a: hpyin),例えば (tatoeba),예를 들면 (yereul deulmyeon) / 예컨대 (yeokeondae),Por ejemplo,Misalnya,2
13-2,17.  ,做到,zuòdào,,"to be able to achieve, to succeed in doing","có thể đạt được, thành công trong việc làm",ทำได้ (tham dai) / บรรลุ (banlu),လုပ်နိုင်သည် (lote nine thi) / အောင်မြင်သည် (aung myin thi),成し遂げる (nashitogeru) / 達成する (tassei suru),해내다 (haenaeda) / 성취하다 (seongchwihada),"poder lograr, tener éxito en hacer","dapat mencapai, berhasil dalam melakukan",2
13-2,18.  ,第一手,dìyīshǒu,,first hand,trực tiếp (first hand),มือแรก (mue raek) / โดยตรง (doi trong),ကိုယ်တိုင်ကိုယ်ကျ (kobe tine kobe kya) / ပထမလက်ဆင့် (pa hta ma let hsin),直接 (chokusetsu) / 一次 (ichiji),직접 (jikjeop) / 일차 (ilcha),primera mano,tangan pertama,2
13-2,19.  ,急著,jízhe,,in a hurry to,đang vội,รีบ (rip) / เร่งรีบ (reng rip),အလျင်စလို (a lyin sa lo) / မြန်မြန် (mman mman),急いで (isoide) / せかせかして (sekaseka shite),급히 (geuphi) / 서둘러서 (seodulleoseo),con prisa por,terburu-buru untuk,2
13-2,20.  ,打招呼,dǎ zhāohū ,,to greet someone; to say hello; to wave at someone,chào hỏi,ทักทาย (thak thai) / กล่าวทักทาย (klao thak thai),နှုတ်ဆက်သည် (hnote hset thi) / ဟိုင်းပြောသည် (haine pyaw thi),挨拶する (aisatsu suru) / 声をかける (koe o kakeru),인사하다 (insahada),saludar a alguien; saludar; saludar a alguien,menyapa seseorang; menyapa; melambai pada seseorang,2
13-2,21.  ,面對面,miàn duì miàn,,face-to-face,mặt đối mặt,เผชิญหน้า (phachoern na) / ตัวต่อตัว (tua to tua),မျက်နှာချင်းဆိုင် (myet hnar chin saine),面と向かって (men to mukatte) / 対面で (taimen de),대면하여 (daemyeon hayeo) / 마주보고 (majubogo),cara a cara,tatap muka,2
14-1,1.    ,將來,jiānglái ,N,the future,tương lai,อนาคต (anakhot),အနာဂတ် (a na gut),将来 (shōrai) / 未来 (mirai),장래 (jangnae) / 미래 (mirae),el futuro,masa depan,2
14-1,2.    ,徵求,zhēngqiú ,V,"to seek, to invite applications for","tìm kiếm, mời ứng tuyển",ขอ (kho) / หา (ha) / รับสมัคร (rap samak),တောင်းခံသည် (taung: khan thi) / ရှာဖွေသည် (sha pway thi) / လျှောက်လွှာခေါ်သည် (hlyout hlwa khaw thi),募集する (boshū suru) / 求める (motomeru),구하다 (guhada) / 모집하다 (mojiphada),"buscar, invitar a presentar solicitudes para","mencari, mengundang lamaran",2
14-1,3.    ,教師,jiàoshī ,N,instructor,"giáo viên, giảng viên",ครู (khru) / อาจารย์ (achan),ဆရာ (hsa ya) / ဆရာမ (hsa ya ma) / နည်းပြ (nay: pya),教師 (kyōshi) / 先生 (sensei),교사 (gyosa) / 선생님 (seonsaengnim),instructor,pengajar,2
14-1,4.    ,認為,rènwéi,Vst,"to have the opinion that, to think","cho rằng, nghĩ rằng",คิดว่า (khit wa) / เห็นว่า (hen wa),ထင်သည် (htin thi) / ယူဆသည် (yu hsa thi),〜と思う (to omou) / 〜と考える (to kangaeru),~라고 생각하다 (~rago saenggakhada) / 간주하다 (ganjuhada),"tener la opinión de que, pensar","memiliki pendapat itu, berpikir",2
14-1,5.    ,畢業,bìyè ,Vp-sep,to graduate,tốt nghiệp,จบการศึกษา (chop kansueksa) / สำเร็จการศึกษา (samret kansueksa),ဘွဲ့ရသည် (bhwe ya thi) / ကျောင်းပြီးသည် (kyaung: pyi: thi),卒業する (sotsugyō suru),졸업하다 (joreophada),graduarse,lulus,2
14-1,6.    ,發展,fāzhǎn ,V,to develop,phát triển,พัฒนา (phatthana),ဖွံ့ဖြိုးသည် (hpwin. hpyo: thi) / ဖွံ့ဖြိုးတိုးတက်သည် (hpwin. hpyo: toe te thi),発展する (hatten suru) / 開発する (kaihatsu suru),발전하다 (baljeonhada) / 개발하다 (gaebalhada),desarrollar,berkembang,2
14-1,7.    ,連,lián,Prep,even,ngay cả,แม้แต่ (mae tae) / แม้กระทั่ง (mae krathang),တောင် (taung) / ပင် (pin) / သည့်တိုင် (thi dine),〜さえ (sae) / 〜も (mo),~조차 (~jocha) / ~도 (~do),incluso,bahkan,2
14-1,8.    ,想法,xiǎngfǎ,N,"thoughts, way of thinking, idea","suy nghĩ, ý tưởng",ความคิด (khwam khit) / แนวคิด (naeo khit),အတွေး (a tway:) / အကြံအစည် (a kyan a si),考え方 (kangaekata) / アイデア (aidea),생각 (saenggak) / 아이디어 (aidieo),"pensamientos, forma de pensar, idea","pikiran, cara berpikir, ide",2
14-1,9.    ,不但,búdàn ,Conj,not only,không chỉ,ไม่เพียงแต่ (mai phiang tae) / นอกจากนี้ (nok chak ni),သာမက (tha ma ka) / ရုံသာမက (yone tha ma ka),だけでなく (dake de naku) / のみならず (nomi narazu),뿐만 아니라 (ppunman anira),no solo,tidak hanya,2
14-1,10.  ,繼續,jìxù ,Vaux,to continue,tiếp tục,ต่อไป (topai) / ดำเนินต่อไป (damnoen topai),ဆက်လက်သည် (hset le thi) / ဆက်သည် (hset thi),続ける (tsuzukeru) / 継続する (keizoku suru),계속하다 (gyesokada),continuar,melanjutkan,2
14-1,11.  ,使用,shǐyòng ,V,"to make use of, to use",sử dụng,ใช้ (chai) / ใช้งาน (chai ngan),အသုံးပြုသည် (a thone pyu thi),使用する (shiyō suru) / 使う (tsukau),사용하다 (sayonghada) / 이용하다 (iyonghada),"hacer uso de, utilizar","memanfaatkan, menggunakan",2
14-1,12.  ,實現,shíxiàn ,Vp,"to come true, to realize",trở thành hiện thực,เป็นจริง (pen ching) / ทำให้เป็นจริง (tham hai pen ching),အကောင်အထည်ဖော်သည် (a kaung a hte phaw thi),実現する (jitsugen suru) / 叶う (kanau),실현하다 (silhyeonhada) / 이루다 (iruda),"hacerse realidad, darse cuenta","menjadi kenyataan, menyadari",2
14-1,13.  ,招待,zhāodài ,V,"to entertain, to play host to","chiêu đãi, tiếp đón",ต้อนรับ (ton rap) / เลี้ยงรับรอง (liang rap rong),ဧည့်ခံသည် (e khan thi) / ကျွေးမွေးသည် (kyway mway thi),招待する (shōtai suru) / もてなす (motenasu),초대하다 (chodaehada) / 접대하다 (jeopdaehada),"entretener, ser anfitrión de","menghibur, menjadi tuan rumah",2
14-1,14.  ,研究所,yánjiùsuǒ ,N,graduate school,trường sau đại học,บัณฑิตวิทยาลัย (bandit witthayalai) / สถาบันวิจัย (sathaban wichai),ဘွဲ့လွန်ကျောင်း (bhwe lwan kyaung:) / သုတေသနဌာန (thu taya na hta na),大学院 (daigakuin),대학원 (daehagwon),Escuela de posgrado,sekolah pascasarjana,2
14-1,15.  ,聚,jù,Vi,to get together,tụ tập,รวมตัว (ruam tua) / พบปะ (phop pa),စုရုံးသည် (su yone: thi) / စုဝေးသည် (su way thi),集まる (atsumaru) / 会合する (kaigō suru),모이다 (moida) / 만나다 (mannada),reunirse,berkumpul,2
14-1,16.  ,香港,Xiānggǎng ,,Hong Kong,Hồng Kông,ฮ่องกง (Hong Kong),ဟောင်ကောင် (Hong Kong),香港 (Honkon),홍콩 (Hongkong),Hong Kong,Hongkong,2
14-1,17.  ,上海,Shànghǎi ,,Shanghai,Thượng Hải,เซี่ยงไฮ้ (Shanghai),ရှန်ဟိုင်း (Shan haine),上海 (Shanhai),상하이 (Sanghai),Llevar a la fuerza,Shanghai,2
14-1,18.  ,說到,shuōdào ,,to mention,nhắc đến,พูดถึง (phut thueng) / กล่าวถึง (klao thueng),ပြောသည် (pyaw thi) / ပြောဆိုသည် (pyaw so thi),言う (iu) / 述べる (noberu) / 話す (hanasu),말하다 (malhada) / 언급하다 (eongeuphada),mencionar,menyebutkan,2
14-1,19.  ,念完,niànwán,,to complete (an academic program),học xong,เรียนจบ (rian chop) / อ่านจบ (an chop) (reading),ပြီးအောင်သင်သည် (pyi: out thin thi) / ဖတ်ပြီးသည် (hput pyi: thi),読み終える (yomioeru) / 卒業する (sotsugyō suru) (program),다 읽다 (da ikda) / 마치다 (machida) (program),completar (un programa académico),menyelesaikan (program akademik),2
14-1,20.  ,分公司,fēngōngsī ,,branch office,văn phòng chi nhánh,สาขา (sakha) / บริษัทสาขา (borisat sakha),ဌာနခွဲ (htana khwe:) / ရုံးခွဲ (yone: khwe:),支社 (shisha) / 支店 (shiten),지사 (jisa) / 지점 (jijeom),sucursal,kantor cabang,2
14-1,21.  ,捨不得,shěbùdé,,reluctant to part with,"lưu luyến, không nỡ rời xa",เสียดาย (sia dai) / อาลัย (alai) / ไม่อยากจาก (mai yak jak),မစွန့်လွှတ်နိုင် (ma sunt hlwut nine) / မခွဲနိုင် (ma khwe nine),名残惜しい (nagori oshii) / 離れ難い (hanaregatai),아깝다 (akkapda) / 떠나기 싫다 (tteonagi silta),reacio a separarse de,enggan berpisah dengannya,2
14-1,22.  ,聚一聚,jù yí jù,,get together,tụ tập một chút,พบปะกัน (phop pa kan) / รวมตัวกัน (ruam tua kan),စုရုံးကြမယ် (su yone: kya me) / တွေ့ဆုံကြမယ် (tway sone kya me),ちょっと集まる (chotto atsumaru) / 一緒に会う (issho ni au),모이다 (moida) / 만나다 (mannada),reunir,berkumpul,2
14-2,1.            ,當時,Adv,,at that time,vào thời điểm đó,ตอนนั้น (ton nan) / ขณะนั้น (khana nan),ထိုအချိန်က (hto a chine ka) / အဲဒီတုန်းက (e de tone ka),当時 (tōji) / その時 (sono toki),그때 (geuttae) / 당시 (dangsi),En ese tiempo,pada saat itu,2
14-2,2.             ,聲調,shēngdiào ,N,tones,thanh điệu,เสียงวรรณยุกต์ (siang wannayuk) / โทน (thone),အသံအနိမ့်အမြင့် (a than a nay a myint) / လေသံ (lay than),声調 (seichō) / トーン (tōn),성조 (seongjo) / 억양 (eokyang),tonos,nada,2
14-2,3.             ,發音,fāyīn ,N,pronunciation,phát âm,การออกเสียง (kan ok siang),အသံထွက် (a than htwet),発音 (hatsuon),발음 (bareum),pronunciación,pengucapan,2
14-2,4.    ,準,zhǔn ,Vs,to be accurate,chính xác,แม่นยำ (maenyam) / ถูกต้อง (thuk tong),တိကျသည် (ti kya thi),正確な (seikaku na) / ぴったり (pittari),정확하다 (jeonghwakhada) / 맞다 (matda),ser preciso,akurat,2
14-2,5.    ,企業,qìyè ,N,enterprise,doanh nghiệp,องค์กร (ongkon) / บริษัท (borisat) / กิจการ (kitchakan),စီးပွားရေးလုပ်ငန်း (si: pwar: yay lote ngan),企業 (kigyō),기업 (gieop),empresa,perusahaan,2
14-2,6.    ,管理,guǎnlǐ ,N,management,quản lý,การจัดการ (kan chatkan) / การบริหาร (kan borihan),စီမံခန့်ခွဲမှု (si man khan khwe hmu),管理 (kanri),관리 (gwalli) / 경영 (gyeong'yeong),gestión,pengelolaan,2
14-2,7.    ,系,xì,N,academic department (of a university),khoa (đại học),ภาควิชา (phak wicha) / คณะ (khana),ဌာန (htana) / ဌာန (htana),学科 (gakka) / 学部 (gakubu),학과 (hakgwa) / 학부 (hakbu),departamento académico (de una universidad),departemen akademik (universitas),2
14-2,8.    ,經濟,jīngjì,N,economy,kinh tế,เศรษฐกิจ (setthakit),စီးပွားရေး (si: pwar: yay),経済 (keizai),경제 (gyeongje),economía,ekonomi,2
14-2,9.    ,幫助,bāngzhù,N,help,sự giúp đỡ,ความช่วยเหลือ (khwam chuay luea),အကူအညီ (a ku a nyi),助け (tasuke) / 援助 (enjo),도움 (doum) / 원조 (wonjo),ayuda,membantu,2
14-2,10.  ,有關,yǒuguān ,Vst,to be related to,có liên quan đến,เกี่ยวข้อง (kiokhong) / เกี่ยวกับ (kiokap),ဆက်စပ်သည် (hset sut thi) / ပတ်သက်သည် (put thet thi),関係がある (kankei ga aru) / 関連する (kanren suru),관련되다 (gwallyeondoeda) / 관계가 있다 (gwangyega itda),estar relacionado con,dikaitkan dengan,2
14-2,11.  ,語法,yǔfǎ ,N,"syntax, grammar",ngữ pháp,ไวยากรณ์ (waiyakon),သဒ္ဒါ (thadda),文法 (bunpō) / 語法 (gohō),문법 (munbeop) / 어법 (eobeop),"sintaxis, gramática","sintaksis, tata bahasa",2
14-2,12.  ,研究,yánjiù ,V,to do research in,nghiên cứu,วิจัย (wichai) / ศึกษา (seuksa),သုတေသနပြုသည် (thu taya na pyu thi),研究する (kenkyū suru),연구하다 (yeonguhada),hacer investigaciones en,melakukan penelitian di,2
14-2,13.  ,教書,jiāoshū,V-sep,to teach,dạy học,สอนหนังสือ (son nangsue) / สอน (son),စာသင်သည် (sa thin thi) / စာပေသင်ကြားသည် (sa pay thin kyar thi),教える (oshieru) / 授業をする (jugyō o suru),가르치다 (gareuchida) / 교사로 일하다 (gyosaro ilhada),enseñar,mengajar,2
14-2,14.  ,方法,fāngfǎ ,N,"method, approach",phương pháp,วิธี (withi) / วิธีการ (withikan),နည်းလမ်း (nay: lan:),方法 (hōhō),방법 (bangbeop),"método, enfoque","metode, pendekatan",2
14-2,15.  ,目的,mùdì ,N,"goal, objective","mục đích, mục tiêu",เป้าหมาย (pao mai) / จุดประสงค์ (jut prasong),ရည်ရွယ်ချက် (yee ywe chet),目的 (mokuteki),목적 (mokjeok),"meta, objetivo","tujuan, obyektif",2
14-2,16.  ,國際,guójì ,Vs-attr,international,quốc tế,นานาชาติ (nana chat) / ระหว่างประเทศ (rawang prathet),နိုင်ငံတကာ (nine gan ta ka),国際的 (kokusaiteki) / 国際 (kokusai),국제 (gukje) / 국제적인 (gukjejeogin),internacional,internasional,2
14-2,17.  ,翻譯,fānyì ,N,"translator, interpreter",phiên dịch viên,ล่าม (lam) / นักแปล (nak plaae),ဘာသာပြန်ဆရာ (bhasa pyan hsa ya),翻訳者 (hon'yakusha) / 通訳者 (tsūyaku sha),번역가 (beonyeokga) / 통역사 (tong'yeoksa),"traductor, intérprete","penerjemah, juru bahasa",2
14-2,18.  ,外交,wàijiāo,N,"diplomacy, foreign affairs",ngoại giao,การต่างประเทศ (kan tang prathet) / การทูต (kan thut),နိုင်ငံခြားရေး (nine gan cha: yay),外交 (gaikō),외교 (oegyo),"diplomacia, asuntos exteriores","diplomasi, urusan luar negeri",2
14-2,19.  ,人員,rényuán ,N,"staff, personnel",nhân viên,บุคลากร (bukkhakon) / เจ้าหน้าที่ (chao nathi),ဝန်ထမ်း (wun htam:) / ပုဂ္ဂိုလ် (poke go),人員 (jin'in) / スタッフ (sutaffu),인원 (inwon) / 직원 (jigwon),"personal, personal","staf, personel",2
14-2,20.  ,充實,chōngshí,V,"to enrich, to strengthen","làm phong phú, củng cố",เติมเต็ม (toem tem) / เสริมสร้าง (soem sang),ဖြည့်တင်းသည် (hpyi: tin thi) / အားဖြည့်သည် (ar hpyi thi),充実させる (jūjitsu saseru) / 強化する (kyōka suru),충실히 하다 (chungsilhi hada) / 강화하다 (ganghwahada),"enriquecer, fortalecer","memperkaya, memperkuat",2
14-2,21.  ,專業,zhuānyè ,N,"profession, specialisation","chuyên ngành, nghề nghiệp",วิชาชีพ (wichachip) / ความชำนาญพิเศษ (khwam chamnan phiset) / สาขาวิชา (sakha wicha),အထူးပြု (a htu: pyu) / ကျွမ်းကျင်မှု (kyun kyin hmu),専門 (senmon) / 専攻 (senkō),전문 (jeonmun) / 전공 (jeon'gong),"profesión, especialización","profesi, spesialisasi",2
14-2,22.  ,能力,nénglì ,N,"capacity, ability",năng lực,ความสามารถ (khwam samat),စွမ်းရည် (sun yee) / အရည်အချင်း (a yee a chin),能力 (nōryoku) / 才能 (sainō),능력 (neungnyeok),"capacidad, habilidad","kapasitas, kemampuan",2
14-2,23.  ,加拿大,Jiānádà ,,Canada,Canada,แคนาดา (Khaenada),ကနေဒါ (Ka nay da),カナダ (Kanada),캐나다 (Kaenada),Canadá,Kanada,2
14-2,24.  ,企業管理系（企管系）,qìyè guǎnlǐ xì ,,department of business management,khoa quản trị kinh doanh,ภาควิชาการจัดการธุรกิจ (Phak wicha Kan chatkan thurakit),စီးပွားရေးစီမံခန့်ခွဲမှုဌာန (si: pwar: yay si man khan khwe hmu htana),経営学部 (keiei gakubu),경영학과 (gyeong'yeong hakgwa),departamento de gestion empresarial,departemen manajemen bisnis,2
14-2,25.  ,國際關係,guójì guānxì,,international relations,quan hệ quốc tế,ความสัมพันธ์ระหว่างประเทศ (Khwam samphan rawang prathet),နိုင်ငံတကာဆက်ဆံရေး (nine gan ta ka hset hsan yay),国際関係 (kokusai kankei),국제 관계 (gukje gwangye),relaciones internacionales,hubungan Internasional,2
15-1,1,春節,chūnjié,N,"the Lunar New Year, the Spring Festival",Tết Nguyên Đán,ตรุษจีน (Trut Chin) / เทศกาลตรุษจีน (Thetsakan Trut Chin),တရုတ်နှစ်သစ်ကူး (ta yote hnit thit ku:),春節 (Shunsetsu) / 旧正月 (Kyūshōgatsu),춘절 (Chunjeol) / 설날 (Seollal),"el Año Nuevo Lunar, el Festival de Primavera","Tahun Baru Imlek, Festival Musim Semi",2
15-1,2,伯伯,bóbo ,N,"(older) uncle, friends’ fathers in general",bác (bạn của cha),ลุง (lung) (uncle) / คุณลุง (khun lung) (polite),ဘကြီး (ba gyi:) / ဦးလေး (u lay) (uncle),おじさん (ojisan) (uncle) / 伯父 (oji),아저씨 (ajeossi) / 큰아버지 (keunabeoji),"tío (mayor), padres de amigos en general","(lebih tua) paman, ayah teman pada umumnya",2
15-1,3,年夜飯,niányèfàn ,N,Lunar New Year’s Eve dinner,bữa tối Giao thừa,อาหารเย็นวันตรุษจีน (ahan yen wan Trut Chin) / อาหารเย็นวันสิ้นปี (ahan yen wan sin pi),တရုတ်နှစ်သစ်ကူးအကြိုညစာစားပွဲ (ta yote hnit thit ku: a kyo nya sa sar pwe),年夜飯 (nen'yahhan) / 大晦日の夕食 (ōmisoka no yūshoku),제야의 만찬 (jeya-ui manchan) / 섣달그믐날 저녁 식사 (seotdalgeumeumnal jeonyeok siksa),Cena de Nochevieja Lunar,Makan malam Tahun Baru Imlek,2
15-1,4,打擾,dǎrǎo ,V,"to trouble (someone), to disturb",làm phiền,รบกวน (ropkuan),နှောင့်ယှက်သည် (hnout. shye thi) / ဒုက္ခပေးသည် (dokeh kpay thi),邪魔する (jama suru) / 迷惑をかける (meiwaku o kakeru),방해하다 (banghaehada) / 폐를 끼치다 (pyereul kkichida),"molestar (a alguien), molestar","menyusahkan (seseorang), mengganggu",2
15-1,5,女兒,nǚ’ér ,N,daughter,con gái,ลูกสาว (luk sao),သမီး (tha mi:),娘 (musume),딸 (ttal),hija,anak perempuan,2
15-1,6,國外,guówài ,N,abroad,nước ngoài,ต่างประเทศ (tang prathet),နိုင်ငံခြား (nine gan cha:),海外 (kaigai),해외 (haeoe),en el extranjero,luar negeri,2
15-1,7,圍爐,wéilú,V-sep,for a family to gather over Lunar New Year’s Eve dinner,quây quần bên bữa tối Giao thừa,รวมตัวกันรอบเตา (ruam tua kan rop tao) / ครอบครัวมาพร้อมหน้ากัน (khropkhrua ma phrom na kan),မိသားစုဝိုင်းဖွဲ့စားသောက်သည် (mi tha zu wine phwe sa thout thi),一家団欒で鍋を囲む (ikka danran de nabe o kakomu) / 囲炉裏を囲む (irori o kakomu),가족이 둘러앉다 (gajogi delleoanda) / 둘러앉아 식사하다 (dulleoanza siksa hada),para que una familia se reúna durante la cena de Nochevieja Lunar,untuk berkumpul bersama keluarga saat makan malam Tahun Baru Imlek,2
15-1,8,意思,yìsi ,N,meaning,ý nghĩa,ความหมาย (khwam mai),အဓိပ္ပါယ် (a deik pe),意味 (imi),의미 (uimi) / 뜻 (tteut),significado,arti,2
15-1,9,全家,quánjiā,N,the entire family,cả gia đình,ทั้งครอบครัว (thang khropkhrua) / ครอบครัวทั้งหมด (khropkhrua thangmot),မိသားစုတစ်ခုလုံး (mi tha zu ta khu lone:),家族全員 (kazoku zen'in),온 가족 (on gajok) / 가족 전체 (gajok jeonche),toda la familia,seluruh keluarga,2
15-1,10,孩子,háizi,N,children,trẻ em,เด็ก (dek) / ลูก (luk),ကလေး (kha lay) / သားသမီး (tha tha mi:),子供 (kodomo) / 子ども (kodomo),아이 (ai) / 자녀 (janyeo),niños,anak-anak,2
15-1,11,吉祥,jíxiáng ,Vs,auspicious,"tốt lành, cát tường",เป็นมงคล (pen mongkhon) / สิริมงคล (sirimongkhon),မင်္ဂလာရှိသော (min gla shi thaw),縁起の良い (engi no yoi) / 吉祥な (kisshō na),길조의 (giljoui) / 상서로운 (sangseoroun),propicio,menguntungkan,2
15-1,12,年紀,niánjì ,N,age,tuổi tác,อายุ (ayu),အသက် (a thet),年齢 (nenrei),나이 (nai) / 연령 (yeollyeong),edad,usia,2
15-1,13,過年,guò nián ,,to celebrate the Lunar New Year,ăn Tết,ฉลองตรุษจีน (chalong Trut Chin) / เทศกาลปีใหม่จีน (thetsakan pi mai chin),တရုတ်နှစ်သစ်ကူးကျင်းပသည် (ta yote hnit thit ku: kyin: pa thi),新年を祝う (shinnen o iwau) / 旧正月を祝う (kyūshōgatsu o iwatsu),설을 쇠다 (seoreul soeda) / 새해를 맞다 (saehaereul matda),celebrar el año nuevo lunar,merayakan Tahun Baru Imlek,2
15-1,14,除夕夜,chúxì yè,,Luner New Year’s Eve,đêm Giao thừa,คืนวันตรุษจีน (khuen wan Trut Chin) / คืนวันสิ้นปี (khuen wan sin pi),တရုတ်နှစ်သစ်ကူးအကြိုည (ta yote hnit thit ku: a kyo nya),大晦日の夜 (ōmisoka no yoru),섣달그믐날 밤 (seotdalgeumeumnal bam) / 제야 (jeya),Luner Nochevieja,Malam Tahun Baru Imlek,2
15-1,15,睡著,shuìzháo ,,to fall asleep,ngủ thiếp đi,หลับ (lap) / ผล็อยหลับ (phloi lap),အိပ်ပျော်သည် (ate pyaw thi),眠りに落ちる (nemuri ni ochiru) / 寝入る (neiru),잠들다 (jamdeulda) / 잠에 빠지다 (jame ppajida),quedarse dormido,tertidur,2
15-1,16,壓歲錢,yāsuìqián ,,New Year’s Eve money,tiền lì xì,เงินอั่งเปา (ngoen ang pao) / เงินขวัญถุง (ngoen khwan thung),အန်ပေါင်းငွေ (an paung: ngwe) / နှစ်သစ်ကူးလက်ဆောင်ငွေ (hnit thit ku: let hsout ngwe),お年玉 (otoshidama),세뱃돈 (sebaetdon),Dinero de Nochevieja,Uang Malam Tahun Baru,2
15-1,17,恭喜發財,gōngxǐ fācái,,Congratulations. I wish you wealth.,"Chúc mừng năm mới, phát tài phát lộc.",ซินเจียยู่อี่ ซินนี้ฮวดไช้ (Sin jia yu yi sin ni hua chai) / ขอให้ร่ำรวย (kho hai ram ruai),ချမ်းသာကြွယ်ဝပါစေ (chan: thwa kywe wa pa zay),恭喜発財 (Gongxi facai) / おめでとうございます。お金持ちになりますように (Omedetō gozaimasu. Okanemochi ni narimasu yō ni),새해 복 많이 받으세요 (saehae bok mani badeuseyo) / 돈 많이 버세요 (don mani beoseyo),Felicidades. Te deseo riqueza.,Selamat. Saya berharap Anda kaya.,2
15-1,18,好了,hǎo le,,OK,Được rồi.,โอเค (ok) / เอาล่ะ (ao la) / เรียบร้อย (riap roi),ကောင်းပြီ (kaung: pyi) / အိုကေ (oke),OK (ōkē) / できた (dekita) / よし (yoshi),됐어 (dwaesseo) / 좋아 (joha),DE ACUERDO,OKE,2
15-2,1,節日,jiérì ,N,"holiday, festival","ngày lễ, lễ hội",วันหยุด (wan yut) / เทศกาล (thetsakan),ပွဲတော် (pwe daw) / ရုံးပိတ်ရက် (yone: pate yet),祝日 (shukujitsu) / 祭日 (saijitsu),축제 (chukje) / 명절 (myeongjeol),"vacaciones, festival","liburan, festival",2
15-2,2,打掃,dǎsǎo ,V,to clean up (must include sweeping),dọn dẹp (bao gồm quét),ทำความสะอาด (tham khwam saat) / กวาด (kwat),သန့်ရှင်းရေးလုပ်သည် (thant shin yay lote thi) / တိုက်သည် (tite thi),掃除する (sōji suru) / 掃く (haku),청소하다 (cheongsohada) / 쓸다 (sseulda),limpiar (debe incluir barrer),membersihkan (harus termasuk menyapu),2
15-2,3,另外,lìngwài,Conj,in addition,thêm vào đó,นอกจากนี้ (nok chak ni) / อีกทั้ง (ik thang),ထို့ပြင် (hto pyin) / နောက်ပြီး (nout pyi:),さらに (sarani) / 別に (betsu ni),게다가 (gedaga) / 또한 (ttohan),además,Selain itu,2
15-2,4,春聯,chūnlián ,N,"New Year’s couplets (with calligraphy, in doublets)",câu đối Tết,คำอวยพรตรุษจีน (kham uayphon Trut Chin) / กลอนคู่ (klon khu),နှစ်သစ်ကူးကဗျာစာတန်း (hnit thit ku: ka bya sa tan:),春聯 (chunren) / 春聯 (shunren),춘련 (chullyeon) / 새해 대련 (saehae daeryeon),"Coplas de Año Nuevo (con caligrafía, en dobletes)","Bait Tahun Baru (dengan kaligrafi, dalam rangkap dua)",2
15-2,5,除夕,chúxì ,N,Lunar New Year’s Eve,Giao thừa,วันตรุษจีน (wan Trut Chin) / วันสิ้นปี (wan sin pi),တရုတ်နှစ်သစ်ကူးအကြိုနေ့ (ta yote hnit thit ku: a kyo nay),大晦日 (ōmisoka) / 除夜 (joya),섣달그믐날 (seotdalgeumeumnal) / 제야 (jeya),Nochevieja lunar,Malam Tahun Baru Imlek,2
15-2,6,年糕,niángāo,N,new year rice cake,bánh Tết (bánh gạo),ขนมเข่ง (khanom kheng) / ขนมเหนียว (khanom niao),နှစ်သစ်ကူးကိတ် (hnit thit ku: kate),年糕 (nen-gyō) / もち (mochi),떡 (tteok) / 가래떡 (garaetteok),pastel de arroz de año nuevo,kue beras tahun baru,2
15-2,7,橘子,júzi,N,"orange, tangerine",quýt,ส้ม (som),လိမ္မော်သီး (lim maw thi:),みかん (mikan) / オレンジ (orenji),귤 (gyul) / 오렌지 (orenji),"naranja, mandarina","oranye, jeruk keprok",2
15-2,8,守歲,shǒusuì ,Vi,to stay up waiting for the arrival of the New Year,thức đón giao thừa,เฝ้า (fao) / รอคอยวันปีใหม่ (ro khoi wan pi mai),နှစ်ဟောင်းကုန်ဆုံးသည့်အချိန်အထိမအိပ်ဘဲနေသည် (hnit haung: kone sone thi a chine a ti ma ate be nay thi),年越しをする (toshikoshi o suru) / 除夜を過ごす (joya o sugosu),수세하다 (susehada) / 섣달그믐날 밤을 새우다 (seotdalgeumeumnal bameul saeuda),quedarse despierto esperando la llegada del año nuevo,begadang menunggu datangnya tahun baru,2
15-2,9,說法,shuōfǎ,N,"way of saying things, a theory","cách nói, lý thuyết",วิธีการพูด (withikan phut) / ทฤษฎี (thritsadi) / คำกล่าว (kham klao),အပြောအဆို (a pyaw a so) / သီအိုရီ (thi aw ri) / ယူဆချက် (yu hsa chet),言い方 (iikata) / 説 (setsu),말하는 방식 (malhaneun bangsik) / 이론 (iron),"forma de decir las cosas, una teoría","cara mengatakan sesuatu, sebuah teori",2
15-2,10,晚,wǎn ,Vs,late,muộn,สาย (sai) / ดึก (duek),နောက်ကျသည် (nout kya thi),遅い (osoi),늦다 (neutda),tarde,terlambat,2
15-2,11,活,huó,Vs,"to live, to stay active","sống, hoạt động",มีชีวิต (mi chiwit) / ทำงาน (tham ngan),အသက်ရှင်သည် (a thet shin thi) / ရှင်သန်သည် (shin than thi),生きる (ikiru) / 活動する (katsudō suru),살다 (salda) / 활동하다 (hwaldonghada),"vivir, mantenerse activo","hidup, tetap aktif",2
15-2,12,平安,píng’ān,Vs,"peaceful, eventless",bình an,สงบ (sa-ngop) / ปลอดภัย (plod phai) / สันติ (santi),ငြိမ်းချမ်းသည် (nyein: chan thi) / အေးချမ်းသည် (aye: chan thi),平和な (heiwa na) / 無事な (buji na),평안하다 (pyeong'anhada) / 무사하다 (musahada),"pacífico, sin eventos","damai, tanpa peristiwa",2
15-2,13,出門,chūmén,V-sep,"to go out, to leave the house","ra ngoài, ra khỏi nhà",ออกจากบ้าน (ok chak ban) / ออกไปข้างนอก (ok pai khang nok),အိမ်ကအပြင်ထွက်သည် (ane ka a pyin htwet thi),外出する (gaishutsu suru) / 出かける (dekakeru),외출하다 (oechulhada) / 나가다 (nagada),"salir, salir de casa","keluar, meninggalkan rumah",2
15-2,14,拜年,bàinián ,V-sep,to pay a New Year visit,chúc Tết,ไปไหว้ญาติผู้ใหญ่ปีใหม่ (pai wai yat phu yai pi mai) / สวัสดีปีใหม่ (sawatdi pi mai),နှစ်သစ်ကူးလာရောက်နှုတ်ဆက်သည် (hnit thit ku: la yout hnote hset thi),新年の挨拶に行く (shinnen no aisatsu ni iku) / 年始回りをする (nenshi mawari o suru),새해 인사하다 (saehae insahada) / 세배하다 (sebaehada),hacer una visita de año nuevo,melakukan kunjungan Tahun Baru,2
15-2,15,又,yòu,Adv,again,lại,อีก (ik) / อีกครั้ง (ik khrang),ထပ် (htut) / ပြန် (pyan),また (mata) / 再び (futatabi),또 (tto) / 다시 (dasi),de nuevo,lagi,2
15-2,16,起來,qǐlái,Ptc,"As a resultative particle, it indicates the beginning of an action of state.",trợ từ kết quả chỉ sự bắt đầu hành động/trạng thái,ขึ้น (khuen) / เริ่ม (roem) (beginning),စပြီ (sa pyi) / တယ် (te) (beginning),〜始める (hajimeru) / 〜てくる (te kuru),~하기 시작하다 (~hagi sijakada) / ~어지다 (~eojida),"Como partícula resultante, indica el comienzo de una acción de estado.","Sebagai partikel resultatif, ia menunjukkan permulaan suatu tindakan suatu negara.",2
15-2,17,華人,Huárén,,"Chinese, a person of Chinese ethnicity",người Hoa,ชาวจีน (chao chin) / คนจีน (khon chin),တရုတ်လူမျိုး (ta yote lu myo:),華人 (kajin) / 中国人 (chūgokujin),화교 (hwagyo) / 중국인 (junggugin),chino/a; persona de etnia china,"Tionghoa, seseorang yang beretnis Tionghoa",2
15-2,18,貼上,tiēshàng ,,to stick on (the wall),dán lên (tường),ติด (tit) / แปะ (pae),ကပ်သည် (kut thi) / ကပ်ထားသည် (kut hta thi) (နံရံ),貼る (haru) / 貼り付ける (haritsukeru),붙이다 (buchida) / 부착하다 (buchakhada),pegarse a (la pared),menempel di (dinding),2
15-2,19,年年有餘,niánnián yǒuyú,,abundance every year,năm nào cũng dư dả,ทุกปีมีเหลือเฟือ (thuk pi mi luea fuea) / 年年有余 (nian nian you yu) (Chinese),နှစ်တိုင်းပိုလျှံသည် (hnit tine: po hlyan thi),年年有余 (nennen yūyo) / 毎年余裕がある (maitoshi yoyū ga aru),해마다 풍요롭다 (haemada pung'yoropda) / 매년 남다 (maenyeon namda),abundancia cada año,berlimpah setiap tahunnya,2
15-2,20,步步高升,bùbù gāoshēng,,to rise in social rank,thăng tiến từng bước,ก้าวหน้าในหน้าที่การงาน (kao na nai nathi kan ngan) / ไต่เต้า (tai tao),ခြေလှမ်းတိုင်းတိုးတက်သည် (chay hlan: tine: toe te thi),ステップアップする (suteppu appu suru) / 出世する (shusse suru),승진하다 (seungjinhada) / 출세하다 (chulsehada),ascender en el rango social,naik peringkat sosial,2
15-2,21,大吉大利,dàjí dàlì ,,great wishes for the new year,đại cát đại lợi,ขอให้โชคดีและร่ำรวย (kho hai chok di lae ram ruai),ကံကြမ္မာကောင်းပါစေ (kan kya ma kaung: pa zay) / အောင်မြင်ပါစေ (aung myin pa zay),大吉大利 (daikichi dairi) / 大いに幸運でありますように (ōi ni kōun de arimasu yō ni),대길대리 (daegil daeri) / 크게 길하고 이롭다 (keuge gilhago iropda),grandes deseos para el nuevo año,harapan besar untuk tahun baru,2
15-2,22,放鞭炮,fàng biānpào ,,to set off firecrackers,đốt pháo,จุดประทัด (jut prapthat),မီးရှူးဖောက်သည် (mi: shu: fout thi) / ဗြုံးဖောက်သည် (byone fout thi),爆竹を鳴らす (bakuchiku o narasu) / 爆竹を打つ (bakuchiku o utsu),폭죽 터뜨리다 (pokjuk teotteurida) / 폭죽을 터뜨리다 (pokjugeul teotteurida),hacer estallar petardos,menyalakan petasan,2
15-2,23,大年初一,dànián chūyī ,,first day of the Lunar New Year,mùng 1 Tết,วันขึ้นปีใหม่จีน (wan khuen pi mai chin) / วันตรุษจีน (wan Trut Chin),တရုတ်နှစ်သစ်ကူးပထမနေ့ (ta yote hnit thit ku: pa hta ma nay),旧暦の1月1日 (kyūreki no ichigatsu tsuitachi) / 大年初一 (daichien shoyi),설날 (seollal) / 음력 1월 1일 (eumnyeok 1wol 1il),primer día del año nuevo lunar,hari pertama Tahun Baru Imlek,2
15-2,24,大年初五,dànián chūwǔ,,fifth day of the Lunar New Year,mùng 5 Tết,วันที่ห้าของเทศกาลตรุษจีน (wan thi ha khong thetsakan Trut Chin),တရုတ်နှစ်သစ်ကူးပဉ္စမနေ့ (ta yote hnit thit ku: pin sa ma nay),旧暦の1月5日 (kyūreki no ichigatsu itsuka) / 大年初五 (daichien shōgo),설날 닷새 (seollal datsae) / 음력 1월 5일 (eumnyeok 1wol 5il),quinto día del Año Nuevo Lunar,hari kelima Tahun Baru Imlek,2
