課-序號,序號,生詞,漢拼,詞類,英譯,越譯,泰譯,緬譯,日譯,韓譯,西譯,印尼譯,冊
1-1,1,安德思,Ān Désī ,,a man from Honduras ,An Desi,ผู้ชายฮอนดูรัส (phu chai hon du rat),ဟွန်ဒူးရပ်စ်အမျိုးသား (hon du ras a myo tha),ホンジュラス共和国の男性 (Honjurasu kyōwakoku no dansei),온두라스 남자 (onduraseu namja),un hombre de Honduras,seorang pria dari Honduras,3
1-1,2,羅珊蒂,Luó Shāndì ,,a woman from Indonesia,Luo Shandi,ผู้หญิงจากอินโดนีเซีย,အင်ဒိုနီးရှားမှ အမျိုးသမီးတစ်ဦး,インドネシアから来た女性,인도네시아에서 온 여자,una mujer de Indonesia,seorang wanita asal Indonesia,3
1-1,3,何雅婷,Hé Yǎtíng ,,a woman from Taiwan,He Yating,ผู้หญิงไต้หวัน (phu ying tai wan),ထိုင်ဝမ်အမျိုးသမီး (tai wan a myo tha mee),台湾出身の女性 (Taiwan shusshin no josei),대만 여자 (daeman yeoja),una mujer de Taiwán,seorang wanita dari Taiwan,3
1-1,4,開學,kāixué,Vp,(school) to start,khai giảng (trường học bắt đầu),(โรงเรียน) เพื่อเริ่มต้น,(ကျောင်း) စတင်ရန်,（学校を）始める,(학교) 시작하다,(escuela) empezar,mulai sekolah / mulai semester,3
1-1,5,班,bān,N,"class, i.e., the students (not the classroom or the course)","lớp (chỉ tập thể học sinh, không phải phòng học hay khóa học)",ชั้นเรียน เช่น นักเรียน (ไม่ใช่ห้องเรียนหรือหลักสูตร),အတန်း၊ ဆိုလိုသည်မှာ ကျောင်းသား (စာသင်ခန်း သို့မဟုတ် သင်တန်းမဟုတ်)၊,クラス、つまり学生（教室やコースではありません）,"수업, 즉 학생(교실이나 강좌가 아님)","clase, es decir, los estudiantes (no el aula o el curso)","kelas, yaitu siswa (bukan kelas atau kursus)",3
1-1,6,新生,xīnshēng,N,new student,sinh viên/học sinh mới,นักเรียนใหม่,ကျောင်းသားသစ်,新入生,신입생,nuevo estudiante,murid baru,3
1-1,7,嚴,yán,Vs,"strict, stern",nghiêm khắc,เข้มงวดเข้มงวด,တင်းကျပ်၊ တင်းကျပ်,厳格な、厳格な,"엄격한, 단호한","estricto, severo","ketat, tegas",3
1-1,8,口試,kǒushì,N,oral test,bài thi/bài kiểm tra nói,การทดสอบช่องปาก,ပါးစပ်စမ်းသပ်မှု,口頭試験,면접 시험,prueba oral,tes lisan,3
1-1,9,筆試,bǐshì,N,written test,bài thi/bài kiểm tra viết,การทดสอบข้อเขียน,ရေးထားသောစာမေးပွဲ,筆記試験,필기 시험,prueba escrita,tes tertulis,3
1-1,10,以外,yǐwài,N,"except, other than","ngoại trừ, ngoài... ra",ยกเว้น นอกเหนือจาก,မှလွဲ၍ အခြားမဟုတ်၊,以外に、以外に,"제외하고, 그 외에는","excepto, aparte de","kecuali, selain",3
1-1,11,口頭,kǒutóu ,Vs-attr,"verbal, oral","bằng lời nói, khẩu ngữ",วาจาวาจา,နှုတ်၊ ပါးစပ်,口頭で、口頭で,"구두, 구두","verbales, orales","lisan, lisan",3
1-1,12,報告,bàogào ,N,report,báo cáo,รายงาน,အစီရင်ခံစာ,報告,보고서,informe,laporan,3
1-1,13,壓力,yālì,N,"pressure, stress","áp lực, sự căng thẳng",ความกดดันความเครียด,ဖိအား၊ စိတ်ဖိစီးမှု,プレッシャー、ストレス,"압력, 스트레스","presión, estrés","tekanan, stres",3
1-1,14,說明,shuōmíng ,N,"instructions, explanation","hướng dẫn, lời giải thích",คำแนะนำคำอธิบาย,ညွှန်ကြားချက်များ၊ ရှင်းလင်းချက်,指示、説明,"지시, 설명","instrucciones, explicación","instruksi, penjelasan",3
1-1,15,清楚,qīngchǔ ,Vs,clear(ly),rõ ràng,ชัดเจน (ลี),ရှင်းပါတယ် (ly),明らかに）,분명히),claramente),jelas(ly),3
1-1,16,位子,wèizi ,N,"seat, place","chỗ ngồi, vị trí",ที่นั่งสถานที่,ထိုင်ခုံ၊ နေရာ,席、場所,"좌석, 장소","asiento, lugar","tempat duduk, tempat",3
1-1,17,旁聽,pángtīng,V,"to audit,to sit in (on a class)",dự thính (một lớp học),"ตรวจสอบ, นั่งเรียน (ในชั้นเรียน)",စာရင်းစစ်ရန်၊ (အတန်းထဲတွင်ထိုင်ရန်),監査する、（授業に）座る,"청강하다, (수업에) 참석하다","auditar, sentarse (en una clase)","mengaudit, duduk (di kelas)",3
1-1,18,分,fēn ,N,Points,điểm,คะแนน,အမှတ်များ,ポイント,전철기,Agujas,Poin,3
1-1,19,羨慕,xiànmù ,Vst,to envy,ghen tị,อิจฉา,မနာလိုရန်,羨む,부러워하다,envidiar,iri,3
1-1,20,休學,xiūxué,Vp-sep,to take a break from school,tạm ngừng việc học,เพื่อพักการเรียน,ကျောင်းအနားယူရန်,学校を休みます,학교를 쉬려고,tomar un descanso de la escuela,istirahat dari sekolah,3
1-1,21,用功,yònggōng ,Vs,"diligent, conscientious (as a student)","chăm chỉ, tận tâm (với tư cách là học sinh)",ขยัน มีมโนธรรม (ในฐานะนักศึกษา),လုံ့လဝီရိယရှိ၍ (ကျောင်းသားအဖြစ်)၊,勤勉で誠実（学生時代）,"부지런한, 성실한 (학생 시절)","diligente, concienzudo (como estudiante)","rajin, teliti (sebagai pelajar)",3
1-1,22,行,xíng,Vs,to be all right,"được, ổn",จะไม่เป็นไร,အားလုံးအဆင်ပြေပါစေ။,大丈夫です,괜찮다,estar bien,menjadi baik-baik saja,3
1-1,23,轉,zhuǎn ,V,to transfer (to a different major),chuyển (ngành học),เพื่อถ่ายโอน (ไปยังวิชาเอกอื่น),လွှဲပြောင်းရန် (အခြားမေဂျာတစ်ခုသို့),（別の専攻に）転校する,(다른 전공으로) 편입하다,transferir (a una especialización diferente),pindah (ke jurusan lain),3
1-1,24,原來,yuánlái ,Adv,originally,"ban đầu, vốn dĩ",เดิม (doem) / แต่เดิม (tae doem),မူလက (mu la ka) / မူလ (mu la) / မူလတုန်းက (mu la tone ka),元々 (motomoto) / 本来 (honrai),원래 (wollae) / 본래 (bollae),originalmente,semula,3
1-1,25,會計,kuàijì ,N,"accounting, an accountant","kế toán, người kế toán",การบัญชีนักบัญชี,စာရင်းကိုင်၊ စာရင်းကိုင်,会計、会計士,"회계, 회계사","contabilidad, un contador","akuntansi, seorang akuntan",3
1-1,26,熱門,rèmén,Vs,highly popular,cực kỳ phổ biến,เป็นที่นิยมอย่างสูง,အလွန်ရေပန်းစားသည်။,非常に人気のある,인기가 높다,muy popular,sangat populer,3
1-1,27,熬夜,áoyè,V-sep,"to stay up all night, to burn the midnight oil","thức khuya, thức trắng đêm",นอนไม่หลับทั้งคืนเพื่อเผาน้ำมันเที่ยงคืน,တစ်ညလုံး အိပ်ဖို့၊ သန်းခေါင်ယံဆီ မီးရှို့ဖို့၊,一晩中起きて、真夜中の石油を燃やす,"밤새도록 밤을 새우다, 밤의 기름을 태우다","Estar despierto toda la noche, quemar el aceite de medianoche","begadang semalaman, membakar minyak tengah malam",3
1-1,28,當,dàng ,V,to fail a course,trượt (một môn học),ที่จะล้มเหลวหลักสูตร,သင်တန်းတစ်ခုပျက်ကွက်ဖို့,コースに失敗する,과목을 낙제하다,reprobar un curso,gagal dalam suatu kursus,3
1-1,29,恐怕,kǒngpà ,Adv,"(I am) afraid that, probably","(e sợ rằng) có lẽ, e rằng",(ฉัน) กลัวว่าอาจจะ,(ငါ) ကြောက်တယ်၊ ဖြစ်နိုင်တယ်။,（私は）おそらくそれを恐れています,(나는) 아마도 그럴까 두렵다,"(Tengo) miedo de que, probablemente","(Saya) takut, mungkin",3
1-1,30,口才,kǒucái ,N,speaking skills,tài ăn nói,ทักษะการพูด,စကားပြောစွမ်းရည်,スピーキングスキル,말하기 능력,habilidades para hablar,keterampilan berbicara,3
1-1,31,事,shì ,N,"issue, matter, event, thing","vấn đề, sự việc, sự kiện","ประเด็น, ประเด็น, เหตุการณ์, สิ่งของ",ကိစ္စ၊ ကိစ္စ၊ အဖြစ်အပျက်၊ အရာ,問題、問題、出来事、事,"문제, 문제, 사건, 일","asunto, asunto, acontecimiento, cosa","masalah, hal, peristiwa, hal",3
1-1,32,遲到,chídào,Vp,to be late (in arrival),đến muộn,มาสาย (เมื่อมาถึง),နောက်ကျ (ရောက်ရောက်ချင်း),（到着に）遅れる,(도착 중) 늦다,llegar tarde (al llegar),terlambat (kedatangan),3
1-1,33,差一點,chà yì diǎn,,"barely, nearly, almost","suýt nữa, gần như","แทบจะไม่, เกือบ, เกือบ",နီးပါး၊ နီးပါး,かろうじて、ほぼ、ほとんど,"간신히, 거의, 거의","apenas, casi, casi","hampir, hampir, hampir",3
1-1,34,這樣下去,zhèyàng xiàqù,,if it goes on like this,nếu cứ tiếp tục như thế này,ถ้ามันดำเนินต่อไปเช่นนี้,ဒီအတိုင်းဆက်သွားနေရင်,このままだと,만약 이런 일이 계속된다면,si sigue así,jika terus seperti ini,3
1-1,35,沒辦法,méi bànfǎ,,"there's no way, there's nothing that can be done","không còn cách nào, bó tay",ไม่มีทาง ไม่มีอะไรที่สามารถทำได้,နည်းလမ်းမရှိဘူး၊ ပြီးနိုင်စရာမရှိပါဘူး။,仕方ない、何もできない,"방법이 없어, 할 수 있는 게 아무것도 없어","no hay manera, no hay nada que se pueda hacer","tidak mungkin, tidak ada yang bisa dilakukan",3
1-2,1,獨生女,dúshēngnǚ ,N,only child (girl),con một (con gái),ลูกคนเดียว (สาว),တစ်ဦးတည်းသောကလေး (မိန်းကလေး),一人っ子（女の子）,외동아이(여자),hija única (niña),anak tunggal (perempuan),3
1-2,2,私立,sīlì ,Vs-attr,private,tư nhân,ส่วนตัว,သီးသန့်,プライベート,사적인,privado,pribadi,3
1-2,3,理想,lǐxiǎng,Vs,"ideal, aspired","lý tưởng, mong ước",อุดมคติปรารถนา,စံပြ၊ ဆန္ဒ,理想的な、憧れの,"이상적인, 열망하는","ideal, aspirado","ideal, dicita-citakan",3
1-2,4,合,hé ,Vst,"to tally with, to match","phù hợp, khớp với","นับด้วย, เพื่อให้ตรงกับ",ကိုက်ညီသည်၊ တူညီသည်,集計する、一致させる,"일치시키다, 일치시키다","coincidir con, igualar","menghitung, mencocokkan",3
1-2,5,痛苦,tòngkǔ ,Vs,painful,đau đớn (về tinh thần hoặc thể xác),เจ็บ / ปวด (jep / puat),နာသည် (nar thi),痛い (itai),아프다 (apeuda),doloroso,menyakitkan,3
1-2,6,科系,kēxì ,N,(academic) department,"khoa, ngành học (trong trường đại học)",(วิชาการ) แผนก,(ပညာ)ဌာန,（学術）部門,(학술)학과,departamento (académico),departemen (akademik),3
1-2,7,放棄,fàngqì,V,to give up,từ bỏ,ที่จะยอมแพ้,အရှုံးပေး,諦める,포기하다,rendirse,menyerah,3
1-2,8,不管,bùguǎn ,Conj,"no matter, regardless of","bất kể, cho dù",ไม่ว่ายังไงก็ตาม,ကိစ္စမရှိ၊ မသက်ဆိုင်,関係なく、関係なく,"상관없이, 상관없이","no importa, independientemente de","tidak masalah, terlepas dari itu",3
1-2,9,反對,fǎnduì,Vst,"to oppose, to be against",phản đối,ที่จะต่อต้านที่จะต่อต้าน,ဆန့်ကျင်ရန်၊ ဆန့်ကျင်ရန်,反対する、反対する,"반대하다, 반대하다","oponerse, estar en contra","menentang, menentang",3
1-2,10,個性,gèxìng,N,personality,tính cách,บุคลิกภาพ,ကိုယ်ရည်ကိုယ်သွေး,人格,성격,personalidad,kepribadian,3
1-2,11,活潑,huópō,Vs,"lively, bubbly, vivacious","hoạt bát, sôi nổi","มีชีวิตชีวา, มีชีวิตชีวา, มีชีวิตชีวา",အသက်ဝင်သော၊ ပွက်ပွက်ဆူနေသော၊,活気のある、陽気な、活発な,"활기찬, 발랄한, 발랄한","vivaz, burbujeante, vivaz","lincah, ceria, lincah",3
1-2,12,外語,wàiyǔ,N,foreign language,ngoại ngữ,ภาษาต่างประเทศ,နိုင်ငံခြားဘာသာစကား,外国語,외국어,lengua extranjera,bahasa asing,3
1-2,13,擔心,dānxīn ,Vst,"to worry about, to fret over with",lo lắng,"กังวล, กังวลใจกับ",စိတ်ပူဖို့၊ စိတ်မပူနဲ့,心配する、心配する,"걱정하다, 걱정하다","preocuparse por, preocuparse por","dikhawatirkan, dikhawatirkan",3
1-2,14,填,tián,V,to fill out (a form),điền (vào đơn),กรอก (แบบฟอร์ม),(ဖောင်ဖြည့်ရန်),（フォームに）記入する,(양식을) 작성하다,llenar (un formulario),mengisi (formulir),3
1-2,15,表,biǎo ,N,a form,mẫu đơn,แบบฟอร์ม,ပုံစံတစ်ခု,フォーム,양식,una forma,sebuah formulir,3
1-2,16,辦,bàn ,V,to deal with,"giải quyết, xử lý",ที่จะจัดการกับ,ကိုင်တွယ်ဖြေရှင်းရန်,対処する,다루다,lidiar con,menangani,3
1-2,17,手續,shǒuxù ,N,procedures,thủ tục,ขั้นตอน,လုပ်ထုံးလုပ်နည်းများ,手順,절차,procedimientos,prosedur,3
1-2,18,申請,shēnqǐng ,V,to apply for,"nộp đơn xin, đăng ký",ที่จะสมัคร,လျှောက်ထားရန်,申請する,신청하다,solicitar,melamar,3
1-2,19,成績單,chéngjī dān,N,"report card, transcripts","bảng điểm, phiếu điểm",บัตรรายงานใบรับรองผลการเรียน,အစီရင်ခံစာကတ်၊ ထောက်ခံစာ,通知表、成績証明書,"성적표, 성적표","boleta de calificaciones, expedientes académicos","rapor, transkrip nilai",3
1-2,20,考上,kǎoshàng ,,To test into,thi đỗ vào (một trường nào đó),เพื่อทดสอบ,စမ်းသပ်ရန်,テストするには,테스트하려면,probar en,mengujinya,3
1-2,21,推薦信,tuījiàn xìn,,a letter of recommendation,thư giới thiệu,จดหมายแนะนำ,ထောက်ခံစာတစ်စောင်,推薦状,추천서,una carta de recomendación,surat rekomendasi,3
2-1,1,起,qǐ ,Vp,starting from…,bắt đầu từ...,เริ่มต้นจาก…,ကနေစပြီး…,～から始まる,시작하는…,a partir de…,mulai dari…,3
2-1,2,外套,wàitào,N,"coat, jacket",áo khoác ngoài,"เสื้อโค้ท, แจ็คเก็ต",အင်္ကျီ၊ အင်္ကျီ,コート、ジャケット,"코트, 재킷","abrigo, chaqueta","mantel, jaket",3
2-1,3,一般,yìbān,Adv,generally; in general,"nói chung, nhìn chung",โดยทั่วไป; โดยทั่วไป,ယေဘုယျအားဖြင့်၊ ယေဘုယျအနေဖြင့်,一般的に;一般的に,일반적으로; 일반적으로,generalmente; en general,umumnya; umumnya,3
2-1,4,商品,shāngpǐn ,N,"goods, commodities",hàng hóa,สินค้าโภคภัณฑ์,ကုန်စည်၊ ကုန်စည်,商品、商品,"상품, 필수품","bienes, mercancías","barang, komoditas",3
2-1,5,折扣,zhékòu ,N,discount,giảm giá,การลดราคา,လျှော့စျေး,割引,할인,descuento,diskon,3
2-1,6,省,shěng,V,"to save, to put away",tiết kiệm,เพื่อบันทึกเพื่อนำไปทิ้ง,ကယ်တင်ရန်၊ စွန့်ပစ်ရန်,保存する、しまっておく,"저장하다, 치워두다","guardar, guardar","menyimpan, menyimpan",3
2-1,7,牌子,páizi ,N,brand,"nhãn hiệu, thương hiệu",ยี่ห้อ,အမှတ်တံဆိပ်,ブランド,상표,marca,merek,3
2-1,8,品質,pǐnzhí ,N,quality,chất lượng,คุณภาพ,အရည်အသွေး,品質,품질,calidad,kualitas,3
2-1,9,選擇,xuǎnzé ,N,choices,sự lựa chọn,ทางเลือก,ရွေးချယ်မှုများ,選択肢,선택,opciones,pilihan,3
2-1,10,樣子,yàngzi ,N,"appearance, looks","vẻ bề ngoài, hình dáng",รูปร่างหน้าตา,အသွင်အပြင်,外観、見た目,"외모, 외모","apariencia, apariencia","penampilan, penampilan",3
2-1,11,摸,mō ,V,"to feel, to touch","sờ, chạm vào",รู้สึกสัมผัส,ခံစားရန်၊ ထိရန်,感じる、触れる,"느끼다, 만지다","sentir, tocar","merasakan, menyentuh",3
2-1,12,店員,diànyuán ,N,"salesperson, store employee, clerk",nhân viên cửa hàng,"พนักงานขาย, พนักงานร้าน, เสมียน",အရောင်းဝန်ထမ်း၊ ဆိုင်ဝန်ထမ်း၊ စာရေး,販売員、店員、店員,"점원, 점원, 점원","vendedor, empleado de tienda, empleado","penjual, pegawai toko, pegawai",3
2-1,13,短,duǎn,Vs,short,ngắn,สั้น,တိုတို,短い,짧은,corto,pendek,3
2-1,14,羊毛,yángmáo ,N,lamb’s wool,len cừu,ขนแกะ,သိုးမွေးသိုးမွှေး,子羊の毛,양털,lana de cordero,bulu domba,3
2-1,15,暖和,nuǎnhuo ,Vs,warm,ấm áp,อบอุ่น,နွေး,暖かい,따뜻한,cálido,hangat,3
2-1,16,打折,dǎzhé ,V-sep,to offer a discount,giảm giá,เพื่อเสนอส่วนลด,လျှော့စျေးကမ်းလှမ်းရန်,割引を提供する,할인을 제공하기 위해,ofrecer un descuento,menawarkan diskon,3
2-1,17,原價,yuánjià ,N,original price,giá gốc,ราคาเดิม,မူရင်းစျေးနှုန်း,元の価格,원래 가격,precio original,harga asli,3
2-1,18,刷卡,shuākǎ ,V-sep,"to swipe, i.e., use a credit card",quẹt thẻ (thẻ tín dụng),เพื่อรูด เช่น ใช้บัตรเครดิต,ပွတ်ဆွဲရန်၊ ဆိုလိုသည်မှာ ခရက်ဒစ်ကတ်ကို အသုံးပြုပါ။,スワイプする、つまりクレジット カードを使用する,"스와이프하다, 즉 신용카드를 사용하다","deslizar, es decir, usar una tarjeta de crédito","menggesek, yaitu menggunakan kartu kredit",3
2-1,19,現金,xiànjīn,N,cash,tiền mặt,เงินสด,ငွေသား,現金,현금,dinero,uang tunai,3
2-1,20,麻煩,máfán,V,please (lit. allow me to trouble you),làm ơn (làm phiền),ได้โปรด (ตามตัวอักษรให้ฉันรบกวนคุณ),ကျေးဇူးပြုပြီး (တကယ်တော့ မင်းကို ဒုက္ခပေးဖို့ ခွင့်ပြုပါ),お願いします（文字通り、迷惑をかけさせてください）,"제발 (문자 그대로, 내가 당신을 괴롭힐 수 있게 해주세요)","por favor (literalmente, permíteme molestarte)","tolong (secara harfiah, izinkan saya merepotkan Anda)",3
2-1,21,簽名,qiānmíng ,V-sep,to sign ,ký tên,ที่จะลงนาม,လက်မှတ်ထိုးရန်,署名する,서명하다,firmar,menandatangani,3
2-1,22,破洞,pòdòng ,Vp-sep,to have a hole,bị thủng lỗ,ที่จะมีรู,အပေါက်တစ်ခုရှိသည်။,穴があること,구멍이 나다,tener un agujero,memiliki lubang,3
2-1,23,發票,fāpiào ,N,receipt,hóa đơn,ใบเสร็จ,ပြေစာ,レシート,영수증,recibo,kuitansi,3
2-1,24,弄,nòng,V,"(pro-verb) to cause, to do",làm (một động từ thay thế cho nhiều động từ khác),"(สุภาษิต) ทำให้เกิด, ทำ",(pro-verb) အကြောင်းမဲ့၊လုပ်ရန်,(動詞の代名詞) 引き起こす、行う,"(속어) ~을 일으키다, ~을 하게 하다","(pro-verbo) causar, hacer","(kata kerja) menyebabkan, melakukan",3
2-1,25,退,tuì ,V,to return (purchases),trả lại (hàng đã mua),เพื่อส่งคืน (การซื้อ),ပြန်လာရန် (ဝယ်ယူမှုများ),返品（購入）する,(구매를) 돌려보내다,devolver (compras),mengembalikan (pembelian),3
2-1,26,換,huàn,V,to exchange,đổi (hàng),แลกเปลี่ยน (laek plian),ဖလှယ်သည် (pha lal thi),交換する (kōkan suru),교환하다 (gyohwanhada),intercambiar,bertukar,3
2-1,27,店長,diànzhǎng,N,store manager,quản lý cửa hàng,ผู้จัดการร้าน,စတိုးဆိုင်မန်နေဂျာ,店長,매장 관리자,gerente de tienda,manajer toko,3
2-1,28,週年慶,zhōunián qìng ,,anniversary,lễ kỷ niệm thành lập (cửa hàng),วันครบรอบปี,နှစ်ပတ်လည်နေ့,周年,기념일,aniversario,peringatan tahunan,3
2-1,29,一般來說,yìbān láishuō ,,generally speaking,nói chung là,พูดโดยทั่วไป,ယေဘူယျအားဖြင့်ပြောရ၏။,一般的に言えば,일반적으로 말하면,en términos generales,secara umum,3
2-1,30,試穿,shì chuān ,,to try on (garments),thử (quần áo),ที่จะลอง(เสื้อผ้า),ကြိုးစားရန် (အဝတ်များ),（衣服を）試着する,(옷을) 입어보다,probarse (prendas),mencoba (pakaian),3
2-1,31,打完折,dǎ wán zhé,,after discouont,sau khi giảm giá,หลังจากส่วนลด,လျှော့စျေးပြီးနောက်,割引後,할인 후,después del descuento,setelah diskon,3
2-1,32,弄丟,nòng diū,,to lose,làm mất,ตก (tok) / หาย (hai) / ทำหาย (tham hai),ပြုတ်သည် (pyote thi) / ကျသည် (kya thi) / ပျောက်သည် (pyout thi),落とす (otosu) / なくす (nakusu),잃어버리다 (ireobeorida) / 떨어뜨리다 (tteoreotteurida),perder,kalah,3
2-2,1,購物,gòuwù ,Vi,to go shopping,đi mua sắm,ไปช้อปปิ้ง,ဈေးဝယ်ထွက်ဖို့,買い物に行く,쇼핑하러,ir de compras,pergi berbelanja,3
2-2,2,糾紛,jiūfēn,N,dispute,tranh chấp,ข้อพิพาท,အငြင်းပွား,紛争,논쟁,disputar,sengketa,3
2-2,3,電信,diànxìn ,N,telecommunications ,viễn thông,โทรคมนาคม,ဆက်သွယ်ရေး,電気通信,통신,telecomunicaciones,telekomunikasi,3
2-2,4,門市,ménshì ,N,retail outlet,cửa hàng bán lẻ,ร้านค้าปลีก,လက်လီဆိုင်,小売店,소매점,punto de venta,gerai ritel,3
2-2,5,居留證,jūliúzhèng ,N,Alien Resident Certificate (ARC in Taiwan),Thẻ Cư trú dành cho Người nước ngoài (ở Đài Loan),ใบรับรองถิ่นที่อยู่ของคนต่างด้าว (ARC ในไต้หวัน),Alien Resident Certificate (ထိုင်ဝမ်ရှိ ARC),外国人居住証明書（台湾のARC）,외국인 거주 증명서(대만 ARC),Certificado de residente extranjero (ARC en Taiwán),Sertifikat Penduduk Asing (ARC di Taiwan),3
2-2,6,月租型,yuèzūxíng,N,a monthly plan,gói cước trả trước hàng tháng,แผนรายเดือน,လစဉ်အစီအစဉ်,月額プラン,월간 계획,un plan mensual,rencana bulanan,3
2-2,7,帳單,zhàngdān ,N,bill,hóa đơn (cần thanh toán),ใบแจ้งหนี้,ဘေလ်,請求書,청구서,factura,tagihan,3
2-2,8,並,bìng ,Adv,contrary to assumption (followed by a negative statement),không (dùng để nhấn mạnh sự trái ngược với suy nghĩ),ขัดต่อสมมติฐาน (ตามด้วยข้อความเชิงลบ),ယူဆချက်နှင့်ဆန့်ကျင်ဘက် (အပျက်သဘောဆောင်သောဖော်ပြချက်)၊,仮定に反して（その後に否定的な発言が続く）,가정과 반대됨(부정적인 진술이 뒤따름),contrario a la suposición (seguido de una declaración negativa),bertentangan dengan asumsi (diikuti dengan pernyataan negatif),3
2-2,9,包括,bāokuò,V,to include,bao gồm,ที่จะรวม,ပါဝင်ရန်,含める,포함하다,incluir,memasukkan,3
2-2,10,解釋,jiěshì ,N,explanation,lời giải thích,คำอธิบาย,ရှင်းလင်းချက်,説明,설명,explicación,penjelasan,3
2-2,11,顧客,gùkè,N,customer,khách hàng,ลูกค้า,ဖောက်သည်,お客様,고객,cliente,pelanggan,3
2-2,12,尤其,yóuqí ,Adv,"especially, in particular",đặc biệt là,โดยเฉพาะอย่างยิ่งโดยเฉพาะอย่างยิ่ง,အထူးသဖြင့် အထူးသဖြင့်,特に、特に,"특히, 특히","especialmente, en particular","khususnya, khususnya",3
2-2,13,騙,piàn,V,"to cheat, to swindle",lừa đảo,"โกง, ฉ้อฉล",လိမ်ဖို့၊ လှည့်စားတယ်။,騙す、騙す,"사기를 치다, 사기를 치다","engañar, estafar","menipu, menipu",3
2-2,14,頓,dùn,M,verbal measure word for a duration of action,"lượng từ cho hành động kéo dài (bữa ăn, trận đòn...)",คำพูดวัดระยะเวลาของการกระทำ,နှုတ်ဖြင့် တိုင်းတာသော စကားလုံးသည် ကမ္မဋ္ဌာန်းတစ်ခုဖြစ်သည်။,口頭 行動の持続時間を測る言葉,행동의 지속 기간에 대한 구두 측정 단어,palabra de medida verbal por la duración de la acción,kata ukur verbal untuk durasi tindakan,3
2-2,15,辦法,bànfǎ,N,solution,giải pháp,สารละลาย,ဖြေရှင်းချက်,解決,해결책,solución,larutan,3
2-2,16,自動,zìdòng ,Adv,"by itself, on its own, automatically",tự động,"ด้วยตัวเอง, ด้วยตัวเอง, โดยอัตโนมัติ",သူ့ဘာသာသူ သူ့အလိုလို၊,それ自体で、それ自体で、自動的に,"저절로, 저절로, 자동으로","por sí solo, por sí solo, automáticamente","dengan sendirinya, dengan sendirinya, secara otomatis",3
2-2,17,關機,guānjī,Vp-sep,"to turn off, to shut down",tắt máy,"ปิด, ปิดเครื่อง",ပိတ်ရန်၊ ပိတ်ရန်,電源を切る、シャットダウンする,"끄다, 종료하다","apagar, apagar","mematikan, mematikan",3
2-2,18,修理,xiūlǐ ,V,to repair,sửa chữa,เพื่อซ่อมแซม,ပြုပြင်ရန်,修理する,수리하다,reparar,memperbaiki,3
2-2,19,繳費,jiǎofèi,V-sep,to pay a fee,nộp phí,เพื่อชำระค่าธรรมเนียม,အခကြေးငွေပေးဆောင်ရန်,料金を支払う,수수료를 지불하다,pagar una tarifa,membayar biaya,3
2-2,20,預付卡,yùfù kǎ ,,prepaid SIM card ,thẻ trả trước,ซิมการ์ดแบบเติมเงิน,ကြိုတင်ငွေဖြည့် ဆင်းမ်ကတ်,プリペイドSIMカード,선불 SIM 카드,tarjeta SIM prepago,kartu SIM prabayar,3
2-2,21,換成,huàn chéng ,,to change to,đổi thành,ที่จะเปลี่ยนเป็น,ပြောင်းလဲရန်,に変更する,로 변경하다,cambiar a,mengubah ke,3
2-2,22,吃到飽,chī dào bǎo ,,unlimited data (lit. all you can eat),dữ liệu không giới hạn (nghĩa đen: ăn thoải mái),ข้อมูลไม่จำกัด (จริงๆ แล้วกินได้ไม่อั้น),အကန့်အသတ်မရှိဒေတာ (စာသားအရ၊ သင်စားနိုင်သမျှ),データ無制限（文字通り、食べ放題）,무제한 데이터(말 그대로 무제한으로 먹을 수 있음),"datos ilimitados (literalmente, todo lo que puedas comer)","data tak terbatas (secara harfiah, makan sepuasnya)",3
2-2,23,嚇一跳,xià yí tiào ,,"shocked, startled, taken aback","giật mình, hoảng hốt","ตะลึง, สะดุ้ง, ตะลึง",ထိတ်လန့်ခြင်း၊ ထိတ်လန့်ခြင်း၊,ショックを受ける、びっくりする、びっくりする,"충격을 받은, 깜짝 놀란, 당황한","sorprendido, sorprendido, desconcertado","kaget, kaget, kaget",3
2-2,24,客服中心,kèfú zhōngxīn,,customer service center,trung tâm chăm sóc khách hàng,ศูนย์บริการลูกค้า,ဖောက်သည်ဝန်ဆောင်မှုစင်တာ,カスタマーサービスセンター,고객 서비스 센터,centro de atención al cliente,pusat layanan pelanggan,3
3-1,1,陳敏萱,Chén Mǐnxuān ,,A woman from the Netherlands,một người phụ nữ từ Hà Lan,ผู้หญิงคนหนึ่งจากเนเธอร์แลนด์,နယ်သာလန်မှ အမျိုးသမီးတစ်ဦး,オランダから来た女性,네덜란드에서 온 여자,Una mujer de Holanda,Seorang wanita dari Belanda,3
3-1,2,高橋健太,Gāoqiáo Jiàntài ,,A man from Japan,một người đàn ông từ Nhật Bản,ผู้ชายญี่ปุ่น (phu chai yi pun),ဂျပန်အမျိုးသား (ja pan a myo tha),日本人の男性 (nihonjin no dansei),일본 남자 (ilbon namja),un hombre de japon,Seorang pria dari Jepang,3
3-1,3,空氣,kōngqì,N,air,không khí,อากาศ,လေ,空気,공기,aire,udara,3
3-1,4,影響,yǐngxiǎng,N,influence,ảnh hưởng,อิทธิพล,လွှမ်းမိုးမှု,影響,영향,influencia,pengaruh,3
3-1,5,穩定,wěndìng,Vs,stable,ổn định,มั่นคง,တည်ငြိမ်သည်။,安定した,안정적인,estable,stabil,3
3-1,6,幸虧,xìngkuī ,Adv,fortunately,may mắn thay,โชคดี (chok di) / ยังดี (yang di),ကံကောင်းစွာ (kan kaung: swa) / ကံကောင်းချင်တော့ (kan kaung: chin taw),幸いにも (saiwai ni mo) / よかった (yokatta),다행히 (dahaenghi) / 운 좋게 (un johge),afortunadamente,untung,3
3-1,7,躲,duǒ,Vi,"to hide, to go into hiding","trốn, ẩn nấp","เพื่อซ่อน, เข้าไปซ่อนตัว",ပုန်းအောင်းရန်၊,隠れる、隠れる,"숨다, 숨어 들어가다","esconderse, esconderse","bersembunyi, bersembunyi",3
3-1,8,度,dù,M,degree,độ (đơn vị đo nhiệt độ),ระดับ,ဘွဲ့,程度,도,grado,derajat,3
3-1,9,溫度,wēndù,N,temperature,nhiệt độ,อุณหภูมิ,အပူချိန်,温度,온도,temperatura,suhu,3
3-1,10,零下,língxià,Vs-attr,below zero,dưới 0 độ,ต่ำกว่าศูนย์,သုညအောက်,零下,영하,bajo cero,di bawah nol,3
3-1,11,感覺,gǎnjué,Vst,to feel,cảm thấy,รู้สึก,ခံစားရန်,感じる,느끼다,sentir,merasakan,3
3-1,12,實際,shíjì,Vs,actual,thực tế,แท้จริง,အမှန်တကယ်,実際の,실제,"real, efectivo",sebenarnya,3
3-1,13,難怪,nánguài,Adv,"it's no wonder, no wonder","chẳng trách, thảo nào",มันไม่น่าแปลกใจเลย,အံ့သြစရာမဟုတ်ပါ၊ အံ့သြစရာမရှိပါ။,それは不思議ではない、不思議ではない,"당연하지, 당연하지","no es de extrañar, no es de extrañar","tidak mengherankan, tidak mengherankan",3
3-1,14,季節,jìjié,N,season,mùa,ฤดูกาล,ရာသီ,季節,계절,estación,musim,3
3-1,15,火鍋,huǒguō,N,hotpot,lẩu,หม้อไฟ,ဟော့ပေါ့,鍋,전골,estofado,makanan daging dan sayur,3
3-1,16,海鮮,hǎixiān,N,seafood,hải sản,อาหารทะเล,ပင်လယ်စာ,シーフード,해산물,mariscos,hidangan laut,3
3-1,17,新鮮,xīnxiān,Vs,fresh,tươi,สด,လတ်ဆတ်သော,新鮮な,신선한,fresco,segar,3
3-1,18,櫻花,yīnghuā ,N,cherry blossom,hoa anh đào,ดอกซากุระ,ချယ်ရီပန်း,桜,벚꽃,flor de cerezo,bunga sakura,3
3-1,19,變化,biànhuà,N,change,sự thay đổi,เปลี่ยน,ပြောင်းလဲမှု,変化,변화,cambiar,mengubah,3
3-1,20,氣溫,qìwēn ,N,temperature (weather),nhiệt độ (thời tiết),อุณหภูมิ (สภาพอากาศ),အပူချိန် (ရာသီဥတု),気温（天気）,기온 (날씨),temperatura (clima),suhu (cuaca),3
3-1,21,差,chā,Vst,to differ,khác biệt,ที่จะแตกต่าง,ကွဲပြားရန်,違う,다르다,diferir,berbeda,3
3-1,22,幾乎,jīhū,Adv,almost,gần như,เกือบ,နီးပါး,ほとんど,거의,casi,hampir,3
3-1,23,乾,gān,Vs,dry,khô,แห้ง,ခြောက်သွေ့,ドライ,마른,seco,kering,3
3-1,24,發霉,fāméi ,Vp-sep,to mildew,bị mốc,เพื่อโรคราน้ำค้าง,အနာ,カビが生える,곰팡이가 생기다,al moho,jamur,3
3-1,25,除濕機,chúshījī ,N,dehumidifier ,máy hút ẩm,เครื่องลดความชื้น,အစိုဓာတ်ထိန်းစက်,除湿機,제습기,deshumidificador,penurun kelembapan,3
3-1,26,雨季,yǔjì ,N,rainy season,mùa mưa,ฤดูฝน,မိုးရာသီ,雨季,우기,temporada de lluvias,musim hujan,3
3-1,27,涼快,liángkuài ,Vs,cool ,mát mẻ,เย็น,အေးတယ်။,いいね,시원한,Frío,Dingin,3
3-1,28,潮濕,cháoshī,Vs,humid,ẩm ướt,ชื้น,စိုစွတ်သော,湿気が多い,습한,húmedo,lembab,3
3-1,29,悶,mēn,Vs,stuffy,"ngột ngạt, bí",อับชื้น,အိုက်,息苦しい,답답한,cargado,pengap,3
3-1,30,冷氣,lěngqì ,N,air conditioning,"máy lạnh, điều hòa",เครื่องปรับอากาศ,လေအေးပေးစနစ်,空調,공기 조절,aire acondicionado,AC,3
3-1,31,荷蘭,Hélán ,,the Netherlands (lit. Holland),Hà Lan,เนเธอร์แลนด์ (อังกฤษ: Holland),နယ်သာလန် (စာသားအရ ဟော်လန်),オランダ (文字通り、オランダ),네덜란드 (말 그대로 네덜란드),"Países Bajos (literalmente, Holanda)","Belanda (secara harfiah, Belanda)",3
3-1,32,出大太陽,chū dà tàiyáng ,,to be blazing hot,trời nắng gắt,จะร้อนจัด,တောက်လောင်နေဖို့,灼熱になる,뜨겁게 타오르다,estar muy caliente,menjadi sangat panas,3
3-1,33,颳風,guā fēng ,,to be windy (lit. blow wind),trời có gió,มีลมแรง (หมายถึงลมพัด),လေထန်ခြင်း (စာသားအရ လေတိုက်ခြင်း)၊,風が強い（文字通り、風が吹く）,바람이 불다 (말 그대로 바람이 불다),"tener viento (literalmente, soplar viento)","menjadi berangin (secara harfiah, meniupkan angin)",3
3-1,34,受到,shòu dào ,,"to receive, to be, to get","nhận được, bị","ที่จะได้รับ, เป็น, ที่จะได้รับ",လက်ခံရရှိသည်၊ ခံရသည်,受け取る、なる、得る,"받다, 존재하다, 획득하다","recibir, ser, conseguir","menerima, menjadi, mendapatkan",3
3-1,35,受不了,shòu bù liǎo,,can't stand it,không chịu nổi,ทนไม่ไหวแล้ว,မနေနိုင်,我慢できない,참을 수 없어,no puedo soportarlo,tidak tahan,3
3-1,36,餓死了,è sǐle ,,to starve to death (an exaggeration),đói chết (cách nói phóng đại),อดตาย (เป็นการพูดเกินจริง),ငတ်သေခြင်း (ချဲ့ကားခြင်း)၊,餓死する（言い過ぎ）,굶어 죽다 (과장),morir de hambre (una exageración),mati kelaparan (berlebihan),3
3-1,37,後母臉,hòumǔ liǎn,,"stepmother's face, i.e., stern and cruel look","mặt mẹ kế (ám chỉ vẻ mặt nghiêm khắc, lạnh lùng)",ใบหน้าของแม่เลี้ยงคือท่าทางดุดันและโหดร้าย,မိထွေး၏မျက်နှာ၊ ဆိုလိုသည်မှာ တင်းမာပြီး ရက်စက်သောအကြည့်,継母の顔、つまり厳しく残酷な表情,"계모의 얼굴, 즉 엄하고 잔인한 표정","cara de madrastra, es decir, mirada severa y cruel","wajah ibu tiri, yaitu tatapan tegas dan kejam",3
3-2,1,祖先,zǔxiān ,N,ancestor,tổ tiên,บรรพบุรุษ,ဘိုးဘေး,祖先,선조,antepasado,leluhur,3
3-2,2,移民,yímín ,Vi,"to immigrate, to emigrate",di cư,"อพยพ, อพยพ",ရွှေ့ပြောင်းနေထိုင်ရန်၊ ရွှေ့ပြောင်းနေထိုင်ရန်,移住する、移住する,"이주하다, 이주하다","inmigrar, emigrar","berimigrasi, beremigrasi",3
3-2,3,當中,dāngzhōng ,N,"of, amongst","trong số, giữa","ของ, หมู่","၏, အကြား",の、中で,~ 중,"de, entre","dari, di antara",3
3-2,4,根據,gēnjù ,Prep,"based on, in accordance with, according to","dựa trên, theo","ขึ้นอยู่กับ, ตาม, ตาม",အလိုက်၊အညီ၊အလိုက်၊,に基づいて、に従って、に従って,"~에 기초하여, ~에 따라, ~에 따라","basado en, de acuerdo con, según","berdasarkan, sesuai dengan, menurut",3
3-2,5,農曆,nónglì ,N,the lunar calendar (lit. the agricultural calendar),lịch âm,ปฏิทินจันทรคติ (ตามตัวอักษรคือปฏิทินเกษตรกรรม),လပြက္ခဒိန် (စာသားအရ စိုက်ပျိုးရေးပြက္ခဒိန်),太陰暦（文字通り、農業暦）,"음력(문자 그대로, 농업 달력)","el calendario lunar (literalmente, el calendario agrícola)","kalender lunar (secara harfiah, kalender pertanian)",3
3-2,6,農業,nóngyè ,N,agriculture,nông nghiệp,เกษตรกรรม,စိုက်ပျိုးရေး,農業,농업,agricultura,pertanian,3
3-2,7,農人,nóngrén ,N,farmer,người nông dân,ชาวนา,လယ်သမား,農家,농장주,agricultor,petani,3
3-2,8,難得,nándé,Vs,"hard-to-come-by, rare",hiếm có,"หายาก, หายาก",ကြုံခဲ၊ ရှားပါတယ်။,入手困難、珍しい,"구하기 힘든, 희귀한","difícil de conseguir, raro","sulit didapat, jarang",3
3-2,9,祭祖,jìzǔ ,Vi,to venerate ancestors,cúng bái tổ tiên,เพื่อไว้อาลัยบรรพบุรุษ,ဘိုးဘေးများကို ကြည်ညိုရန်,先祖を敬う,조상을 공경하기 위해,venerar a los antepasados,menghormati leluhur,3
3-2,10,拜,bài ,V,"to honor, to pay homage to","bái, lạy","เพื่อเป็นเกียรติแก่, กราบไหว้",ရိုသေခြင်း၊ ရှိခိုးခြင်း။,名誉を与える、敬意を払う,"~에게 경의를 표하다, 경의를 표하다","honrar, rendir homenaje a","menghormati, memberi penghormatan",3
3-2,11,神,shén ,N,"gods, divinities",thần thánh,พระเจ้าเทพ,ဘုရား၊ နတ်ဘုရား,神々、神々,"신들, 신들","dioses, divinidades","dewa, dewa",3
3-2,12,拜拜,bàibài ,Vi,to present offerings to gods or ancestors,"cúng bái (thần linh, tổ tiên)",เพื่อถวายเครื่องบูชาแก่เทพเจ้าหรือบรรพบุรุษ,ဘိုးဘေးတို့အား ပူဇော်သက္ကာပြုခြင်း၊,神様やご先祖様にお供え物を捧げること,신이나 조상에게 제물을 바치다,presentar ofrendas a dioses o antepasados,mempersembahkan persembahan kepada dewa atau leluhur,3
3-2,13,蚊蟲,wénchóng ,N,mosquitoes and other insects,muỗi và côn trùng,ยุงและแมลงอื่นๆ,ခြင်နှင့် အခြားအင်းဆက်များ,蚊や他の昆虫,모기 및 기타 곤충,mosquitos y otros insectos,nyamuk dan serangga lainnya,3
3-2,14,戴,dài ,V,"to wear (items other than those that cover the torso, legs, or feet. mostly ornamental items.)","đeo, đeo (trang sức)",สวมใส่ (สิ่งของอื่นนอกจากที่ปกปิดลำตัว ขา หรือเท้า ส่วนใหญ่เป็นของประดับตกแต่ง),ဝတ်ဆင်ရန် (ခန္ဓာကိုယ်၊ ခြေသလုံး သို့မဟုတ် ခြေဖဝါးကို ဖုံးအုပ်ထားသည့် ပစ္စည်းများမှလွဲ၍ အခြားပစ္စည်းများ။ အများအားဖြင့် အလှဆင်ပစ္စည်းများ။),身につけるもの（胴体、脚、足を覆うもの以外のもの。主に装飾品）。,"입다 (몸통, 다리, 발을 덮는 것 이외의 것. 대부분 장식용 물품.)","usar (artículos que no sean los que cubren el torso, las piernas o los pies, en su mayoría artículos ornamentales)","dipakai (barang selain yang menutupi batang tubuh, tungkai, atau kaki. kebanyakan barang hias.)",3
3-2,15,香包,xiāngbāo ,N,fragrant sachet,túi thơm,ซองหอม,အမွှေးထုပ်,香りのよい小袋,향기로운 향낭,bolsita fragante,bungkusan harum,3
3-2,16,掛,guà,V,to hang,treo,ที่จะแขวน,ဆွဲထားရန်,吊るす,매달다,colgar,digantung,3
3-2,17,瘟疫,wēnyì,N,"pestilence, plague",dịch bệnh,"โรคระบาด, โรคระบาด",ကာလနာ၊ ပလိပ်ရောဂါ,疫病、ペスト,"역병, 역병","pestilencia, plaga","penyakit sampar, wabah penyakit",3
3-2,18,做法,zuòfǎ,N,"method, way of doing something ",cách làm,วิธีการวิธีการทำบางสิ่งบางอย่าง,နည်းလမ်း၊ တစ်ခုခုလုပ်နည်း,方法、何かを行う方法,"방법, 어떤 일을 하는 방식","método, manera de hacer algo","metode, cara melakukan sesuatu",3
3-2,19,多少,duōshǎo ,Adv,somewhat,"phần nào, một chút",ค่อนข้าง,ခပ်ဆင်ဆင်,幾分,약간,un poco,agak,3
3-2,20,作用,zuòyòng ,N,effect,tác dụng,ผล,အကျိုးသက်ရောက်မှု,効果,효과,efecto,memengaruhi,3
3-2,21,迷信,míxìn ,N,superstition,mê tín,ไสยศาสตร์,အယူသီးမှု,迷信,미신,superstición,takhyul,3
3-2,22,收成,shōuchéng,N,harvest,vụ thu hoạch,เก็บเกี่ยว,ရိတ်သိမ်း,収穫,수확하다,cosecha,memanen,3
3-2,23,民族,mínzú ,N,ethnic group,dân tộc,กลุ่มชาติพันธุ์,လူမျိုးစု,民族グループ,인종 그룹,grupo étnico,kelompok etnis,3
3-2,24,月亮,yuèliàng ,N,moon,mặt trăng,ดวงจันทร์,လ,月,달,luna,bulan,3
3-2,25,圓,yuán ,Vs,round,tròn,กลม,ပတ်ပတ်လည်,ラウンド,둥근,redondo,bulat,3
3-2,26,社會,shèhuì ,N,society,xã hội,สังคม,လူ့အဖွဲ့အစည်း,社会,사회,sociedad,masyarakat,3
3-2,27,團聚,tuánjù,Vi,"to get-together, to reunite; reunion of family members (in this lesson)","sum họp, đoàn tụ",เพื่อพบปะสังสรรค์ การกลับมารวมตัวของสมาชิกในครอบครัว (ในบทเรียนนี้),ပြန်လည်ပေါင်းစည်းရန်၊ မိသားစုဝင်များ ပြန်လည်ဆုံဆည်းခြင်း (ဤသင်ခန်းစာတွင်),集まる、再会する。家族の再会（このレッスンで）,"모임, 재결합; 가족의 재회(이 수업에서)","reunirse, reunirse; reunión de miembros de la familia (en esta lección)","berkumpul, bersatu kembali; reuni anggota keluarga (dalam pelajaran ini)",3
3-2,28,月餅,yuèbǐng ,N,moon cake (shaped like the moon),bánh trung thu,ขนมไหว้พระจันทร์ (รูปร่างคล้ายพระจันทร์),လမုန့် (လကဲ့သို့ ပုံသဏ္ဍာန်),月餅（月の形をしたもの）,월병(달 모양),pastel de luna (con forma de luna),kue bulan (bentuknya seperti bulan),3
3-2,29,柚子,yòuzi,N,pomelo,bưởi,ส้มโอ,ကျွဲကော၊,ザボン,포멜로,pomelo,jeruk bali,3
3-2,30,故事,gùshì ,N,story,câu chuyện,เรื่องราว,ဇာတ်လမ်း,話,이야기,historia,cerita,3
3-2,31,溫馨,wēnxīn ,Vs,"warm, heart-warming",ấm áp (về tình cảm),อบอุ่นอบอุ่นใจ,နွေးထွေးသော၊ နှလုံးသားကိုနွေးထွေးစေသည်။,暖かい、心温まる,"따뜻하다, 마음이 따뜻하다","cálido, reconfortante","hangat, menghangatkan hati",3
3-2,32,端午節,Duānwǔ jié,,the Dragon Boat Festival (the 5 th day of the 5th month),Tết Đoan Ngọ (mùng 5 tháng 5 âm lịch),เทศกาลแข่งเรือมังกร (วันที่ 5 ของเดือน 5),နဂါးလှေပွဲတော် (၅လပိုင်း ၅ရက်နေ့)၊,端午節（5月5日）,단오절(5월 5일),el Dragon Boat Festival (el quinto día del quinto mes),Festival Perahu Naga (hari ke-5 bulan ke-5),3
3-2,33,中秋節,Zhōngqiū jié,,the Mid-autumn Moon Festival (the 15th day of the 8th month),Tết Trung Thu (15 tháng 8 âm lịch),เทศกาลไหว้พระจันทร์กลางฤดูใบไม้ร่วง (วันที่ 15 เดือน 8),ဆောင်းဦးလဆန်းပွဲတော် (၈လပိုင်း ၁၅ရက်),中秋の名月（8月15日）,중추절(8월 15일),el Festival de la Luna del Medio Otoño (el día 15 del octavo mes),Festival Bulan Pertengahan Musim Gugur (hari ke-15 bulan ke-8),3
3-2,34,雄黃酒,xiónghuáng jiǔ ,,"realgar liquor, a wine seasoned with realgar, a type of arsenic, and is traditionally considered to be an antidote to other poisons",rượu hùng hoàng,เหล้า realgar ไวน์ปรุงรสด้วย realgar สารหนูชนิดหนึ่ง และตามประเพณีถือว่าเป็นยาแก้พิษอื่น ๆ,မာလကာရည်၊ မာလကာရည်ဖြင့် ရောထားသော ဝိုင်၊ အာဆင်းနစ် အမျိုးအစားဖြစ်ပြီး ရှေးယခင်ကတည်းက အခြားသော အဆိပ်များကို ဖြေဆေးအဖြစ် သတ်မှတ်သည်။,レアルガー酒、ヒ素の一種であるレアルガーで味付けされたワインで、伝統的に他の毒に対する解毒剤であると考えられています。,"리얼가 주류, 비소의 일종인 리얼가로 맛을 낸 와인이며 전통적으로 다른 독극물에 대한 해독제로 간주됩니다.","licor de rejalgar, un vino condimentado con rejalgar, un tipo de arsénico, y tradicionalmente se considera un antídoto contra otros venenos","minuman keras realgar, anggur yang dibumbui dengan realgar, sejenis arsenik, dan secara tradisional dianggap sebagai penangkal racun lainnya",3
3-2,35,古時候,gǔ shíhòu,,historically; in ancient times,thời xưa,ในอดีต; ในสมัยโบราณ,သမိုင်းကြောင်းအရ၊ ရှေးခေတ်,歴史的に;古代に,역사적으로; 고대에는,históricamente; en la antigüedad,secara historis; di zaman kuno,3
3-2,36,趕走,gǎn zǒu ,,to drive away,đuổi đi,เพื่อขับรถออกไป,မောင်းထုတ်ရန်,追い払う,차를 몰고 가다,alejarse,pergi,3
3-2,37,過節,guò jié ,,to spend the holiday in some manner,ăn Tết,เพื่อใช้วันหยุดในลักษณะใดลักษณะหนึ่ง,အားလပ်ရက်ကို တနည်းနည်းနဲ့ ဖြတ်သန်းဖို့,休日を何らかの形で過ごすこと,어떻게든 휴가를 보내려고,pasar las vacaciones de alguna manera,menghabiskan liburan dengan cara tertentu,3
4-1,1,愛,ài ,Vst,to love,yêu,ที่จะรัก,ချစ်ဖို့,愛すること,사랑하다,amar,mencintai,3
4-1,2,人情味,rénqíngwèi,N,"to be hospitable, kind, friendly","sự hiếu khách, tình người",มีอัธยาศัยดี ใจดี เป็นกันเอง,ဖော်ရွေမှု၊ ကြင်နာမှု၊ ဖော်ရွေမှု ရှိရန်,もてなし、親切、フレンドリーであること,"친절하다, 친절하다, 우호적이다","ser hospitalario, amable, amigable","menjadi ramah, baik hati, bersahabat",3
4-1,3,放,fàng ,V,to release,thả,ที่จะปล่อย,လွှတ်ပေးရန်,解放する,석방하다,liberar,melepaskan,3
4-1,4,天燈,tiāndēng ,N,sky lantern,đèn trời,โคมลอย,ကောင်းကင်မီးအိမ်,スカイランタン,하늘 랜턴,linterna del cielo,lentera langit,3
4-1,5,願望,yuànwàng ,N,wish,điều ước,ปรารถนา,ဆန္ဒ,願い,소망,desear,mengharapkan,3
4-1,6,訊號,xùnhào ,N,signal (data connection),tín hiệu (kết nối),สัญญาณ (การเชื่อมต่อข้อมูล),အချက်ပြမှု (ဒေတာချိတ်ဆက်မှု),信号 (データ接続),신호(데이터 연결),señal (conexión de datos),sinyal (koneksi data),3
4-1,7,元宵,yuánxiāo ,N,sweet sticky rice dumplings,bánh trôi (ăn trong Tết Nguyên Tiêu),เกี๊ยวข้าวเหนียวหวาน,ကောက်ညှင်း ဖက်ထုပ်မွှေး,甘いもち米団子,달콤한 찹쌀 만두,albóndigas dulces de arroz pegajoso,pangsit ketan manis,3
4-1,8,牆,qiáng,N,wall,bức tường,กำแพง,နံရံ,壁,벽,muro,dinding,3
4-1,9,耐心,nàixīn ,N,patience,sự kiên nhẫn,ความอดทน,သည်းခံခြင်း,忍耐,인내심,paciencia,kesabaran,3
4-1,10,感動,gǎndòng ,Vs,"to be touched, moved",cảm động,ที่จะได้สัมผัสเคลื่อนย้าย,ထိဖို့၊ ရွှေ့ဖို့,触れられる、感動する,"만져지다, 움직이다","ser tocado, conmovido","disentuh, digerakkan",3
4-1,11,擔仔麵,dànzǎimiàn ,N,danzai noodles (special dish from Tainan),mì trộn Đài Loan (món đặc sản Đài Nam),บะหมี่ดันไซ (อาหารจานพิเศษจากไถหนาน),Danzai ခေါက်ဆွဲ (Tainan မှ အထူးဟင်းလျာ),担仔麺（台南名物）,단자이 국수(타이난 특선 요리),fideos danzai (plato especial de Tainan),mie danzai (hidangan spesial dari Tainan),3
4-1,12,招牌,zhāopái ,N,store sign,biển hiệu cửa hàng,ป้ายร้าน,ဆိုင်ဆိုင်းဘုတ်,店の看板,매장 간판,letrero de tienda,tanda toko,3
4-1,13,當地,dāngdì ,Vs-attr,local,địa phương,ท้องถิ่น,ပြည်တွင်း,地元,현지의,local,lokal,3
4-1,14,賺,zhuàn,V,to earn,kiếm tiền,ที่จะได้รับ,ဝင်ငွေရရန်,稼ぐ,벌다,ganar,mendapatkan,3
4-1,15,而,ér ,Adv,"on the other hand, rather,","mà, nhưng mà",ในทางกลับกัน ค่อนข้าง,တစ်ဖက်တွင်၊,その一方で、むしろ、,반면에 오히려,"por otra parte, más bien,","di sisi lain, sebaliknya,",3
4-1,16,交,jiāo ,V,to make (friends),kết giao (bạn bè),ที่จะทำให้ (เพื่อน),မိတ်ဆွေဖွဲ့ရန်,（友達を）作る,(친구를) 사귀다,hacer (amigos),membuat (teman),3
4-1,17,理想,lǐxiǎng ,N,"ideals, aspirations",lý tưởng,อุดมคติความทะเยอทะยาน,စိတ်ကူးများ၊ ဆန္ဒများ,理想、願望,"이상, 열망","ideales, aspiraciones","cita-cita, aspirasi",3
4-1,18,剛剛,gānggang ,Adv,just now,vừa mới,เมื่อกี้ (muea kee),ခုနက (khu na ka),さっき (sakki),방금 (banggeum),En este momento,baru saja,3
4-1,19,改天,gǎitiān ,Adv,some other day,hôm khác,วันอื่น,အခြားနေ့,いつか,다른 날,algún otro día,suatu hari nanti,3
4-1,20,無聊,wúliáo ,Vs,"boring, dull",nhàm chán,น่าเบื่อน่าเบื่อ,ပျင်းစရာ၊ မှိုင်း,退屈な、退屈な,"지루하다, 지루하다","aburrido, aburrido","membosankan, membosankan",3
4-1,21,東區,dōngqū ,N,the East District (of Taipei),Khu Đông (của Đài Bắc),เขตตะวันออก (ของไทเป),အရှေ့ခရိုင် (တိုင်ပေ)၊,（台北の）東区,동부 지구 (타이베이),el Distrito Este (de Taipei),Distrik Timur (Taipei),3
4-1,22,煙火,yānhuǒ ,N,fireworks,pháo hoa,ดอกไม้ไฟ,မီးရှူးမီးပန်း,花火,불꽃,fuegos artificiales,kembang api,3
4-1,23,跨年,kuànián ,Vi,welcome in the (solar) New Year (lit. span the years),đón giao thừa,ต้อนรับปีใหม่ (สุริยคติ) (ตามตัวอักษรคือช่วงปี),(နေရောင်ခြည်) နှစ်သစ်ကို ကြိုဆိုပါ၏ (စာသားအရ၊ နှစ်များ),（太陽の）新年を歓迎します（文字通り、年をまたいで）,"(태양의) 새해를 환영합니다(문자 그대로, 몇 년 동안)","bienvenido al Año Nuevo (solar) (literalmente, abarcar los años)","selamat datang di Tahun Baru (matahari) (secara harfiah, rentang tahun)",3
4-1,24,種類,zhǒnglèi ,N,"type, category","loại, hạng mục",ประเภทหมวดหมู่,အမျိုးအစား၊ အမျိုးအစား,タイプ、カテゴリー,"유형, 카테고리","tipo, categoría","jenis, kategori",3
4-1,25,價錢,jiàqián ,N,price,giá cả,ราคา,စျေးနှုန်း,価格,가격,precio,harga,3
4-1,26,感覺,gǎnjué,N,feeling; a feeling of… ,"cảm giác, cảm nhận",ความรู้สึก; ความรู้สึกของ...,ခံစားမှု; ခံစားချက်တစ်ခု…,フィーリング; …の気持ち,감정;...의 느낌,sentimiento; un sentimiento de…,merasa; perasaan…,3
4-1,27,雞排,jīpái,N,chicken fillet,miếng phi lê gà,เนื้อไก่,ကြက်သားလွှာ,チキンフィレ,치킨 필레,filete de pollo,irisan ayam,3
4-1,28,口,kǒu,M,mouthful,"lượng từ cho vật đưa lên miệng (ngụm, miếng...)",คำหนึ่ง,လုတ်,一口,한입 가득,bocado,suap,3
4-1,29,紅茶,hóngchá ,N,black tea (lit. red tea),trà đen,ชาดำ (ตัวอักษรชาแดง),လက်ဖက်ခြောက် (လက်ဖက်အနီ),紅茶（文字通り、赤茶）,홍차 (말 그대로 홍차),"té negro (literalmente, té rojo)","teh hitam (secara harfiah, teh merah)",3
4-1,30,平溪,Píngxī ,,"Pingxi, a town in northern Taiwan",Pingxi (một thị trấn ở phía bắc Đài Loan),ผิงซี เมืองทางตอนเหนือของไต้หวัน,ထိုင်ဝမ်မြောက်ပိုင်းရှိ Pingxi မြို့,台湾北部の町、平渓,대만 북부의 도시 핑시(Pingxi),"Pingxi, una ciudad en el norte de Taiwán","Pingxi, sebuah kota di Taiwan utara",3
4-1,31,元宵節,Yuánxiāo jié ,,the Lantern Festival (15th day of the 1st month),Tết Nguyên Tiêu (Rằm tháng Giêng),เทศกาลโคมไฟ (วันที่ 15 ของเดือนที่ 1),မီးပုံးပွဲတော် (၁လပိုင်း ၁၅ရက်)၊,ランタンフェスティバル（第1月15日）,등불 축제(1월 15일),el Festival de los Faroles (día 15 del primer mes),Festival Lentera (hari ke 15 bulan pertama),3
4-1,32,孔廟,Kǒngmiào ,,Confucian Temple,Văn Miếu,วัดขงจื้อ,ကွန်ဖြူးရှန်းဘုရားကျောင်း,孔子廟,유교 사원,Templo confuciano,Kuil Konfusianisme,3
4-1,33,校外教學,xiàowài jiāoxué ,,"field trip, class excursion","chuyến dã ngoại, hoạt động ngoại khóa",ทัศนศึกษาทัศนศึกษาในชั้นเรียน,ကွင်းဆင်းခရီး၊ အတန်းလေ့လာရေးခရီး,修学旅行、修学旅行,"견학, 학급 견학","excursión, excursión de clase","karyawisata, tamasya kelas",3
4-1,34,碰到,pèngdào ,,to run into,tình cờ gặp,ที่จะวิ่งเข้าไป,ပြေးဝင်,遭遇する,뛰어들다,toparse con,bertemu,3
4-1,35,水煎包,shuǐjiān bāo ,,pan-fried pork bun,bánh bao rán,ซาลาเปาหมูกระทะ,ဝက်သားပေါင်မုန့်ကြော်,揚げ豚まん,돼지고기 팬에 튀긴 만두,pan de cerdo frito,roti babi goreng,3
4-2,1,同事,tóngshì ,N,"colleague, coworker",đồng nghiệp,"เพื่อนร่วมงาน, เพื่อนร่วมงาน",လုပ်ဖော်ကိုင်ဖက်၊ လုပ်ဖော်ကိုင်ဖက်,同僚、同僚,"동료, 동료","colega, compañero de trabajo","kolega, rekan kerja",3
4-2,2,美食,měishí ,N,"delicacies, delicious foods",món ăn ngon,อาหารรสเลิศอาหารอร่อย,အရသာရှိသော အစားအစာများ၊,珍味、おいしい食べ物,"진미, 맛있는 음식","delicias, comidas deliciosas","makanan lezat, makanan lezat",3
4-2,3,上,shàng ,V,to go up to,"lên (xe, tàu...)",เพื่อขึ้นไป,တက်ဖို့,まで行く,까지 올라가다,subir a,naik ke,3
4-2,4,泡,pào ,V,"to steep (tea)  to soak oneself in, i.e., to bath in","pha (trà), ngâm mình (bồn tắm)",แช่ตัว (ชา) แช่ตัว กล่าวคือ อาบน้ำ,စိမ်သည် (လက်ဖက်ရည်); ရေထဲတွင် စိမ်နေသည်၊ ဥပမာ ရေချိုးသည်,（お茶を）浸す、浸る、つまり入浴する,"(차)를 담그다, 즉 목욕을 하다","remojar (té) empaparse, es decir, bañarse en","menyeduh (teh) untuk merendam diri, yaitu mandi",3
4-2,5,錯過,cuòguò ,Vpt,to miss (an opportunity),bỏ lỡ (cơ hội),พลาด (โอกาส),(အခွင့်အရေး) လက်လွတ်ဖို့,（機会を）逃す,(기회를) 놓치다,perder (una oportunidad),melewatkan (kesempatan),3
4-2,6,營業,yíngyè,Vi,"to open for business, in operation (businesses)",mở cửa kinh doanh,"เพื่อเปิดธุรกิจ, ดำเนินการ (ธุรกิจ)",လုပ်ငန်းဖွင့်ရန်၊ လည်ပတ်ရန် (စီးပွားရေးလုပ်ငန်းများ)၊,営業を開始する、営業中（ビジネス）,"영업을 시작하다, 영업을 하다 (사업을 하다)","abrir negocios, en funcionamiento (negocios)","membuka usaha, beroperasi (usaha)",3
4-2,7,夜景,yèjǐng,N,night view,cảnh đêm,วิวกลางคืน,ညမြင်ကွင်း,夜景,야경,vista nocturna,pemandangan malam,3
4-2,8,古老,gǔlǎo ,Vs,"ancient, antiquated",cổ kính,"โบราณ,โบราณ",ရှေးခေတ်၊,古い、時代遅れの,"고대의, 구식의","antiguo, anticuado","kuno, kuno",3
4-2,9,古蹟,gǔjī ,N,historical site,di tích lịch sử,โบราณสถาน,သမိုင်းဝင်နေရာ,史跡,유적지,sitio historico,situs bersejarah,3
4-2,10,重視,zhòngshì ,Vst,"to place emphasis on, to lay stress on, to value",coi trọng,"เน้น, เน้น, ให้คุณค่า",အလေးထားဖို့၊ အလေးထားဖို့၊ တန်ဖိုးထားဖို့,重点を置く、強調する、価値を置く,"강조하다, 강조하다, 가치를 두다","poner énfasis en, poner énfasis en, valorar","memberi penekanan pada, memberi tekanan pada, menghargai",3
4-2,11,歷史,lìshǐ ,N,history,lịch sử,ประวัติศาสตร์,သမိုင်း,歴史,역사,historia,sejarah,3
4-2,12,風俗,fēngsú ,N,customs,phong tục,ศุลกากร,အခွန်ဌာန,税関,세관,aduanas,bea cukai,3
4-2,13,習慣,xíguàn,N,habit,thói quen,นิสัย,ဖြတ်တယ်။,癖,습관,hábito,kebiasaan,3
4-2,14,道地,dàodì ,Vs,authentic,"đích thực, chuẩn vị",แท้,စစ်မှန်သော,本物,진본인,auténtico,autentik,3
4-2,15,粥,zhōu ,N,"congee, watery rice",cháo,โจ๊กข้าวน้ำ,ထမင်းရည်၊ ရေဆန်,おかゆ、水っぽいご飯,"죽, 찹쌀","sopa de arroz, arroz aguado","bubur, nasi encer",3
4-2,16,講究,jiǎngjiù ,Vst,"to be discriminating in, to be discerning, meticulous","cầu kỳ, kỹ lưỡng",เป็นคนแยกแยะ มีวิจารณญาณ พิถีพิถัน,ပိုင်းခြားသိမြင်တတ်ဖို့၊ စေ့စေ့စပ်စပ် ခွဲခြားတတ်ဖို့၊,識別する、識別する、細心の注意を払う,"분별력이 있다, 분별력이 있다, 꼼꼼하다","ser exigente, ser exigente, meticuloso","membeda-bedakan, menjadi cerdas, teliti",3
4-2,17,頓,dùn ,M,measure word for the duration of a meal,lượng từ cho bữa ăn,วัดคำระหว่างมื้ออาหาร,အစာစားချိန်အတွက် စကားလုံးကို တိုင်းတာပါ။,食事中の単語を測定する,식사하는 동안 단어 측정,medir la palabra durante la duración de una comida,mengukur kata selama makan,3
4-2,18,速度,sùdù,N,speed,tốc độ,ความเร็ว,အရှိန်,スピード,속도,velocidad,kecepatan,3
4-2,19,窄,zhǎi ,Vs,narrow,chật hẹp,แคบ,ကျဉ်းတယ်။,狭い,좁은,angosto,sempit,3
4-2,20,街道,jiēdào,N,street,đường phố,ถนน (thanon),လမ်း,通り,거리,calle,jalan,3
4-2,21,蓋,gài ,V,"to build, to erect",xây dựng,"เพื่อสร้าง, การก่อสร้าง",တည်ဆောက်ရန်၊ စိုက်ထူရန်,建てる、建てる,"짓다, 세우다","construir, erigir","membangun, mendirikan",3
4-2,22,待,dāi,Vi,"to stay, to remain",ở lại,จะอยู่ยังคงอยู่,နေဖို့၊,残る、残る,"머물다, 머물다","quedarse, permanecer","tinggal, tetap",3
4-2,23,欣賞,xīnshǎng ,V,"to appreciate, to enjoy","thưởng thức, ngắm nhìn",ชื่นชมเพลิดเพลิน,တန်ဖိုးထားရန်၊ ပျော်ရွှင်ရန်,感謝する、楽しむ,"감상하다, 즐기다","apreciar, disfrutar","menghargai, menikmati",3
4-2,24,美麗,měilì,Vs,beautiful,đẹp,สวยงาม (suai ngam),လှပ (hla pa),美しい (utsukushii),아름답다 (areumdapda),hermoso,cantik,3
4-2,25,鈴木,Língmù,,Japanese last name: Lingmu (Japanese: Suzuki),họ Suzuki (tiếng Nhật),นามสกุลภาษาญี่ปุ่น: Lingmu (ญี่ปุ่น: Suzuki),ဂျပန်အမည်- Lingmu (ဂျပန်- ဆူဇူကီး),日本人の姓: Lingmu (日本語: 鈴木),일본 성: Lingmu (일본어: Suzuki),Apellido japonés: Lingmu (japonés: Suzuki),Nama belakang Jepang: Lingmu (Jepang: Suzuki),3
4-2,26,赤崁樓,Chìkǎn lóu ,,"Chihkan Tower, a.k.a. Fort Provintia (stronghold built by the Dutch, in Tainan, in the 17th century)",Tháp Chihkan (Pháo đài Provintia),หอคอยจื่อคั่น หรือที่รู้จักกันในชื่อป้อมโปรวินเทีย (ฐานที่มั่นที่สร้างโดยชาวดัตช์ในไถหนาน ในศตวรรษที่ 17),"Chihkan Tower, a.k.a. Fort Provintia (၁၇ ရာစုတွင် ဒတ်ခ်ျလူမျိုး၊ Tainan တွင် တည်ဆောက်ခဲ့သော အမာခံနယ်မြေ)",赤嵌樓、別名プロビンティア要塞（17 世紀にオランダ人が台南に建てた要塞）,"적감루, 일명 프로빈티아 요새(17세기 타이난에 네덜란드인이 건설한 요새)","Torre Chihkan, también conocida como Fuerte Provintia (fortaleza construida por los holandeses, en Tainan, en el siglo XVII)","Menara Chihkan, alias Benteng Provintia (benteng yang dibangun Belanda, di Tainan, pada abad ke-17)",3
4-2,27,留下來,liú xià lái,,to leave behind,để lại,ที่จะทิ้งไว้ข้างหลัง,ချန်ထားခဲ့ပါ။,後に残す,뒤에 남겨두고,dejar atrás,meninggalkan,3
4-2,28,木造,mùzào,,wooden; made from wood,làm bằng gỗ,ทำด้วยไม้; ทำจากไม้,သစ်သား; သစ်သားဖြင့်ပြုလုပ်ထားသည်။,木製;木で作られた,멍청한; 나무로 만든,de madera; hecho de madera,kayu; terbuat dari kayu,3
4-2,29,非去不可,fēiqù bùkě,,Visiting (it) is a must!!,Nhất định phải đi!,มาเยือน(มัน)ต้องได้!!,လာရောက်လည်ပတ်ရန် လိုအပ်သည်!!,ぜひ訪れてみてください!!,방문은 필수입니다!!,¡¡Visitarlo es imprescindible!!,Mengunjunginya adalah suatu keharusan!!,3
5-1,1,流行,liúxíng,Vst,popular,"thịnh hành, phổ biến",เป็นที่นิยม,နာမည်ကြီး,人気のある,인기 있는,popular,populer,3
5-1,2,唉,āi,Ptc,Oh no! Oh boy!,Ôi trời! (thể hiện thất vọng),ไม่นะ! โอ้เด็ก!,အိုး! အို ကောင်လေး!,なんてこった！ああ、少年よ！,안 돼! 오 이런!,"¡Oh, no! ¡Ay chico!",Oh tidak! Ya ampun!,3
5-1,3,演唱會,yǎnchànghuì,N,concert,buổi hòa nhạc,คอนเสิร์ต,ဖျော်ဖြေပွဲ,コンサート,콘서트,concierto,konser,3
5-1,4,塞車,sāichē,Vs,"net congestion, jam","tắc đường, kẹt xe",เน็ตติดขัด,"net congestion, ယို",ネットの混雑、ジャム,"순 혼잡, 잼","congestión neta, atasco","kemacetan bersih, macet",3
5-1,5,上線,shàngxiàn,V-sep,"to log in, go online","lên mạng, đăng nhập",เพื่อเข้าสู่ระบบออนไลน์,အကောင့်ဝင်ရန်၊ အွန်လိုင်းသွားပါ။,ログインするにはオンラインにします,로그인하려면 온라인으로 접속하세요,"iniciar sesión, conéctese","masuk, online",3
5-1,6,成功,chénggōng,Vp,to succeed,thành công,ที่จะประสบความสำเร็จ,အောင်မြင်ဖို့,成功する,성공하다,tener éxito,berhasil,3
5-1,7,倒楣,dǎoméi,Vs,"out of luck, down on one's luck","xui xẻo, đen đủi","โชคไม่ดี, ตกอยู่กับโชคของตน",ကံက ဖောက်ပြန်၊,運が悪い、運が悪い,"운이 좋지 않은, 운이 좋지 않은","sin suerte, sin suerte","kurang beruntung, kurang beruntung",3
5-1,8,樂團,yuètuán,N,(music) band,ban nhạc (âm nhạc),(ดนตรี) วงดนตรี,(ဂီတ) တီးဝိုင်း,(音楽)バンド,(음악) 밴드,(música) banda,(musik) band,3
5-1,9,唱,chàng,V,to sing,hát,ร้องเพลง (rong phleng),သီချင်းဆိုသည် (thi chin so thi),歌う (utau),노래하다 (noraehada),cantar,bernyanyi,3
5-1,10,興奮,xīngfèn,Vs,excited,phấn khích,ตื่นเต้น,စိတ်လှုပ်ရှား,興奮した,흥분한,entusiasmado,bersemangat,3
5-1,11,迷,mí,Vst,"to be enamored with, be into, be enchanted by, be obsessed with","mê, say mê","หลงใหล, หลงใหล, หลงใหล, หมกมุ่นอยู่กับ","စွဲလန်းခြင်း, စွဲလမ်းခြင်း, စွဲလန်းခြင်း, စွဲလမ်းခြင်းရှိခြင်း။",夢中になる、夢中になる、夢中になる、夢中になる,"매혹되다, 매료되다, 매료되다, 집착하다","estar enamorado de, estar en, estar encantado por, estar obsesionado con","terpikat, menjadi, terpesona, terobsesi",3
5-1,12,歌詞,gēcí,N,lyrics,lời bài hát,เนื้อเพลง,သီချင်းစာသား,歌詞,가사,lírica,lirik,3
5-1,13,難過,nánguò,Vs,sad,buồn,เศร้า,ဝမ်းနည်း,悲しい,슬픈,triste,sedih,3
5-1,14,不如,bùrú,Vst,inferior to,không bằng,ด้อยกว่า,ယုတ်ညံ့တယ်။,より劣る,열등하다,inferior a,lebih rendah dari,3
5-1,15,現場,xiànchǎng,N,live; lit. on-site,"tại chỗ, trực tiếp",สด; แท้จริงแล้ว ณ ไซต์งาน,အသက်ရှင်; စာသားအရ၊ ဆိုက်တွင်,ライブ;文字通り、現場で,살다; 말 그대로 현장에서,"vivir; literalmente, en el sitio","hidup; secara harfiah, di tempat",3
5-1,16,跳,tiào,Vi,to jump,nhảy,ที่จะกระโดด,ခုန်ဖို့,ジャンプする,점프하다,saltar,melompat,3
5-1,17,整,zhěng,Det,"entire, whole","toàn bộ, cả",ทั้งหมดทั้งหมด,တစ်ခုလုံး၊,全体、全体,"전체, 전체","entero, entero","keseluruhan, keseluruhan",3
5-1,18,震動,zhèndòng,Vi,"to vibrate, to shake","rung, lắc","สั่น, เขย่า",တုန်ခါရန်၊ လှုပ်ရန်,振動する、震える,"진동하다, 흔들다","vibrar, temblar","bergetar, bergetar",3
5-1,19,漫畫,mànhuà,N,comics,truyện tranh,การ์ตูน,ရုပ်ပြ,漫画,지세도,historietas,komik,3
5-1,20,內容,nèiróng,N,content,nội dung,เนื้อหา,အကြောင်းအရာ,コンテンツ,콘텐츠,contenido,isi,3
5-1,21,色情,sèqíng,Vs,pornographic; obscene,khiêu dâm; tục tĩu,สื่อลามก; ลามก,ညစ်ညမ်းရုပ်ပုံများ; ညစ်ညမ်းသော,ポルノ;わいせつな,포르노; 역겨운,pornográfico; obsceno,porno; cabul,3
5-1,22,放鬆,fàngsōng,Vst,to relax,thư giãn,เพื่อผ่อนคลาย,အပန်းဖြေရန်,リラックスする,긴장을 풀다,relajarse,bersantai,3
5-1,23,心情,xīnqíng,N,mood,tâm trạng,อารมณ์,စိတ်ခံစားချက်,気分,분위기,ánimo,suasana hati,3
5-1,24,五月天,Wǔyuètiān,,Mayday (name of a Taiwanese rock band),Ban nhạc Mayday (Đài Loan),Mayday (ชื่อวงดนตรีร็อคไต้หวัน),Mayday (ထိုင်ဝမ်ရော့ခ်ဂီတအဖွဲ့၏အမည်),Mayday（台湾のロックバンド名）,메이데이(대만 록밴드 이름),Mayday (nombre de una banda de rock taiwanesa),Mayday (nama band rock Taiwan),3
5-1,25,算了,suàn le,,forget it; let it be!,thôi kệ đi,ลืมมันซะ; ช่างมัน!,မေ့လိုက်ပါ; ရှိပါစေတော့!,忘れて;なるがままに！,잊어버리세요. 그렇게 놔둬!,olvídalo; ¡déjalo ser!,lupakan; biarlah!,3
5-1,26,受歡迎,shòu huānyíng,,well-received; well-liked; popular,"được ưa chuộng, nổi tiếng",ได้รับการตอบรับอย่างดี; ชอบ; เป็นที่นิยม,ကောင်းစွာလက်ခံ; နှစ်သက်ဖွယ်ကောင်းသော၊ နာမည်ကြီး,好評です。好評。人気のある,호평을 받았습니다. 좋아하는; 인기 있는,bien recibido; muy querido; popular,diterima dengan baik; sangat disukai; populer,3
5-1,27,擠滿,jǐmǎn,,"crowded with, packed with","chật kín, đông nghẹt",อัดแน่นไปด้วย,ပြည့်ကျပ်နေသည်၊,混んでいる、詰まっている,"붐비다, 가득하다","lleno de, lleno de","penuh sesak dengan, penuh dengan",3
5-1,28,租書店,zūshū diàn,,book rental store,cửa hàng cho thuê sách,ร้านเช่าหนังสือ,စာအုပ်အငှားဆိုင်,レンタルブックストア,도서대여점,tienda de alquiler de libros,toko persewaan buku,3
5-1,29,平板電腦,píngbǎn diànnǎo,,tablet computer,máy tính bảng,คอมพิวเตอร์แท็บเล็ต,တက်ဘလက်ကွန်ပျူတာ,タブレットコンピュータ,태블릿 컴퓨터,tableta,komputer tablet,3
5-1,30,智慧型手機,zhìhuìxíng shǒujī,,smartphone,điện thoại thông minh,สมาร์ทโฟน,စမတ်ဖုန်း,スマートフォン,스마트폰,teléfono inteligente,telepon pintar,3
5-1,31,殺時間,shā shíjiān,,to kill time,giết thời gian,เพื่อฆ่าเวลา,အချိန်ကိုသတ်ရန်,時間を潰すために,시간을 죽이기 위해,matar el tiempo,membunuh waktu,3
5-1,32,漫畫展,mànhuà zhǎn,,comic (book) exhibition,triển lãm truyện tranh,นิทรรศการการ์ตูน (หนังสือ),ရုပ်ပြ (စာအုပ်) ပြပွဲ,コミック（書籍）展示会,만화(책) 전시회,exposición de cómics (libros),pameran komik (buku),3
5-1,33,來不及,lái bù jí,,"not be in time for, not make it on time",không kịp,"ไม่ทัน, ทำไม่ทัน",အချိန်မမီ၊ အချိန်မီမဖြစ်စေနဲ့,間に合わない、間に合わない,"시간에 맞추지 못하다, 시간에 맞추지 못하다","no llegar a tiempo, no llegar a tiempo","tidak tepat waktu, tidak tepat waktu",3
5-2,1,撞衫,zhuàngshān,Vs,"""wardrobe clash"", more than one person unintentionally wearing duplicate garments","""đụng hàng"" (mặc trùng quần áo)","""การปะทะกันในตู้เสื้อผ้า"" หมายถึง คนมากกว่าหนึ่งคนสวมเสื้อผ้าซ้ำกันโดยไม่ได้ตั้งใจ","""wardrobe clash""၊ လူတစ်ဦးထက်ပိုသော အဝတ်အစားများကို မရည်ရွယ်ဘဲ ၀တ်ဆင်ထားသည်။",「ワードローブの衝突」、複数の人が意図せずに重複した衣服を着ること,"""옷장 충돌"", 두 명 이상의 사람이 의도치 않게 중복된 옷을 입고 있음","""Choque de vestuario"", más de una persona vistiendo involuntariamente prendas duplicadas","""lemari pakaian bentrok"", lebih dari satu orang secara tidak sengaja mengenakan pakaian duplikat",3
5-2,2,它,tā,N,it,nó (dùng cho đồ vật),มัน,အဲဒါ,それ,그것,él,dia,3
5-2,3,塞,sāi,V,"to stuff, cram, squeeze (into)","nhét, nhồi","ยัด, อัด, บีบ (เข้า)",ပစ္စည်းထည့်ရန်၊ ညှစ်ရန်၊ ညှစ်ရန်၊,詰め込む、詰め込む、押し込む,"(속으로) 채우다, 벼락치기하다, 짜내다","rellenar, meter, apretar (en)","mengisi, menjejalkan, memeras (ke dalam)",3
5-2,4,當季,dāngjì,N,in season,trong mùa (thời vụ),ในฤดูกาล,ရာသီ၌,季節に,계절에,en estación,di musim,3
5-2,5,款式,kuǎnshì,N,style (of clothes),kiểu dáng (quần áo),สไตล์ (ของเสื้อผ้า),စတိုင် (အဝတ်အစား),（服装の）スタイル,(옷의) 스타일,estilo (de ropa),gaya (pakaian),3
5-2,6,連續劇,liánxùjù,N,TV series,phim truyền hình dài tập,ละครโทรทัศน์,တီဗီစီးရီး,連続テレビ番組,TV 시리즈,Series de TV,Serial TV,3
5-2,7,主角,zhǔjiǎo ,N,"leading role, leading actor",vai chính,"บทบาทนำ, นักแสดงนำ",ဇာတ်လိုက်၊ ဦးဆောင်မင်းသား,主役、主役,"주연, 주연배우","papel protagonista, actor protagonista","peran utama, aktor utama",3
5-2,8,甜美,tiánměi,Vs,"sweet and cute, lovely","ngọt ngào, dễ thương",หวานและน่ารักน่ารัก,ချစ်စရာကောင်းတယ်၊ ချစ်စရာကောင်းတယ်။,甘くて可愛い、素敵,달콤하고 귀엽고 사랑스러워요,"dulce y linda, encantadora","manis dan imut, cantik",3
5-2,9,寄,jì,V,to mail,"gửi (thư, bưu phẩm)",เพื่อส่งจดหมาย,mail သို့,メールする,우편으로,enviar por correo,mengirim surat,3
5-2,10,居然,jūrán,Adv,"unexpectedly, counter to assumption","bất ngờ, không ngờ",ขัดแย้งกับสมมติฐานโดยไม่คาดคิด,မမျှော်လင့်ဘဲ၊ ယူဆချက်နှင့် ဆန့်ကျင်သည်။,予想外に、想定に反して,예상외로 가정과 반대,"inesperadamente, en contra de la suposición","tiba-tiba, bertentangan dengan asumsi",3
5-2,11,害,hài,V,adversely impacting somebody so that they…,làm cho (ai đó gặp chuyện gì),ส่งผลเสียต่อใครบางคนจนพวกเขา...,တစ်စုံတစ်ဦးကို ဆိုးဆိုးရွားရွား ထိခိုက်စေသော...,誰かに悪影響を及ぼして…,누군가에게 부정적인 영향을 미치므로…,impactar negativamente a alguien para que.,berdampak buruk pada seseorang sehingga mereka…,3
5-2,12,既然,jìrán,Conj,"since, given that…","vì (rằng), bởi vì",เนื่องจากว่า...,ပေးထားကတည်းက…,それ以来…,그 이후로…,"ya que, dado que…","sejak itu, mengingat itu…",3
5-2,13,服裝,fúzhuāng,N,"clothing, garments","trang phục, quần áo",เสื้อผ้าเครื่องแต่งกาย,အဝတ်အထည်၊,衣類、衣類,"의류, 의복","ropa, prendas","pakaian, garmen",3
5-2,14,媒體,méitǐ,N,the media,truyền thông,สื่อ,မီဒီယာ,メディア,언론,los medios,media,3
5-2,15,方式,fāngshì,N,"method, ways","phương thức, cách thức",วิธีการวิธี,နည်းလမ်း၊ နည်းလမ်းများ,方法、方法,"방법, 방식","método, maneras","metode, cara",3
5-2,16,吸引,xīyǐn,Vst,"to attract, to draw",thu hút,เพื่อดึงดูดเพื่อวาด,ဆွဲဆောင်ရန်၊ ဆွဲရန်,引き寄せる、引き寄せる,"끌다, 끌다","atraer, atraer","menarik, menggambar",3
5-2,17,避免,bìmiǎn,V,to avoid,tránh,เพื่อหลีกเลี่ยง,ရှောင်ရန်,避けるために,피하기 위해,evitar,menghindari,3
5-2,18,包包,bāobāo,N,"bag, purse",túi xách,"กระเป๋า, กระเป๋าเงิน",အိတ်၊ ပိုက်ဆံအိတ်,バッグ、財布,"가방, 지갑","bolso, bolso","tas, dompet",3
5-2,19,商人,shāngrén,N,businessperson,"thương nhân, doanh nhân",นักธุรกิจ,စီးပွားရေးသမား,実業家,사업가,empresario,pebisnis,3
5-2,20,產品,chǎnpǐn,N,product,sản phẩm,ผลิตภัณฑ์,ထုတ်ကုန်,製品,제품,producto,produk,3
5-2,21,電子,diànzǐ,N,electronics,điện tử,อิเล็กทรอนิกส์,လျှပ်စစ်ပစ္စည်း,エレクトロニクス,전자 제품,electrónica,elektronik,3
5-2,22,市場,shìchǎng,N,market,thị trường,ตลาด,စျေးကွက်,市場,시장,mercado,pasar,3
5-2,23,新型,xīnxíng,Vs-attr,new style,kiểu mới,สไตล์ใหม่,ပုံစံအသစ်,新しいスタイル,신력,nuevo estilo,gaya baru,3
5-2,24,落伍,luòwǔ,Vs,"behind the times, passé, old-fashioned",lỗi thời,"ล้าหลัง, ผ่านไป, ล้าสมัย",ခေတ်၏နောက်ကွယ်၊ ဖြတ်သန်းမှု၊ ခေတ်ဟောင်း,時代遅れ、時代遅れ、時代遅れ,"시대에 뒤처진, 시대에 뒤처진, 구식의","Atrasado en los tiempos, pasado de moda, pasado de moda","ketinggalan jaman, ketinggalan jaman, kuno",3
5-2,25,知音,zhīyīn,N,"bosom buddy, confidant","tri kỷ, bạn tâm giao",เพื่อนอกคนสนิท,ပွေ့ဖက်၊လူယုံ၊,親友、親友,"가슴 친구, 자신감 있는","amigo íntimo, confidente","sahabat karib, orang kepercayaan",3
5-2,26,想像,xiǎngxiàng,V,to imagine,tưởng tượng,ที่จะจินตนาการ,စိတ်ကူးရန်,想像する,상상하다,imaginar,membayangkan,3
5-2,27,喇叭褲,lǎbākù,N,bell-bottom pants,quần ống loe,กางเกงขากระดิ่ง,ခေါင်းလောင်းဘောင်းဘီ,ベルボトムパンツ,나팔바지 바지,pantalones acampanados,celana dengan model lonceng,3
5-2,28,印象,yìnxiàng,N,impression,ấn tượng,ความประทับใจ,အထင်ကြီးမှု၊,印象,인상,impresión,kesan,3
5-2,29,遊戲,yóuxì,N,game,trò chơi,เกม,ဂိမ်း,ゲーム,게임,juego,permainan,3
5-2,30,化妝,huàzhuāng,V-sep,"to apply cosmetics, to make up",trang điểm,ใช้เครื่องสำอางแต่งหน้า,အလှကုန်လိမ်းရန်၊ မိတ်ကပ်လိမ်းရန်,化粧品を塗る、化粧する,"화장품을 바르다, 화장하다","aplicar cosméticos, maquillar","mengaplikasikan kosmetik, make up",3
5-2,31,一模一樣,yìmó yíyàng,,identical,giống hệt nhau,เหมือนกัน,ထပ်တူထပ်မျှ,同一,동일한,idéntico,identik,3
5-2,32,淺藍色,qiǎn lánsè,,light blue,màu xanh lam nhạt,สีฟ้าอ่อน,အပြာနုရောင်,水色,하늘색,azul claro,biru muda,3
5-2,33,脫掉,tuōdiào,,to take off (clothing),cởi ra (quần áo),ถอด (เสื้อผ้า),ချွတ်ရန် (အဝတ်အစား),（服を）脱ぐ,(옷을) 벗다,quitarse (ropa),melepas (pakaian),3
5-2,34,小題大作,xiǎotí dàzuò,,"to make a mountain out of a molehill, to make a big deal of nothing",việc bé xé ra to,เพื่อสร้างภูเขาขึ้นมาจากจอมปลวก โดยไม่ทำอะไรมากมาย,ဘာမှ ကြီးကြီးမားမား မဖြစ်စေဖို့အတွက် မိုဃ်းကုန်းထဲက တောင်ကို ဖြစ်အောင်၊,モグラ塚から山を作る、何もないから大したことをする,"두더지에서 산을 만들다, 아무것도 아닌 큰 일을 만들다","hacer una montaña de un grano de arena, hacer un gran escándalo de nada","membuat gunung dari sarang tikus mondok, tidak mempermasalahkan apa pun",3
5-2,35,推出,tuīchū,,"to introduce, to roll out (products)","giới thiệu, ra mắt (sản phẩm)","เพื่อแนะนำ, เผยแพร่ (ผลิตภัณฑ์)",မိတ်ဆက်ရန်၊ ဖြန့်ချိရန် (ထုတ်ကုန်များ),（製品を）導入する、展開する,"(제품을) 소개하다, 출시하다","presentar, desplegar (productos)","memperkenalkan, meluncurkan (produk)",3
6-1,1,李文彥,Lǐ Wényàn,,an American-born Chinese,một người Mỹ gốc Hoa,ชาวจีนที่เกิดในอเมริกา,အမေရိကန်နွယ်ဖွား တရုတ်လူမျိုး,アメリカ生まれの中国人,미국 태생의 중국인,un chino nacido en Estados Unidos,seorang Tionghoa kelahiran Amerika,3
6-1,2,表哥,biǎogē,N,"cousin (older male cousin, from a female lineage)","anh họ (con của anh chị em của bố mẹ, lớn tuổi hơn mình)",ลูกพี่ลูกน้อง (ลูกพี่ลูกน้องชายที่มีอายุมากกว่าจากเชื้อสายหญิง),ဝမ်းကွဲ (အသက်ကြီးသော အမျိုးသားဝမ်းကွဲ၊ အမျိုးသမီးမျိုးရိုးမှ)၊,いとこ（女性の血統を持つ、年上の男性のいとこ）,사촌 (여성 계통의 나이 많은 남자 사촌),"primo (primo mayor, de linaje femenino)","sepupu (sepupu laki-laki yang lebih tua, dari garis keturunan perempuan)",3
6-1,3,隨便,suíbiàn,Adv,"as one pleases oneself, to act freely","tùy tiện, qua loa",ตามที่ตนพอใจและกระทำโดยเสรี,လွတ်လွတ်လပ်လပ် လုပ်ရတာ နှစ်သက်သလို၊,自分の好きなように、自由に行動すること,"마음대로, 자유롭게 행동하다","como uno quiera, actuar libremente","sesuka hati seseorang, bertindak bebas",3
6-1,4,種,zhòng,V,to grow (plants),trồng (cây),ที่จะเติบโต (พืช),စိုက်ပျိုးရန် (အပင်များ),（植物を）育てる,(식물을) 키우다,crecer (plantas),tumbuh (tanaman),3
6-1,5,蔬菜,shūcài,N,vegetable,rau củ,ผัก,ဟင်းသီးဟင်းရွက်,野菜,채소,verdura,sayuran,3
6-1,6,農夫,nóngfū,N,farmer,người nông dân,ชาวนา,လယ်သမား,農家,농장주,agricultor,petani,3
6-1,7,減少,jiǎnshǎo,V,"to reduce, to decrease",giảm bớt,เพื่อลดลดลง,လျှော့ချရန်၊ လျှော့ချရန်,減らす、減らす,"감소시키다, 감소시키다","reducir, disminuir","mengurangi, mengurangi",3
6-1,8,農藥,nóngyào,N,pesticide,thuốc trừ sâu,ยาฆ่าแมลง,ပိုးသတ်ဆေး,殺虫剤,농약,pesticida,pestisida,3
6-1,9,天然,tiānrán,Vs-attr,natural,tự nhiên,เป็นธรรมชาติ,သဘာဝ,自然,자연스러운,natural,alami,3
6-1,10,堆肥,duīféi,N,compost,phân compost,ปุ๋ยหมัก,မြေဆွေး,堆肥,퇴비,compost,kompos,3
6-1,11,辛苦,xīnkǔ,Vs,"tough, hard, bitter (life, work, etc.)","vất vả, cực nhọc","ยาก, ยาก, ขมขื่น (ชีวิต, การงาน ฯลฯ)",ခက်တယ်၊ ခက်တယ်၊ ခါးတယ် (ဘဝ၊ အလုပ် စသဖြင့်)၊,厳しい、厳しい、苦い（人生、仕事など）,"힘든, 힘든, 쓰라린 (생활, 일 등)","duro, duro, amargo (vida, trabajo, etc.)","tangguh, keras, pahit (hidup, pekerjaan, dll.)",3
6-1,12,地位,dìwèi,N,"position, status",địa vị,ตำแหน่งสถานะ,အနေအထား၊ အနေအထား,地位、地位,"위치, 지위","posición, estatus","posisi, status",3
6-1,13,收入,shōurù,N,income,thu nhập,รายได้,ဝင်ငွေ,所得,소득,ingreso,penghasilan,3
6-1,14,利潤,lìrùn,N,profit,lợi nhuận,กำไร,အမြတ်,利益,이익,ganancia,laba,3
6-1,15,屋子,wūzi,N,house,ngôi nhà,บ้าน (ban),အိမ် (ein),家 (ie),집 (jip),casa,rumah,3
6-1,16,番茄,fānqié,N,tomato,cà chua,มะเขือเทศ,ခရမ်းချဉ်သီး,トマト,토마토,tomate,tomat,3
6-1,17,品種,pǐnzhǒng,N,"variety, species",giống loài,หลากหลายสายพันธุ์,အမျိုးအစား၊ မျိုးစိတ်,品種、種,"다양성, 종","variedad, especie","variasi, spesies",3
6-1,18,氣候,qìhòu,N,climate,khí hậu,ภูมิอากาศ,ရာသီဥတု,気候,기후,clima,iklim,3
6-1,19,長,zhǎng,Vi,to grow,"lớn lên, mọc lên",ที่จะเติบโต,ကြီးထွားရန်,成長する,성장하다,crecer,tumbuh,3
6-1,20,熟,shóu,Vp,"to be ripe, to ripen",chín,จะทำให้สุกเพื่อทำให้สุก,မှည့်ရန်၊,熟す、熟す,"익다, 익다","estar maduro, madurar","menjadi matang, menjadi matang",3
6-1,21,片,piàn,M,"measure word for a stretch, swath (of land)",lượng từ cho một mảnh đất,"วัดคำเพื่อยืด, แนว (ของที่ดิน)",အတ္ထိ၊ တိုင်းထွာ (မြေ)၊,（土地の）一帯、一帯を表す言葉,(땅의) 스와스(swath)에 대한 단어를 측정하다,"medir palabra para un tramo, franja (de tierra)","mengukur kata untuk bentangan, petak (tanah)",3
6-1,22,田,tián,N,"field, plot of land, paddy",cánh đồng,"นา, ที่ดิน, ข้าวเปลือก",လယ်၊ မြေကွက်၊ စပါး,畑、土地、水田,"들판, 토지, 논","campo, parcela de tierra, arrozal","ladang, sebidang tanah, sawah",3
6-1,23,照顧,zhàogù,V,to take care of ,chăm sóc,ที่จะดูแล,ဂရုစိုက်ရန်,世話をする,보살펴 주다,cuidar de,diurus,3
6-1,24,敢,gǎn,Vaux,to dare,dám (làm gì),ที่จะกล้า,ရဲရဲ,あえてする,감히,atreverse,berani,3
6-1,25,條件,tiáojiàn,N,"terms, conditions, (here) good qualities (in a prospective spouse)","điều kiện, tiêu chuẩn",เงื่อนไข เงื่อนไข (ที่นี่) คุณสมบัติที่ดี (ในคู่สมรส),စည်းကမ်းသတ်မှတ်ချက်များ၊ (ဤနေရာတွင်) ကောင်းမွန်သောအရည်အသွေးများ (အနာဂတ်အိမ်ထောင်ဖက်အတွက်)၊,契約条件、（ここに）（将来の配偶者の）良い点,"조건, (여기) 좋은 자질 (미래 배우자의 경우)","términos, condiciones, (aquí) buenas cualidades (en un futuro cónyuge)","syarat, ketentuan, (di sini) sifat-sifat baik (pada calon pasangan)",3
6-1,26,黑,hēi,Vp,"dark, black","tối, đen",มืดดำ,အနက်ရောင်,暗い、黒い,"다크, 블랙","oscuro, negro","gelap, hitam",3
6-1,27,摘下來,zhāi xiàlái,,"to pluck, to pick (e.g., fruit from a tree)",hái xuống,"ถอน, หยิบ (เช่น ผลไม้จากต้นไม้)",ဆွတ်ရန်၊ ခူးရန် (ဥပမာ၊ သစ်ပင်မှအသီး),摘む、摘む（例：木から果物）,"따다, 따다 (예: 나무에서 과일을 따다)","arrancar, recoger (por ejemplo, fruta de un árbol)","memetik, memetik (misalnya, buah dari pohon)",3
6-1,28,做不動,zuò bú dòng,,to be unable to physically function due to old age,làm không nổi (vì tuổi già),ทำให้ร่างกายไม่สามารถทำหน้าที่ได้เนื่องจากวัยชรา,အသက်ကြီးခြင်းကြောင့် ရုပ်ပိုင်းဆိုင်ရာ မလုပ်ဆောင်နိုင်ခြင်း၊,加齢により身体的に機能できなくなること,노령으로 인해 신체적 기능을 할 수 없게 되다,no poder funcionar físicamente debido a la vejez,tidak dapat berfungsi secara fisik karena usia tua,3
6-1,29,基因改造,jīyīn gǎizào,,genetically modified ,biến đổi gen,ดัดแปลงพันธุกรรม,မျိုးဗီဇပြုပြင်ထားသော,遺伝子組み換えされた,유전자 변형,genéticamente modificado,dimodifikasi secara genetik,3
6-1,30,忙得過來,máng de guòlái,,to be able to manage everything,bận cũng xoay xở được,เพื่อให้สามารถจัดการทุกอย่างได้,အရာအားလုံးကို စီမံခန့်ခွဲနိုင်ပါစေ။,すべてを管理できるようになる,모든 것을 관리할 수 있도록,poder gestionarlo todo,bisa mengatur semuanya,3
6-1,31,開玩笑,kāi wánxiào,,"to joke, to kid",đùa giỡn,เพื่อล้อเล่นเพื่อเด็ก,ဟာသ၊ ကလေး,冗談を言う、子供に,"농담하다, 꼬마에게","bromear, bromear","bercanda, bercanda",3
6-1,32,看天吃飯,kàntiān chīfàn,,livelihood depends on the whims of nature,"làm nông ""trông trời trông đất""",การดำรงชีวิตขึ้นอยู่กับความตั้งใจของธรรมชาติ,အသက်မွေးဝမ်းကြောင်းပြုခြင်းသည် သဘာဝတရားပေါ်တွင် မူတည်သည်။,生計は自然の気まぐれに依存する,생계는 자연의 변덕에 달려있다,El sustento depende de los caprichos de la naturaleza,penghidupan tergantung pada keinginan alam,3
6-2,1,小農,xiǎonóng,N,small farmer,nông dân nhỏ,เกษตรกรรายย่อย,လယ်သမားငယ်,小さな農家,소농,pequeño agricultor,petani kecil,3
6-2,2,市集,shìjí,N,"bazaar, market","chợ, phiên chợ",ตลาดสดตลาด,စျေး၊ ဈေး,バザール、市場,"바자회, 시장","bazar, mercado","pasar, pasar",3
6-2,3,食材,shícái,N,"food materials, ingredients",nguyên liệu thực phẩm,วัตถุดิบอาหารส่วนผสม,အစားအသောက်ပစ္စည်းများ၊ ပါဝင်ပစ္စည်းများ,食材、食材,"식재료, 식재료","materiales alimentarios, ingredientes","bahan makanan, bahan",3
6-2,4,產地,chǎndì,N,place of origin,nơi sản xuất,สถานที่กำเนิด,မူလနေရာ,出身地,원산지,lugar de origen,tempat asal,3
6-2,5,盡量,jìnliàng,Adv,to do one's best to,cố gắng hết sức,เพื่อทำให้ดีที่สุด,အကောင်းဆုံးလုပ်ဖို့,最善を尽くすこと,최선을 다하다,hacer lo mejor que uno pueda para,melakukan yang terbaik,3
6-2,6,友善,yǒushàn,Vs,friendly,thân thiện,เป็นกันเอง,ဖော်ရွေသော,フレンドリー,친숙한,amigable,ramah,3
6-2,7,對待,duìdài,V,to treat,đối xử,เพื่อรักษา,ကုသရန်,治療する,치료하다,tratar,mengobati,3
6-2,8,土地,tǔdì,N,land,đất đai,ที่ดิน,မြေ,土地,땅,tierra,tanah,3
6-2,9,信任,xìnrèn,Vst,to trust,tin tưởng,ที่จะไว้วางใจ,ယုံကြည်ရန်,信頼する,신뢰하다,confiar,percaya,3
6-2,10,寧可,níngkě,Vst,would rather,thà (làm gì đó),อยากจะค่อนข้าง,ပြေမယ်။,むしろそうしたい,차라리,preferiría,lebih suka,3
6-2,11,跑,pǎo,Vi,to run,chạy,วิ่ง (wing),ပြေးသည် (pyay thi),走る (hashiru),달리다 (dallida),correr,berlari,3
6-2,12,支持,zhīchí,V,to support,ủng hộ,ที่จะสนับสนุน,ပံ့ပိုးရန်,サポートする,지원하다,apoyar,mendukung,3
6-2,13,文章,wénzhāng,N,article,bài viết,บทความ,ဆောင်းပါး,記事,기사,artículo,artikel,3
6-2,14,推銷,tuīxiāo,V,"to promote, to market","quảng bá, tiếp thị",เพื่อส่งเสริมออกสู่ตลาด,စျေးကွက်မြှင့်တင်ရန်,宣伝する、市場に出す,"홍보하다, 시장에 내놓다","promover, comercializar","mempromosikan, memasarkan",3
6-2,15,其中,qízhōng,N,"of these, of which, amongst which",trong số đó,ของเหล่านี้ซึ่งในหมู่ที่,ယင်းတို့အနက်၊,これらのうち、その中で、その中で,"그 중, 그중에서도","de estos, de los cuales, entre los cuales","di antaranya, di antaranya, di antaranya",3
6-2,16,師傅,shīfù,N,master (of a trade),"bậc thầy, sư phụ",เจ้านาย (ของการค้าขาย),မာစတာ (ကုန်သွယ်ရေး),（商売の）マスター,주인 (무역의),maestro (de un oficio),master (dari suatu perdagangan),3
6-2,17,農村,nóngcūn,N,farming village,làng quê,หมู่บ้านเกษตรกรรม,စိုက်ပျိုးရေးရွာ,農村,농촌,pueblo agrícola,desa pertanian,3
6-2,18,長大,zhǎngdà,Vi,to grow up,"lớn lên, trưởng thành",ที่จะเติบโตขึ้น,ကြီးထွားဖို့,成長する,자라다,crecer,tumbuh dewasa,3
6-2,19,幫助,bāngzhù,V,to help,giúp đỡ,ช่วยเหลือ (chuay luea),ကူညီသည် (ku nyi thi),手伝う (tetsudau),돕다 (dopda),ayudar,membantu,3
6-2,20,拜訪,bàifǎng,V,to pay someone a visit,thăm hỏi,เพื่อไปเยี่ยมใครสักคน,တစ်စုံတစ်ဦးကိုလာရောက်လည်ပတ်ရန်,誰かを訪問する,누군가를 방문하기 위해,hacerle una visita a alguien,mengunjungi seseorang,3
6-2,21,出產,chūchǎn,V,to produce,sản xuất,เพื่อผลิต,ထုတ်လုပ်ရန်,生産する,생산하다,producir,menghasilkan,3
6-2,22,由於,yóuyú,Conj,"due to, because of","do, bởi vì","เนื่องจาก, เพราะของ",အဘယ်ကြောင့်ဆိုသော်၊,のせいで、そのせいで,"때문에, 때문에","debido a, debido a","karena, karena",3
6-2,23,許多,xǔduō,Det,many,nhiều,มาก / เยอะ (mak / yoe),များ (myar),多い (ōi),많다 (manta),muchos,banyak,3
6-2,24,接近,jiējìn,Vst,"to come close to, to approach  ","tiếp cận, đến gần",เข้ามาใกล้เพื่อเข้าใกล้,ချဉ်းကပ်ရန်၊ ချဉ်းကပ်ရန်,近づく、近づく,"가까이 다가가다, 접근하다","acercarse a, acercarse","mendekati, mendekati",3
6-2,25,自然,zìrán,N,nature,tự nhiên (danh từ),ธรรมชาติ,သဘာဝ,自然,자연,naturaleza,alam,3
6-2,26,變成,biànchéng,Vpt,to become,trở thành,เปลี่ยน (plian) / กลายเป็น (klai pen),ပြောင်းလဲသည် (pyoung le thi) / ဖြစ်လာသည် (pyit la thi),変わる (kawaru) / なる (naru),변하다 (byeonhada) / 되다 (doeda),convertirse en,menjadi,3
6-2,27,休閒,xiūxián,Vs,leisure,"giải trí, thư giãn",เวลาว่าง,အပန်းဖြေ,レジャー,여가,ocio,santai,3
6-2,28,隨著,suízhe,Prep,"along with, with the happening of ","cùng với, theo",พร้อมกับการเกิดขึ้นของ,ဖြစ်ပျက်နှင့်အတူ,それとともに、～の出来事とともに,"이와 함께, 사건과 함께","junto con, con el suceso de","bersamaan dengan, dengan terjadinya",3
6-2,29,觀光,guānguāng,Vi,"to tour, to sightsee","tham quan, du lịch",เพื่อท่องเที่ยวเพื่อเที่ยวชม,ခရီးသွားရန်၊ လည်ပတ်ရန်,ツアーする、観光する,"관광하다, 구경하다","hacer turismo, hacer turismo","tur, melihat-lihat",3
6-2,30,消費,xiāofèi,Vi,"to be a consumer, to purchase things",tiêu dùng,เพื่อเป็นผู้บริโภคในการซื้อสิ่งของ,စားသုံးသူဖြစ်ရန်၊ ပစ္စည်းဝယ်ယူရန်,消費者になること、物を買うこと,"소비자가 되다, 물건을 구매하다","ser consumidor, comprar cosas","menjadi konsumen, membeli sesuatu",3
6-2,31,安靜,ānjìng,Vs,quiet,yên tĩnh,เงียบ,တိတ်ဆိတ်,静かな,조용한,tranquilo,diam,3
6-2,32,消失,xiāoshī,Vp,to disappear,biến mất,ที่จะหายไป,ပျောက်ကွယ်,消える,사라지다,desaparecer,menghilang,3
6-2,33,出問題,chū wèntí,,"to go wrong, to have problems","có vấn đề, trục trặc",ผิดพลาดมีปัญหา,မှားသွားရင် ပြဿနာတက်မယ်။,うまくいかないこと、問題が起こること,"잘못되다, 문제가 생기다","ir mal, tener problemas","melakukan kesalahan, mendapat masalah",3
6-2,34,一方面,yì fāngmiàn,,on the one hand,một mặt,ในด้านหนึ่ง,အခြားတဖက်တွင်မူ,一方では,한편으로는,por un lado,di satu sisi,3
7-1,1,親,qīn,Vs,close (as of familial relationship),thân thiết (về quan hệ gia đình),ใกล้ชิด (ตามความสัมพันธ์ทางครอบครัว),အနီးကပ် (မိသားစုဆက်ဆံရေးအရ),近い（家族関係の時点で）,가까운 (가족 관계로),cercano (a partir de la relación familiar),dekat (seperti hubungan kekeluargaan),3
7-1,2,爺爺,yéye,N,grandpa (father’s side),ông nội (bên nội),คุณปู่ (ฝั่งพ่อ),အဘိုး (အဖေ့ဘက်က),おじいちゃん（父方）,할아버지 (아버지 쪽),abuelo (por parte del padre),kakek (dari pihak ayah),3
7-1,3,鄰居,línjū,N,neighbor,hàng xóm,เพื่อนบ้าน,အိမ်နီးချင်း,近所の人,이웃,vecino,tetangga,3
7-1,4,狗,gǒu,N,dog,con chó,สุนัข,ခွေး,犬,개,perro,anjing,3
7-1,5,叫,jiào,Vi,to bark,"sủa (chó, mèo)",เห่า,ဟောင်ရန်,吠える,짖다,ladrar,menggonggong,3
7-1,6,嗯,en,Ptc,an interjection indicating the speaker’s agreement,"ừ, ừm (thể hiện sự đồng ý)",คำอุทานที่บ่งบอกถึงข้อตกลงของผู้พูด,ဟောပြောသူ၏ သဘောတူညီချက်ကို ညွှန်ပြသည့် စကားတစ်ခွန်း,話者の同意を示す間投詞,화자의 동의를 나타내는 감탄사,una interjección que indica el acuerdo del hablante,kata seru yang menunjukkan persetujuan pembicara,3
7-1,7,奶奶,nǎinai,N,grandma (father’s side),bà nội (bên nội),คุณย่า (ฝั่งพ่อ),အဖွား (အဖေဘက်က),おばあちゃん（父方）,할머니 (아버지 쪽),abuela (por parte del padre),nenek (dari pihak ayah),3
7-1,8,過世,guòshì,Vp,"to die, pass away (honorific)",qua đời,"ตาย, ล่วงลับไป (ยกย่อง)",သေခြင်း၊ ပရိနိဗ္ဗာန်စံခြင်း (ဂုဏ်),死ぬ、亡くなる（敬語）,"죽다, 세상을 떠나다 (경어)","morir, fallecer (honorífico)","mati, meninggal dunia (kehormatan)",3
7-1,9,領養,lǐngyǎng,V,to adopt,"nhận nuôi (con nuôi, thú cưng)",ที่จะนำมาใช้,လက်ခံရန်,採用する,채택하다,adoptar,mengadopsi,3
7-1,10,隻,zhī,M,measure word for animals,lượng từ cho động vật,วัดคำสำหรับสัตว์,တိရိစ္ဆာန်များအတွက်စကားလုံးတိုင်းတာ,動物を表す言葉を測る,동물에 대한 단어 측정,medir palabra para animales,mengukur kata untuk hewan,3
7-1,11,可愛,kě’ài ,Vs,cute,dễ thương,น่ารัก,ချစ်စရာ,かわいい,귀여운,lindo,imut-imut,3
7-1,12,孤單,gūdān,Vs,lonely,cô đơn,เหงา,အထီးကျန်,さみしい,외로운,solitario,kesepian,3
7-1,13,牠,tā,N,it (animals),nó (dùng cho động vật),มัน (สัตว์),အဲဒါ (တိရစ္ဆာန်),それ（動物）,그것 (동물),eso (animales),itu (hewan),3
7-1,14,髒,zāng,Vs,dirty,bẩn,สกปรก,ညစ်ပတ်သည်။,汚い,더러운,sucio,kotor,3
7-1,15,洗澡,xǐzǎo,V-sep,to take a bath,tắm,ที่จะอาบน้ำ,ရေချိုးဖို့,お風呂に入る,목욕하다,tomar un baño,mandi,3
7-1,16,養,yǎng,V,"to raise, to keep","nuôi (thú cưng, con cái)",ที่จะยกเพื่อรักษา,မြှင့်တင်ရန်၊ စောင့်ရှောက်ရန်,育てる、保つ,"키우다, 유지하다","elevar, mantener","meningkatkan, menjaga",3
7-1,17,亂,luàn,Adv,"arbitrarily, without rhyme or reason","bừa bãi, lung tung",โดยพลการโดยไม่มีการสัมผัสหรือเหตุผล,ကာရန်မရှိ၊,韻も理由もなく、恣意的に,"임의로, 운율이나 이유 없이","arbitrariamente, sin ton ni son","sewenang-wenang, tanpa alasan atau alasan",3
7-1,18,咬,yǎo,V,to bite,cắn,ที่จะกัด,ကိုက်ရန်,噛む,물다,morder,menggigit,3
7-1,19,打,dǎ,V,"to hit, beat, smack, slap","đánh, đập","ตี, ทุบตี, ตบ, ตบ",ရိုက်ရန်၊ ရိုက်နှက်ရန်၊ ရိုက်နှက်ခြင်း၊ ပါးရိုက်ခြင်း။,殴る、殴る、叩く、平手打ちする,"때리고, 때리고, 때리고, 때리고","golpear, golpear, bofetear, abofetear","memukul, memukul, menampar, menampar",3
7-1,20,分手,fēnshǒu,Vp,to break up (said of romantic relationships),chia tay (trong tình yêu),เลิกกัน (กล่าวถึงความสัมพันธ์โรแมนติก),လမ်းခွဲရန် (အချစ်ရေးအကြောင်းပြောသည်),別れる（恋愛関係について言われる）,헤어지다 (연애 관계에 대해 말함),romper (dicho de las relaciones románticas),putus (kata tentang hubungan romantis),3
7-1,21,緊張,jǐnzhāng,Vs,tense,căng thẳng,เครียด,တင်းမာ,時制,시제,tenso,tegang,3
7-1,22,減輕,jiǎnqīng,V,to reduce,giảm nhẹ,เพื่อลด,လျှော့ချရန်,減らす,줄이기 위해,reducir,mengurangi,3
7-1,23,送,sòng,V,to take to,đưa (ai đó đến đâu),ที่จะนำไป,ယူရန်,に持っていく,가져가다,llevar a,dibawa ke,3
7-1,24,美容院,měiróngyuàn,N,beauty salon,tiệm làm đẹp,ร้านเสริมสวย,အလှပြင်ဆိုင်,美容院,미용실,salón de belleza,salon kecantikan,3
7-1,25,推車,tuīchē,N,stroller,"xe đẩy (cho trẻ em, cho hàng)",รถเข็นเด็ก,တွန်းလှည်း,ベビーカー,유모차,paseante,kereta bayi,3
7-1,26,主人,zhǔrén,N,"master, owner",chủ nhân,เจ้านายเจ้าของ,သခင်၊ ပိုင်ရှင်,マスター、オーナー,"주인, 주인","amo, dueño","tuan, pemilik",3
7-1,27,相處,xiāngchǔ,Vi,"to get along (with), to spend time together","hòa thuận, sống chung",เข้ากันได้ (ด้วย) เพื่อใช้เวลาร่วมกัน,သင့်မြတ်စွာ ပေါင်းသင်းသည်၊ အတူတကွ အချိန်ကုန်သည်,仲良くする、一緒に時間を過ごす,"(함께) 어울리다, 함께 시간을 보내다","llevarse bien (con), pasar tiempo juntos","bergaul (dengan), menghabiskan waktu bersama",3
7-1,28,生 ,shēng,V,"to give birth, to bear",sinh (con),"ให้กำเนิด, แบกรับ",မွေးရန်၊,産む、産む,"출산하다, 낳다","dar a luz, tener","melahirkan, melahirkan",3
7-1,29,寵物,chǒngwù,N,pet,thú cưng,สัตว์เลี้ยง,အိမ်မွေးတိရစ္ဆာန်,ペット,애완 동물,mascota,peliharaan,3
7-1,30,單身,dānshēn,Vs,to be single,độc thân,ที่จะโสด,single ဖြစ်ရမည်။,独身になる,싱글이 되다,estar soltero,menjadi lajang,3
7-1,31,醫院,yīyuàn,N,hospital,bệnh viện,โรงพยาบาล,ဆေးရုံ,病院,병원,hospital,RSUD,3
7-1,32,意見,yìjiàn,N,"suggestion, opinion",ý kiến,ข้อเสนอแนะความคิดเห็น,အကြံပြုချက်၊ သဘောထား,提案、意見,"제안, 의견","sugerencia, opinión","saran, pendapat",3
7-1,33,建立,jiànlì,V,to establish,"thiết lập, xây dựng",เพื่อสร้าง,တည်ထောင်ရန်,確立する,확립하다,establecer,membangun,3
7-1,34,散步,sànbù,V-sep,to take a walk,đi dạo,ที่จะเดินเล่น,လမ်းလျှောက်ရန်,散歩する,산책하다,dar un paseo,berjalan-jalan,3
7-1,35,家庭,jiātíng,N,family,gia đình,ตระกูล,မိသားစု,家族,가족,familia,keluarga,3
7-1,36,真正,zhēnzhèng,Vs-attr,"real, true, genuine","thực sự, chân chính",จริงจริงแท้,အစစ်အမှန်၊ အစစ်အမှန်,本物の、本当の、本物の,"진짜, 진짜, 진짜","real, verdadero, genuino","nyata, benar, asli",3
7-1,37,幸福,xìngfú,N,"happyiness, blessing","hạnh phúc, phúc lành",ความสุขพร,ပျော်ရွှင်ခြင်း၊ ကောင်းချီးပေးခြင်း,幸福、祝福,"행복, 축복","felicidad, bendición","kebahagiaan, berkah",3
7-1,38,跌倒,dié dǎo ,,to fall down,bị ngã,ล้มลง,လဲကျဖို့,落ちる,넘어지다,caer,jatuh,3
7-1,39,當成,dāngchéng,,"to consider, view as, regard","coi như, xem như","พิจารณา, ดูเป็น, พิจารณา",စဉ်းစားရန်၊ အမြင်၊ ရှုမှတ်ရန်,考慮する、次のように見る、考慮する,"고려하다, 간주하다, 고려하다","considerar, ver como, considerar","mempertimbangkan, memandang sebagai, menganggap",3
7-1,40,忍不住,rěnbúzhù,,to be beyond the limits of endurance ,không nhịn được,ให้อยู่เหนือขีดจำกัดของความอดทน,ခံနိုင်ရည် ကန့်သတ်ချက်ထက် ကျော်လွန်နေပါစေ။,我慢の限界を超えてしまう,인내의 한계를 넘어서다,estar más allá de los límites de la resistencia,berada di luar batas daya tahan,3
7-2,1,多元,duōyuán,Vs-attr,"diverse, diversified",đa dạng,"หลากหลาย, หลากหลาย",ကွဲပြားသည်၊ ကွဲပြားသည်။,多様な、多様な,"다양하다, 다양하다","diverso, diversificado","beragam, beragam",3
7-2,2,阿姨,āyí,N,aunt (mother’s sisters),"dì, cô (chị em với mẹ)",ป้า (น้องสาวของแม่),အဒေါ် (အမေ၏ညီမများ),叔母（母の姉妹）,이모(어머니의 여동생),tía (hermanas de la madre),bibi (saudara perempuan ibu),3
7-2,3,先生,xiānshēng,N,husband,chồng,สามี,ခင်ပွန်း,夫,남편,marido,suami,3
7-2,4,下班,xiàbān,V-sep,to get off work,"tan làm, hết giờ làm",เพื่อออกจากงาน,အလုပ်ဆင်းရန်,仕事を辞める,퇴근하다,salir del trabajo,pulang kerja,3
7-2,5,改,gǎi,V,"correct, check (homework)","sửa, chữa (bài tập)",ถูกต้อง ตรวจสอบ (การบ้าน),မှန်ပါတယ်၊ စစ်ဆေးပါ (အိမ်စာ),修正、確認（宿題）,"맞다, 확인하다 (숙제)","corregir, verificar (tarea)","benar, periksa (pekerjaan rumah)",3
7-2,6,公公,gōnggōng,N,father-in-law (of a female),bố chồng (của người vợ),พ่อตา (ของผู้หญิง),ယောက္ခမ (မိန်းမ)၊,義父（女性の）,시아버지(여자의),suegro (de una mujer),ayah mertua (dari perempuan),3
7-2,7,全,quán,Adv,"completely, entirely",hoàn toàn,"โดยสิ้นเชิง, โดยสิ้นเชิง",လုံးဝ၊ လုံးဝ,完全に、完全に,"완전히, 완전히","completamente, enteramente","sepenuhnya, seluruhnya",3
7-2,8,靠,kào,V,"to depend on, rely on","dựa dẫm, trông cậy vào","พึ่งพา, พึ่งพา",အားကိုး၊ အားကိုး,依存する、依存する,"의지하다, 의지하다","depender de, confiar en","bergantung pada, mengandalkan",3
7-2,9,單親,dānqīn,Vs-attr,single parent,đơn thân,ผู้ปกครองคนเดียว,ကြင်ဖော်မဲ့မိဘ,ひとり親,편부모,padre soltero,orang tua tunggal,3
7-2,10,貴族,guìzú,N,"nobility, aristocrat",tầng lớp quý tộc,ขุนนางขุนนาง,မင်းမျိုးမင်းများ၊ မင်းမျိုးမင်းများ၊,貴族、貴族,"귀족, 귀족","nobleza, aristócrata","bangsawan, bangsawan",3
7-2,11,時代,shídài,N,"period, time of",thời đại,"ระยะเวลา, เวลาของ",ကာလ၊ အချိန်,期間、時期,"기간, 시간","periodo, tiempo de","periode, waktu",3
7-2,12,強,qiáng,Vs,strong,mạnh mẽ,แข็งแกร่ง,ခိုင်မာတယ်။,強い,강한,fuerte,kuat,3
7-2,13,追,zhuī,V,"to go after someone trying to establish a relationship of love, to chase",theo đuổi (trong tình yêu),ไล่ตามคนที่พยายามสร้างความสัมพันธ์แห่งความรักเพื่อไล่ตาม,အချစ်ရဲ့ ဆက်ဆံရေးကို ထူထောင်ဖို့ ကြိုးစားသူတစ်ယောက်နောက်ကို လိုက်ဖို့၊,愛の関係を確立しようとしている人を追いかけること、追いかけること,"사랑의 관계를 맺으려는 사람을 쫓다, 쫓다","perseguir a alguien que intenta establecer una relación de amor, perseguir","mengejar seseorang yang mencoba menjalin hubungan cinta, mengejar",3
7-2,14,自由,zìyóu,Vs,free,tự do,ฟรี,အခမဲ့,無料,무료,gratis,bebas,3
7-2,15,獨立,dúlì,Vs,independent,độc lập,เป็นอิสระ,လွတ်လပ်သော,独立した,독립적인,independiente,mandiri,3
7-2,16,安排,ānpái,V,"to handle, to arrange",sắp xếp,ในการจัดการเพื่อจัดเตรียม,ကိုင်တွယ်ရန်၊ စီစဉ်ရန်,扱う、手配する,"처리하다, 정리하다","manejar, arreglar","menangani, mengatur",3
7-2,17,享受,xiǎngshòu,Vst,to enjoy,tận hưởng,เพลิดเพลินไปกับ,ခံစားရန်,楽しむ,즐기다,disfrutar,menikmati,3
7-2,18,身邊,shēnbiān,N,by one's side,bên cạnh,อยู่ข้างๆ,တစ်ဖက်မှာ,側に,옆에서,al lado de uno,di sisi seseorang,3
7-2,19,伴,bàn,N,companion,"bạn đồng hành, người bạn đời",สหาย,အဖော်,仲間,동반자,compañero,pendamping,3
7-2,20,同居,tóngjū,Vi,"to live together (as a couple), to cohabit",sống chung (như vợ chồng),อยู่ด้วยกัน (เป็นคู่) อยู่ร่วมกัน,အတူတကွနေထိုင်ရန် (စုံတွဲတစ်တွဲ)၊,（夫婦として）一緒に住む、同棲する,"(부부로서) 동거하다, 동거하다","vivir juntos (como pareja), convivir","hidup bersama (berpasangan), hidup bersama",3
7-2,21,成家,chéngjiā,Vp,"to set up a family, to marry (from the male’s perspective)",lập gia đình (từ góc nhìn của đàn ông),เพื่อสร้างครอบครัว การแต่งงาน (ในมุมมองของผู้ชาย),အိမ်ထောင်တစ်ခုထူထောင်ရန်၊ (ယောက်ျား၏အမြင်)၊,家庭を築く、結婚する（男性の視点から）,"가정을 이루다, 결혼하다 (남자 입장에서)","formar una familia, casarse (desde la perspectiva masculina)","membentuk sebuah keluarga, menikah (dari sudut pandang laki-laki)",3
7-2,22,負擔,fùdān,V,"to bear (a burden, responsibility)","gánh vác (trách nhiệm, gánh nặng)","ที่จะแบกรับ (ภาระ, ความรับผิดชอบ)",ထမ်းရန် (ဝန်၊ တာဝန်),（重荷、責任を）負う,"(부담, 책임을) 지다","soportar (una carga, responsabilidad)","menanggung (beban, tanggung jawab)",3
7-2,23,養家,yǎngjiā,V-sep,to support one's family,nuôi gia đình,เพื่อเลี้ยงดูครอบครัว,မိသားစုကိုထောက်ပံ့ဖို့,家族を養うために,가족을 부양하기 위해,mantener a la familia,menghidupi keluarga seseorang,3
7-2,24,責任,zérèn,N,responsibility,trách nhiệm,ความรับผิดชอบ,တာဝန်,責任,책임,responsabilidad,tanggung jawab,3
7-2,25,亂,luàn,Vs,"to be in turmoil, be in chaos",hỗn loạn,"อยู่ในความโกลาหล, อยู่ในความสับสนวุ่นวาย",ရုန်းရင်းခတ်ရင်း၊ ပရမ်းပတာဖြစ်ပါစေ။,混乱状態にある、混乱状態にある,"혼란에 빠지다, 혼돈에 빠지다","estar en confusión, estar en caos","berada dalam kekacauan, berada dalam kekacauan",3
7-2,26,教養,jiàoyǎng,V,"to raise, bring up, train, educate (one's children)","dạy dỗ, giáo dục (con cái)",เลี้ยงดู อบรมสั่งสอน (ลูกของตน),ပြုစုပျိုးထောင်ရန်၊ ပြုစုပျိုးထောင်ရန်၊ လေ့ကျင့်ပေးခြင်း၊ ပညာပေးခြင်း၊,（自分の子供たちを）育てる、育てる、訓練する、教育する,"(자녀를) 키우다, 키우다, 훈련시키다, 교육시키다","criar, criar, formar, educar (a los hijos)","membesarkan, membesarkan, melatih, mendidik (anak seseorang)",3
7-2,27,接受,jiēshòu,V,to accept,chấp nhận,ตกลง (toklong) / ยอมรับ (yom rap),လက်ခံသည် (let khan thi),承諾する (shōdaku suru) / 引き受ける (hikiukeru),승낙하다 (seungnakhada) / 수락하다 (surakhada),aceptar,menerima,3
7-2,28,組成,zǔchéng,V,to form,"hình thành, tạo thành",เพื่อสร้าง,ဖွဲ့စည်းရန်,形成する,형성하다,formar,membentuk,3
7-2,29,道德,dàodé,Vs,moral,đạo đức,ศีลธรรม,ကိုယ်ကျင့်တရား,道徳,도의적인,moral,moral,3
7-2,30,因此,yīncǐ,Conj,"therefore, so","vì vậy, do đó",เพราะฉะนั้น (phro cha nan),ဒါကြောင့် (dar kyaung),したがって (shitagatte),그러므로 (geureomeuro),"por lo tanto, entonces","oleh karena itu, jadi",3
7-2,31,完整,wánzhěng,Vs,"complete, integral, whole","trọn vẹn, đầy đủ","สมบูรณ์, สมบูรณ์, ทั้งหมด",အပြည့်အစုံ၊ တစ်ဆက်တည်း၊ တစ်ခုလုံး,完全な、完全な、完全な,"완전한, 완전한, 완전한","completo, integral, entero","lengkap, utuh, utuh",3
7-2,32,美真,Měizhēn,,female person's name,Mỹ Chân (tên người),ชื่อบุคคลหญิง,အမျိုးသမီးအမည်,女性の人の名前,여자 사람 이름,nombre de la persona femenina,nama orang perempuan,3
7-2,33,家華,Jiāhuá,,male person's name,Gia Hoa (tên người),ชื่อบุคคลชาย,ယောက်ျားအမည်,男性の人の名前,남자 이름,nombre de la persona masculina,nama orang laki-laki,3
7-2,34,風雲人物,fēngyún rénwù ,,"mover and shaker, popular and influential person",nhân vật nổi tiếng và có ảnh hưởng,ผู้เสนอญัตติและผู้เขย่าบุคคลยอดนิยมและมีอิทธิพล,mover နှင့် shaker ၊ နာမည်ကြီးပြီး သြဇာရှိသူ,動かす人、揺るがす人、人気があり影響力のある人,"유력 인사, 인기 있고 영향력 있는 사람","persona que mueve y agita, persona popular e influyente","penggerak dan pengocok, orang yang populer dan berpengaruh",3
7-2,35,下決心,xià juéxīn,,"to resolve oneself, make up one's mind (to do something) ","quyết tâm, hạ quyết tâm","ที่จะแก้ไขตัวเอง, ตัดสินใจ (ทำอะไรสักอย่าง)",ကိုယ့်ကိုယ်ကို ဖြေရှင်းဖို့၊ တစ်ခုခုလုပ်ရန်,決意する、（何かをする）決心をする,"(뭔가를) 결심하다, 결심하다","decidirse, decidirse (hacer algo)","menyelesaikan diri sendiri, mengambil keputusan (untuk melakukan sesuatu)",3
8-1,1,整夜,zhěngyè,N,all night,suốt đêm,ทั้งคืน,တစ်ညလုံး,一晩中,밤새도록,toda la noche,sepanjang malam,3
8-1,2,開,kāi,V,"to turn on, to power on","bật, mở (đèn, máy...)",เพื่อเปิดเครื่อง,ဖွင့်ရန်၊ ပါဝါဖွင့်ရန်,電源を入れる、電源を入れる,"켜다, 전원을 켜다","encender, encender","menghidupkan, menghidupkan",3
8-1,3,燈,dēng,N,"light, lamp","đèn, bóng đèn","แสง, โคมไฟ",အလင်း၊ မီးခွက်,ライト、ランプ,"빛, 램프","luz, lámpara","cahaya, lampu",3
8-1,4,電玩,diànwán,N,video game,trò chơi điện tử,วิดีโอเกม,ဗီဒီယိုဂိမ်း,ビデオゲーム,비디오 게임,videojuego,permainan video,3
8-1,5,球賽,qiúsài,N,ball game,trận đấu bóng,เกมบอล,ဘောလုံးဂိမ်း,球技,공 게임,juego de pelota,permainan bola,3
8-1,6,激動,jīdòng,Vs,to be excited,"kích động, hào hứng",ที่จะตื่นเต้น,စိတ်လှုပ်ရှားဖို့,興奮する,흥분하다,estar emocionado,menjadi bersemangat,3
8-1,7,喊,hǎn,Vi,"to yell, shout","la hét, hò hét",ตะโกนตะโกน,ဟစ်အော်,叫ぶ、叫ぶ,"소리치다, 소리치다","gritar, gritar","berteriak, berteriak",3
8-1,8,公職,gōngzhí,N,government posts,chức vụ trong chính phủ,โพสต์ของรัฐบาล,အစိုးရရာထူးများ,政府のポスト,정부 직책,puestos gubernamentales,pos pemerintah,3
8-1,9,其實,qíshí,Adv,"in fact, actually",trên thực tế,อันที่จริงแล้ว,တကယ်တော့၊,実際に、実際に,"사실, 실제로","de hecho, en realidad","sebenarnya, sebenarnya",3
8-1,10,公務員,gōngwù yuán,N,civil servant,công chức,ข้าราชการ,နိုင်ငံ့ဝန်ထမ်း,公務員,문관,funcionario público,pegawai negeri,3
8-1,11,煩,fán,Vs,"a ""drag"", a pain in the neck","phiền toái, rắc rối","""ลาก"" ปวดคอ","""ဆွဲ"" လည်ပင်းနာကျင်မှု",「引きずり」、首の痛み,"""끌림"", 목의 통증","un ""arrastre"", un dolor en el cuello","sebuah ""tarikan"", sakit di leher",3
8-1,12,聽話,tīnghuà,Vs-sep,"to listen, to obey",nghe lời,ที่จะฟังที่จะเชื่อฟัง,နားထောင်ရန်၊ နာခံရန်,聞くこと、従うこと,"듣다, 순종하다","escuchar, obedecer","mendengarkan, mematuhi",3
8-1,13,失業率,shīyèlǜ,N,unemployment rate,tỷ lệ thất nghiệp,อัตราการว่างงาน,အလုပ်လက်မဲ့နှုန်း,失業率,실업률,tasa de desempleo,tingkat pengangguran,3
8-1,14,門,mén,M,measure word for academic courses,lượng từ cho môn học,วัดคำสำหรับหลักสูตรวิชาการ,ပညာရပ်ဆိုင်ရာ သင်တန်းများအတွက် စကားလုံး တိုင်းတာခြင်း။,学術コースの単語を測定する,학업 과정에 대한 단어 측정,medir palabra para cursos académicos,mengukur kata untuk kursus akademik,3
8-1,15,讀書,dúshū,V-sep,to study,học bài,เพื่อศึกษา,လေ့လာရန်,勉強する (benkyō suru),공부하다 (gongbuhada),estudiar,belajar,3
8-1,16,學分,xuéfēn,N,(academic) credits,tín chỉ (học thuật),หน่วยกิต (วิชาการ),(ပညာရပ်ဆိုင်ရာ) ခရက်ဒစ်များ,（学術）単位,(학업) 학점,créditos (académicos),kredit (akademik),3
8-1,17,修,xiū,V,to take (courses),học (môn học),ที่จะใช้ (หลักสูตร),(သင်တန်းများတက်ရန်),受講する（コース）,(강좌를) 수강하다,tomar (cursos),mengambil (kursus),3
8-1,18,專心,zhuānxīn,Vs,"to focus on, concentrate",tập trung,"มุ่งเน้น, มีสมาธิ",အာရုံစိုက်ရန်၊ အာရုံစိုက်ပါ။,集中する、集中する,"집중하다, 집중하다","centrarse en, concentrarse","fokus, berkonsentrasi",3
8-1,19,修課,xiūkè,V-sep,to take a class,tham gia lớp học,เพื่อเข้าเรียน,အတန်းတက်ရန်,授業を受ける,수업을 듣다,tomar una clase,mengambil kelas,3
8-1,20,輔系,fǔxì,N,minor (in college),ngành học phụ (bằng phụ),ผู้เยาว์ (ในวิทยาลัย),အလယ်တန်း (ကောလိပ်),未成年（大学在学中）,부전공 (대학에서),menor (en la universidad),di bawah umur (di perguruan tinggi),3
8-1,21,瘋,fēng,Vp,"to go crazy, to be insane","phát điên, cuồng",บ้าไปแล้วจะบ้า,ရူးချင်မှရူး,気が狂うこと、気が狂うこと,"미쳐버리다, 미쳐버리다","volverse loco, estar demente","menjadi gila, menjadi gila",3
8-1,22,誇張,kuāzhāng,Vs,to be exaggerated,"cường điệu, phóng đại",ที่จะพูดเกินจริง,ပုံကြီးချဲ့ရန်,誇張される,과장하다,ser exagerado,dilebih-lebihkan,3
8-1,23,舉行,jǔxíng,V,"to hold (a conference, exhibition)","tổ chức (hội nghị, triển lãm)","ที่จะจัดขึ้น (การประชุม, นิทรรศการ)",ကျင်းပရန် (ညီလာခံ၊ ပြပွဲ),（会議、展示会）を開催する,"(회의, 전시회를) 개최하다","celebrar (una conferencia, exposición)","mengadakan (konferensi, pameran)",3
8-1,24,遺憾,yíhàn,Vs,"regretful (that something undesirable happened), a pity, a shame","đáng tiếc, hối tiếc","เสียใจ (ที่เกิดเรื่องอันไม่พึงประสงค์), น่าเสียดาย, น่าเสียดาย",ဝမ်းနည်းစရာ (မလိုလားအပ်တဲ့ အရာတစ်ခု ဖြစ်ခဲ့ရတယ်)၊ သနားစရာ၊ ရှက်စရာ,残念（望ましくないことが起こったこと）、残念、残念,"(바람직하지 못한 일이 일어난 것을) 유감스럽게 생각하다, 안타깝다, 안타깝다","arrepentido (que haya sucedido algo indeseable), una lástima, una vergüenza","menyesal (terjadi sesuatu yang tidak diinginkan), sayang, malu",3
8-1,25,兒子,érzi,N,son,con trai,ลูกชาย,သား,息子,아들,hijo,putra,3
8-1,26,期望,qíwàng,N,expectations,kỳ vọng,ความคาดหวัง,မျှော်လင့်ချက်များ,期待,기대,esperanzas de heredar,harapan,3
8-1,27,狀元,zhuàngyuán,N,top-ranking in a public exam (originally the person with the highest marks on the imperial test),"trạng nguyên (người đỗ đầu), người giỏi nhất",อันดับสูงสุดในการสอบสาธารณะ (แต่เดิมเป็นบุคคลที่มีคะแนนสูงสุดในการทดสอบจักรวรรดิ),အများသူငှာ စာမေးပွဲတွင် ထိပ်တန်းအဆင့် (မူလက နယ်ချဲ့စာမေးပွဲတွင် အမှတ်အများဆုံးရှိသူ),公試の成績上位者（本来は科挙の最高点者）,공무원 시험 1등 (원래는 황실 시험에서 가장 높은 점수를 받은 사람),primer puesto en un examen público (originalmente la persona con las notas más altas en el examen imperial),peringkat teratas dalam ujian publik (awalnya orang dengan nilai tertinggi pada ujian kekaisaran),3
8-1,28,努力,nǔlì,Vs,diligent in,"nỗ lực, chăm chỉ",ขยันใน,လုံ့လရှိခြင်း။,熱心に取り組む,부지런히,diligente en,rajin dalam,3
8-1,29,怎麼回事,zěnme huíshì,,What's wrong?,Có chuyện gì vậy?,เกิดอะไรขึ้น?,ဘာမှားလို့လဲ?,どうしたの？,무슨 일이야?,¿Qué ocurre?,Ada apa?,3
8-1,30,大喊大叫,dàhǎn dàjiào,,"to yell, yelling, shouting",la hét ầm ĩ,"ที่จะตะโกน, ตะโกน, ตะโกน",အော်ဟစ်ခြင်း၊ အော်ဟစ်ခြင်း၊,叫ぶ、叫ぶ、叫ぶ,"소리 지르다, 소리 지르다, 소리 지르다","gritar, chillar, chillar","berteriak, berteriak, berteriak",3
8-1,31,期中考,qízhōng kǎo,,mid-term exam,kỳ thi giữa kỳ,การสอบกลางภาค,အလယ်တန်းစာမေးပွဲ,中間試験,중간고사,examen de mitad de período,ujian tengah semester,3
8-1,32,密集班,mìjí bān,,intensive course,lớp học cấp tốc,หลักสูตรเข้มข้น,အထူးကြပ်မတ်သင်တန်း,集中コース,집중 코스,curso intensivo,kursus intensif,3
8-1,33,畢業展,bìyè zhǎn,,graduation exhibition,triển lãm tốt nghiệp,นิทรรศการการสำเร็จการศึกษา,ဘွဲ့နှင်းသဘင်ပြပွဲ,卒業制作展,졸업전시회,exposición de graduación,pameran kelulusan,3
8-1,34,服裝設計,fúzhuāng shèjì,,fashion design,thiết kế thời trang,การออกแบบแฟชั่น,ဖက်ရှင်ဒီဇိုင်း,ファッションデザイン,패션 디자인,diseño de moda,desain busana,3
8-1,35,醫學系,yīxué xì,,department of medicine,khoa Y,แผนกการแพทย์,ဆေးဌာန,医学部,의학과,departamento de medicina,departemen kedokteran,3
8-1,36,行行出狀元,hángháng chū zhuàngyuán,,there is a leader in every industry,ngành nào cũng có người giỏi,มีผู้นำในทุกอุตสาหกรรม,လုပ်ငန်းတိုင်းမှာ ခေါင်းဆောင်တစ်ယောက်ရှိတယ်။,どの業界にもリーダーがいる,모든 산업에는 리더가 있다,hay un líder en cada industria,ada pemimpin di setiap industri,3
8-2,1,冠軍,guànjūn,N,"champion, championship","quán quân, chức vô địch","แชมป์, แชมเปี้ยนชิพ",ချန်ပီယံ၊ ချန်ပီယံ,チャンピオン、チャンピオンシップ,"챔피언, 챔피언십","campeón, campeonato","juara, kejuaraan",3
8-2,2,大賽,dàsài,N,"a major, usually international, competition",cuộc thi lớn (thường quốc tế),การแข่งขันที่สำคัญซึ่งมักจะเป็นระดับนานาชาติ,အဓိက၊ အများအားဖြင့် နိုင်ငံတကာ ပြိုင်ပွဲတစ်ခု,主要な、通常は国際的なコンテスト,"주요한, 일반적으로 국제적인 대회","una competencia importante, generalmente internacional","kompetisi besar, biasanya internasional",3
8-2,3,通過,tōngguò,Vpt,to pass,"vượt qua (kỳ thi), được thông qua",ที่จะผ่าน,ဖြတ်သန်းရန်,通過する,통과하다,pasar,lulus,3
8-2,4,高級,gāojí,Vs-attr,"high level, advanced","trình độ cao, nâng cao",ระดับสูงขั้นสูง,အဆင့်မြင့်၊ အဆင့်မြင့်,高いレベルの、高度な,"높은 수준, 고급","alto nivel, avanzado","tingkat tinggi, maju",3
8-2,5,碩士,shuòshì,N,master's degree,bằng thạc sĩ,ปริญญาโท,မဟာဘွဲ့,修士号,석사 학위,maestría,gelar master,3
8-2,6,面試,miànshì,N,interview,buổi phỏng vấn,สัมภาษณ์,အင်တာဗျူး,インタビュー,회견,entrevista,wawancara,3
8-2,7,卻,què,Adv,"but, yet","nhưng, thế mà",แต่ยัง,သို့သော်၊,しかし、それでも,그래도 역시,"pero, todavía","tapi, belum",3
8-2,8,國中,guózhōng,N,junior middle school,trường trung học cơ sở,มัธยมต้น,အလယ်တန်းကျောင်း,中学校,중학교,escuela secundaria,sekolah menengah pertama,3
8-2,9,學歷,xuélì,N,educational background,"học lực, trình độ học vấn",วุฒิการศึกษา,ပညာရေးနောက်ခံ,学歴,교육적 배경,antecedentes educativos,latar belakang pendidikan,3
8-2,10,拒絕,jùjué,V,to reject,từ chối,ที่จะปฏิเสธ,ငြင်းပယ်ရန်,拒否する,거절하다,rechazar,menolak,3
8-2,11,引起,yǐnqǐ,Vpt,"to stir up, generate, cause","gây ra (sự chú ý, tranh cãi...)","เพื่อปลุกปั่น, ก่อกำเนิด, ก่อให้เกิด",လှုံ့ဆော်ရန်၊ ဖန်တီးရန်၊ ဖြစ်ပေါ်စေသည်။,かき立てる、生み出す、引き起こす,"휘젓다, 일으키다, 일으키다","agitar, generar, causar","membangkitkan, menghasilkan, menyebabkan",3
8-2,12,彈性,tánxìng,N,flexibility,sự linh hoạt,ความยืดหยุ่น,ပြောင်းလွယ်ပြင်လွယ်,柔軟性,유연성,flexibilidad,fleksibilitas,3
8-2,13,改變,gǎibiàn,V,to undergo change,thay đổi,เพื่อรับการเปลี่ยนแปลง,ပြောင်းလဲခြင်းကို ခံယူရန်,変化を受ける,변화를 겪다,sufrir cambios,menjalani perubahan,3
8-2,14,制度,zhìdù,N,system,"chế độ, hệ thống",ระบบ,စနစ်,システム,체계,sistema,sistem,3
8-2,15,基礎,jīchǔ,N,"foundation, fundamentals ","nền tảng, cơ sở","รากฐาน, พื้นฐาน",အခြေခံအုတ်မြစ်၊ အခြေခံအချက်များ,基礎、基礎,"기초, 기본","fundamento, fundamentos","landasan, fundamental",3
8-2,16,認真,rènzhēn,Vs,"earnest, serious","nghiêm túc, chăm chỉ",จริงจังจริงจัง,လေးနက်သော၊ လေးနက်သော,真剣な、真剣な,"진지한, 진지한","serio, serio","sungguh-sungguh, serius",3
8-2,17,公平,gōngpíng,Vs,fair,công bằng,ยุติธรรม,တရားမျှတသော,公平,공정한,justo,adil,3
8-2,18,出生,chūshēng,Vp,to be born,được sinh ra,ที่จะเกิด,မွေးဖွားရန်,生まれる,태어나다,nacer,dilahirkan,3
8-2,19,窮,qióng,Vs,poor,nghèo khó,ยากจน,ဆင်းရဲ,貧しい,가난한,pobre,miskin,3
8-2,20,父親,fùqīn,N,father,"cha, bố",พ่อ,အဖေ,父親,아버지,padre,ayah,3
8-2,21,母親,mǔqīn,N,mother,"mẹ, má",แม่,အမေ,母親,어머니,madre,ibu,3
8-2,22,學徒,xuétú,N,apprentice,người học việc,เด็กฝึกงาน,အလုပ်သင်,見習い,도제,aprendiz,anak magang,3
8-2,23,吃苦,chīkǔ,Vs-sep,experience tough times,"chịu khổ, trải qua khó khăn",ประสบกับช่วงเวลาที่ยากลำบาก,ခက်ခဲတဲ့အချိန်တွေကို တွေ့ကြုံခံစားပါ။,厳しい時代を経験する,힘든 시기를 경험하다,experimentar tiempos difíciles,mengalami masa-masa sulit,3
8-2,24,明白,míngbái,Vst,to understand,hiểu,เข้าใจ (khao jai) / ทราบ (sap) (polite),နားလည်သည် (nar le thi),理解する (rikai suru),이해하다 (ihaehada),entender,memahami,3
8-2,25,當兵,dāngbīng,V-sep,"to be a soldier, to do military service","đi lính, thực hiện nghĩa vụ quân sự","จะเป็นทหาร, เพื่อรับราชการทหาร",စစ်မှုထမ်းရန်၊ စစ်မှုထမ်းရန်,兵士になる、兵役に就く,"군인이 되다, 군 복무를 하다","ser soldado, hacer el servicio militar","menjadi tentara, melakukan dinas militer",3
8-2,26,認字,rènzì,Vi,to learn characters,nhận mặt chữ,เพื่อเรียนรู้ตัวละคร,ဇာတ်ကောင်များလေ့လာရန်,文字を学ぶ,문자를 배우다,aprender personajes,mempelajari karakter,3
8-2,27,烘焙,hōngbèi,V,to bake,nướng (bánh),ที่จะอบ,ဖုတ်ရန်,焼く,굽다,hornear,memanggang,3
8-2,28,學習,xuéxí,V,to study,học tập,เพื่อศึกษา,လေ့လာရန်,勉強する (benkyō suru),공부하다 (gongbuhada),estudiar,belajar,3
8-2,29,技術,jìshù,N,skills,"kỹ năng, kỹ thuật",ทักษะ,ကျွမ်းကျင်မှု,スキル,기술,habilidades,keterampilan,3
8-2,30,藝術,yìshù,N,art,nghệ thuật,ศิลปะ,အနုပညာ,美術,미술,arte,seni,3
8-2,31,經過,jīngguò ,Prep,after,sau khi,หลังจาก,ပြီးနောက်,後,~ 후에,después,setelah,3
8-2,32,終於,zhōngyú,Adv,finally,cuối cùng,ในที่สุด,နောက်ဆုံးတော့,ついに,마지막으로,finalmente,Akhirnya,3
8-2,33,億,yì,N,100 million,một trăm triệu,100 ล้าน,သိန်း ၁၀၀,1億,1억,100 millones,100 juta,3
8-2,34,夢想,mèngxiǎng,N,"dream, ideals (not during sleep)","giấc mơ, lý tưởng",ความฝัน อุดมคติ (ไม่ใช่ตอนหลับ),အိပ်မက်၊ စိတ်ကူးများ (အိပ်နေစဉ်မဟုတ်),夢、理想（睡眠中は除く）,"꿈, 이상(수면 중 아님)","sueño, ideales (no durante el sueño)","mimpi, cita-cita (bukan saat tidur)",3
8-2,35,成為,chéngwéi,Vpt,to become,trở thành,เปลี่ยน (plian) / กลายเป็น (klai pen),ပြောင်းလဲသည် (pyoung le thi) / ဖြစ်လာသည် (pyit la thi),変わる (kawaru) / なる (naru),변하다 (byeonhada) / 되다 (doeda),convertirse en,menjadi,3
8-2,36,企業家,qìyèjiā,N,entrepreneur ,doanh nhân,ผู้ประกอบการ,လုပ်ငန်းရှင်,起業家,기업가,emprendedor,pengusaha,3
8-2,37,分店,fēndiàn,N,"branch store, branch office","chi nhánh (cửa hàng, văn phòng)","ร้านค้าสาขา, สำนักงานสาขา",ဆိုင်ခွဲ၊ ရုံးခွဲ,支店、支店,"지점, 지점","sucursal, sucursal","toko cabang, kantor cabang",3
8-2,38,原因,yuányīn,N,reason,nguyên nhân,เหตุผล,အကြောင်းပြချက်,理由,이유,razón,alasan,3
8-2,39,錄取,lùqǔ,V,"to accept (application), to admit","nhận vào, tuyển dụng",ยอมรับ (ใบสมัคร) ยอมรับ,လျှောက်လွှာကို လက်ခံသည်၊ ဝင်ခွင့်ပေးသည်,（申請を）受け入れる、認める,"(신청을) 받아들이다, 인정하다","aceptar (solicitud), admitir","menerima (permohonan), mengakui",3
8-2,40,成功,chénggōng,Vs,successful,thành công,ประสบความสำเร็จ,အောင်မြင်သည်။,成功,성공적인,exitoso,sukses,3
8-2,41,鼓勵,gǔlì,V,to encourage,"khuyến khích, động viên",เพื่อให้กำลังใจ,အားပေးရန်,励ます,격려하다,alentar,mendorong,3
8-2,42,吳寶春,Wú Bǎochūn,,a famous baker from Taiwan,Ngô Bảo Xuân (một thợ làm bánh nổi tiếng Đài Loan),ช่างทำขนมปังชื่อดังจากไต้หวัน,ထိုင်ဝမ်မှ နာမည်ကြီး မုန့်ဖုတ်ဆရာ,台湾の有名なパン屋さん,대만의 유명한 빵집,un panadero famoso de Taiwán,seorang pembuat roti terkenal dari Taiwan,3
8-2,43,新加坡,Xīnjiāpō,,Singapore,Singapore,สิงคโปร์,စင်္ကာပူ,シンガポール,싱가포르,Singapur,Singapura,3
8-2,44,日文,Rìwén,,Japanese language or writing,tiếng Nhật,ภาษาญี่ปุ่นหรือการเขียน,ဂျပန်ဘာသာစကား သို့မဟုတ် အရေးအသား,日本語または文章,일본어나 글쓰기,Lengua o escritura japonesa,bahasa atau tulisan Jepang,3
8-2,45,世界麵包大賽,shìjiè miànbāo dàsài,,The Bakery World Cup,Cúp Bánh mì Thế giới,เบเกอรี่เวิลด์คัพ,Bakery ကမ္ဘာ့ဖလား,ベーカリーワールドカップ,베이커리 월드컵,El Mundial de Panadería,Piala Dunia Toko Roti,3
8-2,46,EMBA(高級管理人員工商管理碩士),EMBA (gāojí guǎnlǐ rényuán gōngshāng guǎnlǐ shuòshì),,EMBA (Executive Master of Business Administration),EMBA (Thạc sĩ Quản trị Kinh doanh dành cho Quản lý Cấp cao),EMBA (บริหารธุรกิจมหาบัณฑิตบริหารธุรกิจ),EMBA (စီးပွားရေးစီမံခန့်ခွဲမှုမဟာ),EMBA (経営管理上級修士),EMBA (경영학 석사),EMBA (Maestría Ejecutiva en Administración de Empresas),EMBA (Master Eksekutif Administrasi Bisnis),3
8-2,47,小時候,xiǎo shíhòu ,,in one’s childhood,thời nhỏ,ในวัยเด็ก,ကလေးဘဝတွင်,子供の頃,어린 시절에,en la infancia,di masa kecil seseorang,3
8-2,48,大開眼界,dàkāi yǎnjiè,,to have one's eyes opened,mở mang tầm mắt,ให้ลืมตาเสียเถิด,မျက်စိဖွင့်ဖို့၊,目を開けること,눈을 뜨다,tener los ojos abiertos,membuka mata,3
8-2,49,X分之Y,X fēn zhī Y,,pattern for indicating percentages or fractions,X phần Y (mẫu câu chỉ phần trăm hoặc phân số),รูปแบบการแสดงเปอร์เซ็นต์หรือเศษส่วน,ရာခိုင်နှုန်း သို့မဟုတ် အပိုင်းကိန်းများကို ညွှန်ပြသည့် ပုံစံ,パーセントまたは分数を示すパターン,백분율이나 분수를 나타내는 패턴,patrón para indicar porcentajes o fracciones,pola untuk menunjukkan persentase atau pecahan,3
9-1,1,訂單,dìngdān,N,an order (trading),đơn đặt hàng (thương mại),คำสั่งซื้อ (การซื้อขาย),အော်ဒါ (အရောင်းအဝယ်),注文（取引）,주문(거래),una orden (comercio),pesanan (perdagangan),3
9-1,2,客戶,kèhù,N,"customer, client",khách hàng (thương mại),ลูกค้าลูกค้า,ဖောက်သည်၊ ဖောက်သည်,顧客、クライアント,"고객, 클라이언트","cliente, cliente","pelanggan, klien",3
9-1,3,方便,fāngbiàn,V,to offer convenience,tạo điều kiện thuận lợi,เพื่ออำนวยความสะดวก,အဆင်ပြေစေရန်,利便性を提供する,편리함을 제공하기 위해,ofrecer comodidad,menawarkan kenyamanan,3
9-1,4,訂購,dìnggòu,V,"to order, place an order","đặt mua, đặt hàng","สั่งซื้อ, สั่งซื้อ",အော်ဒါတင်ပါ။,注文する、注文する,"주문하다, 주문하다","ordenar, hacer un pedido","memesan, lakukan pemesanan",3
9-1,5,成立,chénglì,V,"to establish, set up",thành lập,"ก่อตั้ง, จัดตั้งขึ้น",တည်ထောင်ရန်၊ ထူထောင်ရန်,確立する、セットアップする,"설립하다, 설정하다","establecer, establecer","mendirikan, mengatur",3
9-1,6,假日,jiàrì,N,holiday,ngày lễ,วันหยุด,အားလပ်ရက်,休日,휴일,día festivo,hari libur,3
9-1,7,販賣,fànmài,V,to sell,bán hàng,ขาย (khai),ရောင်းသည် (yaung thi),売る (uru),팔다 (palda),vender,menjual,3
9-1,8,阿嬤,āmà,N,"grandma, older woman (Taiwanese)",bà ngoại/bà nội (tiếng Đài Loan),คุณยาย หญิงชรา (ชาวไต้หวัน),အဖွား၊ အဘွားကြီး (ထိုင်ဝမ်),おばあちゃん、年配の女性（台湾人）,"할머니, 나이든 여자 (대만인)","abuela, mujer mayor (taiwanesa)","nenek, wanita yang lebih tua (Taiwan)",3
9-1,9,中間商,zhōngjiān shāng,N,"middleman, reseller","người trung gian, nhà buôn",คนกลางผู้ค้าปลีก,လူလတ်၊ ပြန်လည်ရောင်းချသူ,仲介業者、再販業者,"중개인, 리셀러","intermediario, revendedor","perantara, pengecer",3
9-1,10,經營,jīngyíng,V,"to operate, run (a business)","vận hành, kinh doanh",เพื่อดำเนินการดำเนินการ (ธุรกิจ),လည်ပတ်ရန်၊ လည်ပတ်ရန် (လုပ်ငန်းတစ်ခု)၊,（ビジネスを）運営する、経営する,"(사업을) 운영하다, 운영하다","operar, administrar (un negocio)","mengoperasikan, menjalankan (bisnis)",3
9-1,11,宅配,zháipèi,Vi,express delivery,dịch vụ giao hàng tận nhà,จัดส่งด่วน,နေ့ချင်းပြန်,速達便,빠른 배송,entrega urgente,pengiriman ekspres,3
9-1,12,下,xià,V,to place (an order),đặt (hàng),เพื่อวาง (คำสั่งซื้อ),မှာယူရန် (အမိန့်စာ),(注文する),(주문을)하다,hacer (un pedido),menempatkan (memesan),3
9-1,13,既,jì,Adv,not merely,vừa... vừa... (không những... mà còn...),ไม่ใช่แค่เท่านั้น,မဟုတ်ပါ။,単にではない,뿐만 아니라,no simplemente,bukan hanya sekedar,3
9-1,14,隨時,suíshí,Adv,anytime,bất cứ lúc nào,ได้ตลอดเวลา,အချိန်မရွေး,いつでも,언제든지,en cualquier momento,kapan pun,3
9-1,15,搜尋,sōuxún,V,to search,tìm kiếm,เพื่อค้นหา,ရှာဖွေရန်,検索する,검색하다,buscar,mencari,3
9-1,16,冰箱,bīngxiāng,N,refrigerator (lit. ice box) ,tủ lạnh,ตู้เย็น (หมายถึงกล่องน้ำแข็ง),ရေခဲသေတ္တာ (စာသားအရ ရေခဲသေတ္တာ)၊,冷蔵庫（文字通りアイスボックス）,냉장고(말 그대로 아이스박스),"refrigerador (literalmente, caja de hielo)","kulkas (secara harfiah, kotak es)",3
9-1,17,吃虧,chīkuī,Vs-sep,to suffer a loss,chịu thiệt,ที่จะต้องประสบกับความสูญเสีย,ဆုံးရှုံးမှုကိုခံစားဖို့,損失を被る,손실을 입다,sufrir una pérdida,menderita kerugian,3
9-1,18,比價,bǐjià,V-sep,"to compare prices, price comparison",so sánh giá,เพื่อเปรียบเทียบราคาเปรียบเทียบราคา,စျေးနှုန်းနှိုင်းယှဉ်ရန်၊ စျေးနှုန်းနှိုင်းယှဉ်ရန်,価格を比較する、価格比較,"가격을 비교하다, 가격을 비교하다","comparar precios, comparación de precios","membandingkan harga, perbandingan harga",3
9-1,19,風險,fēngxiǎn,N,risk,rủi ro,เสี่ยง,အန္တရာယ်,リスク,위험,riesgo,mempertaruhkan,3
9-1,20,賣家,màijiā,N,seller,người bán,ผู้ขาย,ရောင်းသူ,売り手,파는 사람,vendedor,penjual,3
9-1,21,必須,bìxū,Vaux,"must, to have to ","phải, cần phải","ต้อง, จะต้อง",လုပ်ရမယ်၊ လုပ်ရမယ်။,しなければならない、しなければならない,"~해야 한다, ~해야 한다","debe, tener que","harus, harus",3
9-1,22,信用,xìnyòng,N,credibility,"uy tín, tín nhiệm",ความน่าเชื่อถือ,ယုံကြည်ကိုးစားမှု,信頼性,믿을 수 있음,credibilidad,kredibilitas,3
9-1,23,萬一,wànyī,Conj,in case,"phòng khi, đề phòng trường hợp",ในกรณี,ခဲ့လျှင်,万一に備えて,만일의 경우,En caso,jika,3
9-1,24,滿意,mǎnyì,Vst,satisfied,hài lòng,พอใจ,ကျေနပ်သည်။,満足,만족하는,satisfecho,puas,3
9-1,25,以內,yǐnèi,N,within,trong vòng,ภายใน,အတွင်း,内で,이내에,dentro,di dalam,3
9-1,26,普遍,pǔbiàn,Vs,"widespread, common","phổ biến, rộng rãi",แพร่หลายทั่วไป,ပျံ့နှံ့၊ ဘုံ,広く普及している、一般的な,"널리 퍼진, 흔한","generalizado, común","tersebar luas, umum",3
9-1,27,選擇,xuǎnzé,V,to choose,lựa chọn (động từ),ที่จะเลือก,ရွေးချယ်ရန်,選択する,선택하다,elegir,memilih,3
9-1,28,網購,wǎng gòu,,online shopping,mua sắm trực tuyến,ช้อปปิ้งออนไลน์,အွန်လိုင်းစျေးဝယ်,オンラインショッピング,온라인 쇼핑,compras en línea,belanja online,3
9-1,29,貨比三家不吃虧,huò bǐ sān jiā bù chīkuī,,shop around and you won't get ripped off (lit. Compare products at three stores and you won't be cheated.),So sánh hàng hóa ở ba cửa hàng thì sẽ không bị chịu thiệt.,ช้อปให้ทั่วแล้วคุณจะไม่โดนโกง (จริงๆ แล้วเปรียบเทียบสินค้าสามร้านแล้วคุณจะไม่ถูกโกง),စျေးဝယ်လိုက်လျှင် ဆုတ်ဖြဲမည်မဟုတ်ပါ (စာသားအရ၊ စတိုးဆိုင်သုံးဆိုင်ရှိ ကုန်ပစ္စည်းများကို နှိုင်းယှဉ်ကြည့်ပါ၊ သင်သည် လှည့်စားခံရမည်မဟုတ်ပါ။),買い物をしても騙されない（文字通り、3 つの店で商品を比較すれば騙されない）。,여기저기 쇼핑하면 사기 당하지 않을 것입니다. (문자 그대로 세 매장에서 제품을 비교하면 속지 않을 것입니다.),"compare precios y no lo estafarán (literalmente, compare productos en tres tiendas y no lo engañarán)","berbelanjalah dan Anda tidak akan ditipu (secara harfiah, Bandingkan produk di tiga toko dan Anda tidak akan ditipu.)",3
9-1,30,兩成,liǎng chéng,,"20％, literally 2/10",hai phần mười (20%),20% อย่างแท้จริง 2/10,20%၊ စာသားအရ 2/10,20％、文字通り2/10,"20%, 말 그대로 2/10","20%, literalmente 2/10","20％, secara harafiah 2/10",3
9-2,1,鳳梨,fènglí,N,pineapple,quả dứa (thơm),สัปปะรด,နာနတ်သီး,パイナップル,파인애플,piña,nanas,3
9-2,2,農產品,nóngchǎnpǐn,N,agricultural product,nông sản,สินค้าเกษตร,စိုက်ပျိုးရေးထုတ်ကုန်,農産物,농산물,producto agrícola,hasil pertanian,3
9-2,3,出口,chūkǒu,V,to export,xuất khẩu,เพื่อส่งออก,တင်ပို့ရန်,輸出する,수출하다,exportar,mengekspor,3
9-2,4,曾經,céngjīng,Adv,"been the case before, once",đã từng,เคยเป็นเช่นนั้นมาก่อนครั้งหนึ่ง,အရင်ကလည်း တစ်ကြိမ်၊,以前もそうだった、かつて,"예전에도 그랬었고, 한 번도 그랬어","Ha sido el caso antes, una vez","pernah terjadi sebelumnya, sekali",3
9-2,5,占,zhàn,Vst,"to constitute, to account for",chiếm (tỷ lệ),เพื่อประกอบขึ้นเพื่อบัญชี,ဖွဲ့စည်းရန်,構成する、説明する,"구성하다, 설명하다","constituir, dar cuenta de","membentuk, mempertanggungjawabkan",3
9-2,6,成本,chéngběn,N,costs,chi phí,ค่าใช้จ่าย,ကုန်ကျစရိတ်,費用,소송 비용,costos,biaya,3
9-2,7,價格,jiàgé,N,price,giá cả,ราคา,စျေးနှုန်း,価格,가격,precio,harga,3
9-2,8,競爭,jìngzhēng,Vi,to compete against,cạnh tranh,เพื่อแข่งขันกับ,ယှဉ်ပြိုင်ရန်,と競争する,경쟁하다,competir contra,bersaing,3
9-2,9,好運,hǎoyùn,N,good luck,vận may,ขอให้โชคดี,ကံကောင်းပါစေ။,幸運を,행운을 빌어요,buena suerte,semoga beruntung,3
9-2,10,內餡,nèixiàn,N,filling (of pastries etc.),nhân bên trong (của bánh),ไส้ (ขนมอบ ฯลฯ),ဖြည့်စွက်စာ (ကိတ်မုန့်စသည်ဖြင့်),（ペストリーなどの）詰め物,채우기 (과자 등의),"relleno (de bollería, etc.)","isian (kue kering, dll.)",3
9-2,11,當做,dāngzuò,V,"to treat as, to serve as","coi như, dùng như",ที่จะปฏิบัติต่อเพื่อทำหน้าที่เป็น,အဖြစ် သဘောထားသည်၊ အဖြစ် အသုံးပြုသည်,として扱う、として奉仕する,"~처럼 대하다, ~로 봉사하다","tratar como, servir como","memperlakukan sebagai, melayani sebagai",3
9-2,12,喜餅,xǐbǐng,N,wedding-announcement pastries,bánh báo hỷ (bánh thông báo đám cưới),ขนมอบประกาศงานแต่งงาน,မင်္ဂလာဆောင်-ကြေငြာချက် pastries,結婚発表用のペストリー,결혼 발표 페이스트리,pasteles de anuncio de boda,kue-kue pengumuman pernikahan,3
9-2,13,喜愛,xǐ’ài,Vst,fond of,yêu thích,ชอบของ,ကြိုက်တယ်။,好き,좋아하다,aficionado a,menyukai,3
9-2,14,茶點,chádiǎn,N,"snacks, dessert (served with tea)","điểm tâm, đồ ăn nhẹ (dùng với trà)",ของว่าง ของหวาน (เสิร์ฟพร้อมชา),အဆာပြေ ၊ အချိုပွဲ (လက်ဖက်ရည် နှင့်),軽食、デザート（お茶付き）,"스낵, 디저트(차와 함께 제공)","bocadillos, postre (servido con té)","makanan ringan, hidangan penutup (disajikan dengan teh)",3
9-2,15,商機,shāngjī,N,business opportunity,cơ hội kinh doanh,โอกาสทางธุรกิจ,စီးပွားရေးအခွင့်အလမ်း,ビジネスチャンス,사업 기회,oportunidad de negocio,peluang bisnis,3
9-2,16,代表,dàibiǎo,V,to represent,đại diện cho,เพื่อเป็นตัวแทน,ကိုယ်စားပြုရန်,表す,대표하다,representar,mewakili,3
9-2,17,政府,zhèngfǔ,N,government,chính phủ,รัฐบาล,အစိုးရ,政府,정부,gobierno,pemerintah,3
9-2,18,舉辦,jǔbàn,V,"to organize, hold",tổ chức (sự kiện),เพื่อจัดระเบียบถือ,စည်းရုံးရန်၊ ကိုင်ပါ။,整理する、保持する,"조직하다, 개최하다","organizar, sostener","mengatur, tahan",3
9-2,19,產值,chǎnzhí,N,"production value, output",giá trị sản lượng,มูลค่าการผลิตผลผลิต,ထုတ်လုပ်မှုတန်ဖိုး၊ အထွက်နှုန်း,生産額、生産高,"생산 가치, 생산량","valor de producción, producción","nilai produksi, keluaran",3
9-2,20,提高,tígāo,V,"to increase, to elevate","nâng cao, tăng lên",เพื่อเพิ่มเพื่อยกระดับ,မြှင့်တင်ရန်၊ မြှင့်တင်ရန်,増やす、高める,"증가시키다, 높이다","aumentar, elevar","meningkatkan, meninggikan",3
9-2,21,知名,zhīmíng,Vs,"well known, renowned",nổi tiếng,"รู้จักกันดี, มีชื่อเสียง",လူသိများ၊ ကျော်ကြားသည်။,よく知られている、有名な,"잘 알려진, 유명한","bien conocido, renombrado","terkenal, terkenal",3
9-2,22,出現,chūxiàn,Vp,to appear,xuất hiện,ที่จะปรากฏ,ပေါ်လာဖို့,現れる,나타나다,aparecer,muncul,3
9-2,23,科技,kējì,N,technology ,công nghệ,เทคโนโลยี,နည်းပညာ,テクノロジー,기술,tecnología,teknologi,3
9-2,24,(台)斤,(Tái) jīn,M,"catty, a unit of measure in Taiwan, equivalent to 600 grams","cân (đơn vị đo lường ở Đài Loan, bằng 600 gram)",catty เป็นหน่วยวัดในไต้หวัน เทียบเท่ากับ 600 กรัม,ထိုင်ဝမ်တွင် တိုင်းတာသည့် ယူနစ်တစ်ခုဖြစ်သော catty သည် 600 ဂရမ်နှင့် ညီမျှသည်။,斤（catty）は台湾の計量単位で、600グラムに相当します。,"캐티(catty), 대만의 측정 단위로 600그램에 해당합니다.","malicioso, una unidad de medida en Taiwán, equivalente a 600 gramos","catty, satuan takaran di Taiwan setara dengan 600 gram",3
9-2,25,叔叔,shúshu,N,uncle (father's younger brother),chú (em trai của bố),ลุง (น้องชายของพ่อ),ဘကြီး (အဖေရဲ့ညီ)၊,叔父（父の弟）,삼촌(아버지의 남동생),tío (hermano menor del padre),paman (adik laki-laki ayah),3
9-2,26,口味,kǒuwèi,N,flavor,hương vị,รสชาติ,အရသာ,風味,맛,sabor,rasa,3
9-2,27,結果,jiéguǒ,Adv,as a result,kết quả là,เป็นผลให้,ရလဒ်အနေနှင့်,結果として,결과적으로,como resultado,sebagai akibat,3
9-2,28,購買,gòumǎi,V,to purchase,mua hàng,ที่จะซื้อ,ဝယ်ယူရန်,購入する,구입하다,comprar,membeli,3
9-2,29,改善,gǎishàn,V,to improve,cải thiện,เพื่อปรับปรุง,တိုးတက်ရန်,改善する,개선하다,mejorar,meningkatkan,3
9-2,30,並且,bìngqiě,Conj,moreover,"hơn nữa, đồng thời",นอกจากนี้,ထိုမှတပါး,さらに,게다가,además,lebih-lebih lagi,3
9-2,31,行銷,xíngxiāo,V,to market,tiếp thị,ออกสู่ตลาด,စျေးကွက်သို့,市場へ,시장에,comercializar,ke pasar,3
9-2,32,團購,tuángòu,V,to group buy (for cheaper prices),mua theo nhóm (để được giá rẻ hơn),เพื่อซื้อเป็นกลุ่ม (เพื่อราคาที่ถูกกว่า),အုပ်စုလိုက်ဝယ်ယူရန် (သက်သာသောစျေးနှုန်းဖြင့်),共同購入する（より安い価格で）,공동구매(저렴한 가격),comprar en grupo (para precios más baratos),pembelian berkelompok (untuk harga lebih murah),3
9-2,33,店面,diànmiàn,N,storefront,mặt tiền cửa hàng,หน้าร้าน,စတိုးဆိုင်,店頭,점포,escaparate,etalase,3
9-2,34,全,quán,Det,entire,toàn bộ,ทั้งหมด,တစ်ခုလုံး,全体,전체,completo,seluruh,3
9-2,35,閩南語,Mǐnnányǔ,,"Southern Min dialect, i.e., Taiwanese ",tiếng Mân Nam (tiếng Đài Loan),ภาษาหมิ่นใต้ เช่น ไต้หวัน,Southern Min ဒေသိယ၊ ဆိုလိုသည်မှာ ထိုင်ဝမ်,閩南方言、つまり台湾語,"남부 민 방언, 즉 대만어","Dialecto Southern Min, es decir, taiwanés","Dialek Min Selatan, yaitu bahasa Taiwan",3
9-2,36,旺來,wànglái,,"Southern Min sound for pineapple, lit.“abundance comes”","vượng lai (cách gọi quả dứa trong tiếng Đài Loan, nghĩa là ""thịnh vượng đến"")",เสียงหมิ่นใต้แปลว่าสับปะรด แปลว่า “ความอุดมสมบูรณ์มา”,"နာနတ်သီးအတွက် Southern Min အသံ၊ စာသားအရ ""များပြားလာသည်""",南ミン族の音でパイナップルを意味し、文字通り「豊かさが訪れる」を意味します。,"파인애플의 남부 민 소리, 문자 그대로 ""풍요가 온다""","Sonido Southern Min para piña, literalmente, ""viene la abundancia""","Suara Min Selatan untuk nanas, secara harafiah berarti “kelimpahan datang”",3
9-2,37,東京,Dōngjīng,,Tokyo,Tokyo,โตเกียว,တိုကျို,東京,도쿄,Tokio,Tokyo,3
9-2,38,鳳梨酥,fènglí sū,,pineapple shortcake,bánh dứa,ชอร์ตเค้กสับปะรด,နာနတ်သီး မုန့်တို,パイナップルショートケーキ,파인애플 쇼트케이크,tarta de piña,kue nanas,3
9-2,39,第二位,dì èr wèi,,second (place),vị trí thứ hai,ที่สอง (สถานที่),ဒုတိယ (နေရာ),2位（位）,두 번째 (장소),segundo (lugar),kedua (tempat),3
9-2,40,鳳梨農,fènglí nóng,,pineapple farmer,nông dân trồng dứa,ชาวไร่สับปะรด,နာနတ်တောင်သူ,パイナップル農家,파인애플 농부,granjero de piña,petani nanas,3
10-1,1,住院,zhùyuàn,V-sep,"to stay in a hospital, be hospitalized",nằm viện,ที่จะพักรักษาตัวในโรงพยาบาลต้องเข้ารับการรักษาในโรงพยาบาล,ဆေးရုံတက်ဖို့၊ ဆေးရုံတက်ရတယ်။,病院に滞在する、入院する,"병원에 입원하다, 입원하다","permanecer en un hospital, ser hospitalizado","tinggal di rumah sakit, dirawat di rumah sakit",3
10-1,2,臉,liǎn ,N,face,khuôn mặt,ใบหน้า,မျက်နှာ,顔,얼굴,rostro,menghadapi,3
10-1,3,受傷,shòushāng,Vp-sep,to be injured,bị thương,ที่จะได้รับบาดเจ็บ,ဒဏ်ရာရဖို့,怪我をする,부상당하다,estar herido,terluka,3
10-1,4,撞,zhuàng,V,"to hit, collide","đâm, va phải",ที่จะตีชนกัน,တိုက်ရန်၊ ဆောင့်သည်။,ぶつかる、衝突する,"부딪치다, 충돌하다","golpear, chocar","memukul, bertabrakan",3
10-1,5,遵守,zūnshǒu,V,"to obey, follow, comply with","tuân thủ, tuân theo",เชื่อฟังปฏิบัติตามปฏิบัติตาม,နာခံရန်၊ လိုက်နာရန်၊ လိုက်နာရန်,従う、従う、順守する,"순종하다, 따르다, 따르다","obedecer, seguir, cumplir","mematuhi, mengikuti, mematuhi",3
10-1,6,規則,guīzé,N,"rules, regulations","quy tắc, quy định",กฎข้อบังคับ,စည်းမျဥ်းစည်းကမ်း၊,規則、規制,"규칙, 규정","reglas, regulaciones","peraturan, peraturan",3
10-1,7,報警,bàojǐng,V-sep,to report to (or call) the police,báo cảnh sát,เพื่อรายงาน (หรือโทร) เจ้าหน้าที่ตำรวจ,ရဲစခန်းသို့ အကြောင်းကြားရန် (သို့မဟုတ်) ဖုန်းခေါ်ဆိုပါ။,警察に通報する（または電話する）,경찰에 신고하다(또는 전화하다),informar a (o llamar) a la policía,melapor ke (atau menelepon) polisi,3
10-1,8,急診室,jízhěnshì,N,emergency room,phòng cấp cứu,ห้องฉุกเฉิน,အရေးပေါ်အခန်း,救急処置室,응급실,sala de emergencia,ruang gawat darurat,3
10-1,9,傷,shāng,N,injury,vết thương,บาดเจ็บ,ဒဏ်ရာ,けが,부상,lesión,cedera,3
10-1,10,骨折,gǔzhé,Vp,"to fracture, break a bone",gãy xương,"หัก, หักกระดูก",အရိုးကျိုးဖို့၊,骨折する、骨を折る,"골절하다, 뼈를 부러뜨리다","fracturarse, romperse un hueso","patah, patah tulang",3
10-1,11,片子,piànzi,N,(X-ray) film,phim (X-quang),(เอ็กซเรย์)ฟิล์ม,(ဓာတ်မှန်) ရုပ်ရှင်,(X線)フィルム,(엑스레이) 필름,película (de rayos X),(sinar-X),3
10-1,12,開刀,kāidāo,V-sep,to have surgery,phẫu thuật,ที่จะได้รับการผ่าตัด,ခွဲစိတ်ဖို့,手術を受ける,수술을 받다,tener cirugía,menjalani operasi,3
10-1,13,病人,bìngrén,N,patient,bệnh nhân,อดทน,လူနာ,忍耐強い,인내심 있는,paciente,sabar,3
10-1,14,情況,qíngkuàng,N,situation,"tình hình, tình trạng",สถานการณ์ (sathanakan) / สภาพ (saphap),အခြေအနေ (a chay a nay),状況 (jōkyō) / 事情 (jijō),상황 (sanghwang) / 형편 (hyeongpyeon),situación,situasi,3
10-1,15,緊急,jǐnjí,Vs,urgent,khẩn cấp,ด่วน,အရေးတကြီး,緊急,긴급한,urgente,mendesak,3
10-1,16,病床,bìngchuáng,N,hospital bed,giường bệnh,เตียงในโรงพยาบาล,ဆေးရုံကုတင်,病院のベッド,병원 침대,cama de hospital,tempat tidur rumah sakit,3
10-1,17,要命,yàomìng,Vs,"murderous, horrible","chết người, khủng khiếp",ฆาตกรรมน่ากลัว,လူသတ်၊ ကြောက်စရာ,殺人的な、恐ろしい,"살인적인, 끔찍한","asesino, horrible","mematikan, mengerikan",3
10-1,18,打針,dǎzhēn,V-sep,"to inject, give a shot","tiêm, chích",ฉีดให้ฉีด,ထိုးရန်၊ ထိုးရန်,注射する、注射する,"주사하다, 주사를 놓다","inyectar, dar una inyección","menyuntik, berikan suntikan",3
10-1,19,止痛,zhǐtòng,Vi,to kill pain (lit. stop pain),giảm đau,เพื่อฆ่าความเจ็บปวด (แท้จริงแล้ว หยุดความเจ็บปวด),နာကျင်မှုကိုသတ်ရန် (စာသားအရ၊ နာကျင်မှုကိုရပ်တန့်ရန်),痛みを殺す（文字通り、痛みを止める）,"고통을 없애다 (말 그대로, 고통을 멈추다)","matar el dolor (literalmente, detener el dolor)","membunuh rasa sakit (secara harfiah, menghentikan rasa sakit)",3
10-1,20,手術,shǒushù,N,"operation, surgery",ca phẫu thuật,การผ่าตัดการผ่าตัด,ခွဲစိတ်မှု၊ ခွဲစိတ်မှု,手術、手術,"수술, 수술","operación, cirugía","operasi, pembedahan",3
10-1,21,警察,jǐngchá,N,police,cảnh sát,ตำรวจ,ရဲ,警察,경찰,policía,POLISI,3
10-1,22,危險,wéixiǎn,N,danger,sự nguy hiểm,อันตราย,အန္တရာယ်,危険,위험,peligro,bahaya,3
10-1,23,至於,zhìyú,Ptc,"as to, regarding",còn về,"เกี่ยวกับ, เกี่ยวกับ",ပတ်သက်,に関して、に関して,~에 관하여,"en cuanto a, respecto a","mengenai, mengenai",3
10-1,24,部位,bùwèi,N,"(body) part, location",bộ phận (cơ thể),"(ร่างกาย) ส่วน, ตำแหน่ง",(ခန္ဓာ) အစိတ်အပိုင်း၊တည်နေရာ,（体の）部位、場所,"(본체) 부분, 위치","(cuerpo) parte, ubicación","bagian (tubuh), lokasi",3
10-1,25,恢復,huīfù,Vp,to recover,hồi phục,ที่จะฟื้นตัว,ပြန်လည်ရယူရန်,回復する,회복하다,recuperarse,pulih,3
10-1,26,傷口,shāngkǒu,N,wound,vết thương,แผล,အနာ,傷,상처,herida,luka,3
10-1,27,哎呀,āiya,Ptc,"interjection for realization of something important, oh no, yikes","Ôi trời! (thán từ biểu thị sự giật mình, lo lắng)",คำอุทานเพื่อให้ตระหนักถึงบางสิ่งที่สำคัญ โอ้ ไม่ ใช่เลย,အရေးကြီးတဲ့ အရာတစ်ခုကို အကောင်အထည်ဖော်ဖို့ ကြားဝင်စကား၊ အိုးမဟုတ်၊ ရယ်ပါ။,何か重要なことを実現するための介入、ああ、いや、そうだね,"뭔가 중요한 것을 실현하기 위한 감탄사, 오 안돼, 윽","interjección para darse cuenta de algo importante, oh no, ¡ay!","kata seru untuk merealisasikan sesuatu yang penting, oh tidak, astaga",3
10-1,28,出車禍,chū chēhuò,,to have an automobile accident,gặp tai nạn xe,ที่จะประสบอุบัติเหตุทางรถยนต์,မော်တော်ဆိုင်ကယ် မတော်တဆမှု ဖြစ်ပါစေ။,自動車事故に遭う,자동차 사고를 당하다,tener un accidente automovilístico,mengalami kecelakaan mobil,3
10-1,29,趕時間,gǎn shíjiān,,to be in a hurry,"vội, gấp rút",ต้องรีบร้อน,အလျင်စလိုဖြစ်မည်။,急いでいる,서두르다,tener prisa,terburu-buru,3
10-1,30,撞倒,zhuàng dǎo,,"to knock down, knock over","đâm ngã, húc đổ","ล้มลง, ล้มลง",ခေါက်ရန်၊ ခေါက်ရန်,倒す、倒す,"쓰러뜨리다, 쓰러뜨리다","derribar, derribar","merobohkan, menjatuhkan",3
10-1,31,救護車,jiùhù chē,,ambulance,xe cứu thương,รถพยาบาล,လူနာတင်ယာဉ်,救急車,구급차,ambulancia,ambulans,3
10-1,32,照X光,zhào X guāng,,to take an X-ray,chụp X-quang,เพื่อทำการเอ็กซเรย์,ဓာတ်မှန်ရိုက်ရန်,X線写真を撮るために,엑스레이를 찍으러,tomar una radiografía,melakukan rontgen,3
10-1,33,動手術,dòng shǒushù,,to have/undergo a surgery,trải qua phẫu thuật,มี / เข้ารับการผ่าตัด,ခွဲစိတ်မှု/ခံယူရန်,手術を受ける/手術を受ける,수술을 받다/받다,tener/someterse a una cirugía,menjalani/menjalani operasi,3
10-2,1,醫美,yīměi,N,cosmetic surgery,thẩm mỹ (y học),ศัลยกรรมความงาม,အလှပြင်ခွဲစိတ်မှု,美容整形,성형외과,cirugia estetica,bedah kosmetik,3
10-2,2,合理,hélǐ,Vs,reasonable,hợp lý,มีเหตุผล,ကျိုးကြောင်းဆီလျော်သော,合理的,합리적인,razonable,wajar,3
10-2,3,休假,xiūjià,V-sep,to take time off,nghỉ phép,เพื่อใช้เวลาว่าง,အားလပ်ချိန်ယူရန်,休暇を取る,시간을 내다,tomarse un tiempo libre,mengambil cuti,3
10-2,4,迷人,mírén,Vs,"charming, attractive","quyến rũ, hấp dẫn",มีเสน่ห์น่าดึงดูด,ဆွဲဆောင်မှုရှိသော၊ ဆွဲဆောင်မှုရှိသော,魅力的な、魅力的な,"매력적인, 매력적인","encantador, atractivo","menawan, menarik",3
10-2,5,職場,zhíchǎng,N,workplace,nơi làm việc,ที่ทำงาน,အလုပ်ခွင်,職場,직장,lugar de trabajo,tempat kerja,3
10-2,6,競爭力,jìngzhēng lì,N,competitive edge,sức cạnh tranh,ความได้เปรียบในการแข่งขัน,ယှဉ်ပြိုင်မှုအစွန်း,競争力,경쟁 우위,ventaja competitiva,keunggulan kompetitif,3
10-2,7,調查,diàochá,N,"survey, investigation","cuộc khảo sát, điều tra",การสำรวจการสอบสวน,စစ်တမ်း၊ စုံစမ်းစစ်ဆေးမှု,調査、調査,"조사, 조사","encuesta, investigación","survei, investigasi",3
10-2,8,整型,zhěngxíng,V-sep,plastic surgery,phẫu thuật thẩm mỹ,การทำศัลยกรรมพลาสติก,ပလပ်စတစ်ဆာဂျရီ,形成外科,성형수술,cirugía plástica,operasi plastik,3
10-2,9,增加,zēngjiā,V,to increase,tăng lên,เพื่อเพิ่ม,တိုးဖို့,増やす,증가하다,aumentar,meningkat,3
10-2,10,自信,zìxìn,N,self-confidence,sự tự tin,ความมั่นใจในตนเอง,ကိုယ့်ကိုယ်ကိုယုံကြည်မှု,自信,자신감,confianza en sí mismo,kepercayaan diri,3
10-2,11,外表,wàibiǎo,N,"appearance, exterior",vẻ bề ngoài,ลักษณะภายนอก,အသွင်အပြင်၊ အပြင်ပိုင်း,外観、外装,"외관, 외관","apariencia, exterior","penampilan, eksterior",3
10-2,12,普通,pǔtōng,Vs,"common, ordinary","bình thường, phổ thông",ธรรมดาสามัญ,သာမန်၊ သာမာန်,普通の、普通の,"일반적인, 평범한","común, ordinario","biasa, biasa saja",3
10-2,13,從事,cóngshì,V,"to be engaged in, work in (a field of work)","tham gia vào, làm việc trong (lĩnh vực)","ที่จะมีส่วนร่วมใน, ทำงานใน (สาขาการทำงาน)",စေ့စပ်ရန်၊ အလုပ် (အလုပ်နယ်ပယ်)၊,（仕事の分野で）従事する、働く,"~에 종사하다, ~에 종사하다 (일 분야)","dedicarse a, trabajar en (un campo de trabajo)","dilibatkan, bekerja di (bidang pekerjaan)",3
10-2,14,醫治,yīzhì,V,"to heal, cure",chữa trị,เพื่อรักษารักษา,ကုသရန်၊ ကုသရန်,治す、治す,"치유하다, 치료하다","sanar, curar","menyembuhkan, menyembuhkan",3
10-2,15,一向,yíxiàng,Adv,have always,luôn luôn,มีเสมอ,အမြဲရှိသည်။,いつも持っている,항상 그랬다,siempre he,selalu,3
10-2,16,一般,yìbān,Vs-attr,"general, most","chung, phổ biến",ทั่วไปส่วนใหญ่,ယေဘုယျအားဖြင့်၊ အများဆုံး,一般的な、ほとんどの,"일반적으로, 대부분","generales, la mayoría","umum, sebagian besar",3
10-2,17,主要,zhǔyào,Vs-attr,"primary, main","chủ yếu, chính",หลักหลัก,မူလတန်း၊ အဓိက,プライマリ、メイン,"기본, 메인","primario, principal","utama, utama",3
10-2,18,待遇,dàiyù,N,pay,"đãi ngộ, lương bổng",เงินเดือน (ngoen duean),လစာ (la za),給料 (kyūryō) / サラリー (sararī),월급 (wolgeup) / 급여 (geubyeo),pagar,membayar,3
10-2,19,公立,gōnglì,Vs-attr,public; government-run,công lập (do chính phủ điều hành),สาธารณะ; ดำเนินการโดยรัฐบาล,အများသူငှာ၊ အစိုးရအုပ်ချုပ်သည်။,公共;政府運営,공공의; 정부가 운영하는,público; administrado por el gobierno,publik; dijalankan oleh pemerintah,3
10-2,20,外科,wàikē,N,department of surgery,"khoa phẫu thuật, ngoại khoa",แผนกศัลยกรรม,ခွဲစိတ်ဌာန,外科,외과,departamento de cirugia,departemen bedah,3
10-2,21,超過,chāoguò,Vpt,to exceed,vượt quá,ที่จะเกิน,ကျော်လွန်ရန်,超える,초과하다,exceder,melebihi,3
10-2,22,倍,bèi,M,"times, -fold ",lần (gấp bao nhiêu lần),ครั้ง -พับ,ကြိမ်၊-ခေါက်,倍、-倍,"배, -배","veces, -doblar","kali, -lipat",3
10-2,23,另,lìng,Det,"another, additional",khác,อีกอย่างเพิ่มเติม,နောက်တစ်ခု၊ ထပ်လောင်း,別の、追加の,"또 다른, 추가","otro, adicional","yang lain, tambahan",3
10-2,24,價值觀,jiàzhíguān,N,values,quan điểm giá trị,ค่านิยม,တန်ဖိုးများ,価値観,가치,valores,nilai-nilai,3
10-2,25,尊敬,zūnjìng,Vst,"to respect, respectful of",tôn trọng,"เคารพ, เคารพของ",လေးစားဖို့၊ လေးစားဖို့,尊敬する、尊重する,"존경하다, 존경하다","respetar, respetuoso de","menghormati, menghormati",3
10-2,26,告,gào,V,"to sue, bring suit against","kiện, khởi kiện","ที่จะฟ้อง, ฟ้องร้อง",တရားစွဲရန်၊ တရားစွဲရန်,訴訟を起こす、訴訟を起こす,"고소하다, 소송을 제기하다","demandar, presentar una demanda contra","menuntut, mengajukan gugatan",3
10-2,27,平均,píngjūn,Adv,average,trung bình,เฉลี่ย,ပျမ်းမျှ,平均,평균,promedio,rata-rata,3
10-2,28,醫療,yīliáo,N,"medical treatment, health care","sự chữa trị, chăm sóc y tế",การรักษาพยาบาลการดูแลสุขภาพ,ဆေးဝါးကုသမှု၊ ကျန်းမာရေးစောင့်ရှောက်မှု,医療、ヘルスケア,"의료, 건강관리","tratamiento médico, atención médica","perawatan medis, perawatan kesehatan",3
10-2,29,怪,guài,V,to blame,"trách, đổ lỗi",ที่จะตำหนิ,အပြစ်တင်ရန်,責める,비난하다,culpar,disalahkan,3
10-2,30,愛林,àilín,,female person's name,Ái Lâm (tên người),ชื่อบุคคลหญิง,အမျိုးသမီးအမည်,女性の人の名前,여자 사람 이름,nombre de la persona femenina,nama orang perempuan,3
10-2,31,微整型,wéi zhěngxíng,,"micro-cosmetic surgery, plastic surgery, face contouring",phẫu thuật thẩm mỹ nhẹ (tạo đường nét khuôn mặt),"ศัลยกรรมความงามขนาดเล็ก, การทำศัลยกรรมพลาสติก, ปรับรูปหน้า",micro-cosmetic surgery၊ ပလပ်စတစ်ဆာဂျရီ၊ မျက်နှာကို ပြုပြင်ခြင်း။,マイクロ美容整形、形成外科、顔の輪郭形成,"미세미용수술, 성형외과, 안면윤곽술","cirugía microcosmética, cirugía plástica, contorno facial","bedah mikro-kosmetik, bedah plastik, pembentukan wajah",3
10-2,32,數一數二,shùyī shù’èr,,"one of the top or best in…, leading…",một trong những... hàng đầu,"หนึ่งในอันดับต้นๆ หรือดีที่สุดใน..., นำ...",ထိပ်တန်း သို့မဟုတ် အကောင်းဆုံးထဲမှ တစ်ခု...၊ ဦးဆောင်သည်...,…のトップまたは最高の一人、一流の…,"...에서 최고 또는 최고 중 하나, 선도하는...","uno de los mejores o mejores en…, líder…","salah satu yang teratas atau terbaik di…, memimpin…",3
10-2,33,人際關係,rénjì guānxì,,interpersonal relations,mối quan hệ giữa người với người,ความสัมพันธ์ระหว่างบุคคล,လူအချင်းချင်းဆက်ဆံရေး,人間関係,대인관계,relaciones interpersonales,hubungan antarpribadi,3
10-2,34,動不動就,dòng bú dòng jiù,,to do something impetuously,"cứ động một tí là..., hay...",ทำอะไรอย่างเร่งรีบ,တစ်ခုခုကို စိတ်လိုက်မာန်ပါလုပ်ပါ။,衝動的に何かをすること,성급하게 뭔가를 하려고,hacer algo impetuosamente,melakukan sesuatu dengan terburu-buru,3
10-2,35,找回,zhǎo huí,,"to rediscover, to retrieve","tìm lại, lấy lại",เพื่อค้นพบอีกครั้งเพื่อเรียกคืน,ပြန်လည်ရှာဖွေရန်၊ ပြန်လည်ရယူရန်,再発見する、取り戻す,"재발견하다, 회수하다","redescubrir, recuperar","menemukan kembali, mengambil",3
11-1,1,建,jiàn,V,to build (Classical Chinese),xây dựng (văn ngôn),การสร้าง (ภาษาจีนคลาสสิก),တည်ဆောက်ရန် (Classical Chinese),建てる (古典中国語),짓다 (중국어 고전),construir (chino clásico),membangun (Cina Klasik),3
11-1,2,重建,chóngjiàn,V,to rebuild,xây dựng lại,เพื่อสร้างใหม่,ပြန်လည်တည်ဆောက်ရန်,再構築する,재건하다,reconstruir,membangun kembali,3
11-1,3,到底,dàodǐ,Adv,"in the end, after all","rốt cuộc, rốt cục",ท้ายที่สุดแล้ว,အဆုံးတွင်၊,結局のところ、結局のところ,"결국, 결국","al final, después de todo",pada akhirnya,3
11-1,4,世紀,shìjì,N,century ,thế kỷ,ศตวรรษ,ရာစု,世紀,세기,siglo,abad,3
11-1,5,貿易,màoyì,N,trade,thương mại,ซื้อขาย,ကုန်သွယ်မှု,貿易,거래,comercio,berdagang,3
11-1,6,商業,shāngyè,N,"commerce, business","thương nghiệp, kinh doanh",การพาณิชย์ธุรกิจ,ကူးသန်းရောင်းဝယ်ရေး၊ စီးပွားရေး,商業、ビジネス,"상업, 사업","comercio, negocios","perdagangan, bisnis",3
11-1,7,利益,lìyì,N,"gains, benefit",lợi ích,"กำไร, ผลประโยชน์",အမြတ်၊ အကျိုး,利益、利益,"이익, 이익","ganancias, beneficio","keuntungan, manfaat",3
11-1,8,派,pài,V,"to send, dispatch","cử, phái",เพื่อส่งจัดส่ง,ပေးပို့ရန်၊ ပေးပို့ရန်,送る、発送する,"보내다, 파견하다","enviar, despachar","mengirim, mengirim",3
11-1,9,軍隊,jūnduì,N,"army, military",quân đội,กองทัพทหาร,စစ်တပ်၊ စစ်တပ်,軍隊、軍隊,"군대, 군대","ejército, militar","tentara, militer",3
11-1,10,燒,shāo,V,to burn,đốt cháy,ที่จะเผาไหม้,မီးရှို့ရန်,燃やす,태우다,quemar,membakar,3
11-1,11,城牆,chéngqiáng,N,"city walls, defensive walls",tường thành,กำแพงเมือง กำแพงป้องกัน,မြို့ရိုး၊ ခံတပ်မြို့ရိုး,城壁、防御壁,"성벽, 방어벽","murallas de la ciudad, murallas defensivas","tembok kota, tembok pertahanan",3
11-1,12,頭髮,tóufǎ,N,hair,tóc,ผม,ဆံပင်,髪,머리카락,cabello,rambut,3
11-1,13,甚至,shènzhì,Adv,"even, even to the point of",thậm chí,แม้กระทั่งถึงจุดนั้นก็ตาม,ပင်တိုင်၊,さえ、その点まで,"심지어, 심지어는","Incluso, incluso hasta el punto de","bahkan, bahkan sampai pada titik",3
11-1,14,打仗,dǎzhàng,V-sep,to engage in warfare,"đánh nhau, giao chiến",เพื่อทำสงคราม,စစ်ပွဲတွင်ပါဝင်ရန်,戦争に参加する,전쟁에 참여하다,participar en la guerra,terlibat dalam peperangan,3
11-1,15,少數,shǎoshù,N,"minority, a few","thiểu số, số ít",ชนกลุ่มน้อยบางส่วน,လူနည်းစု၊ အနည်းငယ်,少数派、少数の,"소수, 소수","minoría, unos pocos","minoritas, beberapa",3
11-1,16,開墾,kāikěn,V,to open up land for farming,khai khẩn (đất đai),เพื่อเปิดพื้นที่ทำการเกษตร,လယ်ယာမြေဖွင့်ဖို့,農業のために土地を開拓する,농사를 지을 땅을 개척하다,abrir tierras para la agricultura,membuka lahan untuk bertani,3
11-1,17,將軍,jiāngjūn,N,general,tướng quân,ทั่วไป,အထွေထွေ,一般的な,일반적인,general,umum,3
11-1,18,軍人,jūnrén,N,military service member,quân nhân,สมาชิกรับราชการทหาร,စစ်မှုထမ်းအဖွဲ့ဝင်,兵役員,군 복무자,miembro del servicio militar,anggota dinas militer,3
11-1,19,平原,píngyuán,N,"flatland, plains",đồng bằng,ที่ราบราบ,မြေပြန့်၊ လွင်ပြင်,平地、平野,"평지, 평원","llanura, llanuras","dataran datar, dataran",3
11-1,20,人口,rénkǒu,N,population ,dân số,ประชากร,လူဦးရေ,人口,인구,población,populasi,3
11-1,21,血統,xiětǒng,N,"blood, bloodline","dòng máu, huyết thống","เลือด, สายเลือด",သွေး၊ သွေး,血、血筋,"피, 혈통","sangre, linaje","darah, garis keturunan",3
11-1,22,嘍,lou,Ptc,a sentence-final particle meaning ‘in that case’,"nha (trợ từ cuối câu, ý ""vậy thì..."")",อนุภาคประโยคสุดท้ายหมายถึง 'ในกรณีนี้',ဝါကျ-နောက်ဆုံးအမှုန် 'ထိုကိစ္စတွင်' အဓိပ္ပာယ်၊,「その場合には」を意味する文末助詞,'그 경우'를 의미하는 문장 끝 입자,"una partícula final de oración que significa ""en ese caso""",partikel akhir kalimat yang berarti 'dalam hal itu',3
11-1,23,孫子,sūnzi,N,grandson,cháu trai,หลานชาย,မြေး,孫,손자,nieto,cucu,3
11-1,24,領土,lǐngtǔ,N,territory (of a nation),lãnh thổ,อาณาเขต (ของชาติ),နယ်မြေ (လူမျိုး)၊,（国家の）領土,(국가의) 영토,territorio (de una nación),wilayah (suatu negara),3
11-1,25,男性,nánxìng,N,male,nam giới,ชาย,အထီး,男,남성,masculino,pria,3
11-1,26,禁止,jìnzhǐ,V,to forbid,cấm,เพื่อห้าม,တားမြစ်ရန်,禁止する,금지하다,prohibir,melarang,3
11-1,27,娶,qǔ,V,to take a woman in marriage,cưới (vợ),ที่จะรับผู้หญิงคนหนึ่งมาเป็นสามีภรรยา,မိန်းမယူဖို့၊,女性を結婚相手に迎える,여자와 결혼하다,tomar una mujer en matrimonio,menikahi seorang wanita,3
11-1,28,相信,xiāngxìn,Vst,to believe,tin tưởng,ที่จะเชื่อ,ယုံကြည်ရန်,信じること,믿다,creer,percaya,3
11-1,29,精彩,jīngcǎi,Vs,"splendid, brilliant as (of a performance)","tuyệt vời, xuất sắc (về màn trình diễn)","งดงาม, สุกใสเหมือน (ของการแสดง)",ခမ်းနားသော၊ ထက်မြက်သော (စွမ်းဆောင်ရည်တစ်ခု),（パフォーマンスとして）素晴らしい、素晴らしい,"(연주처럼) 훌륭하다, 훌륭하다","espléndido, brillante como (de una actuación)","indah, cemerlang seperti (pertunjukan)",3
11-1,30,紅毛城,Hóngmáo chéng,,"Fort Santo Domingo, lit. red-hair city",Thành Hồng Mao (Fort Santo Domingo),ป้อมซานโตโดมิงโก แปลว่าเมืองผมแดง,Fort Santo Domingo၊ စာသားအရ ဆံပင်နီသောမြို့,フォート・サント・ドミンゴ、文字通り赤毛の街,"포트 산토 도밍고(Fort Santo Domingo), 말 그대로 빨간 머리의 도시","Fuerte Santo Domingo, literalmente, ciudad pelirroja","Fort Santo Domingo, secara harafiah berarti kota berambut merah",3
11-1,31,東方,Dōngfāng,,"the East, the Orient",phương Đông,"ตะวันออก, ตะวันออก",အရှေ့၊ အရှေ့,東洋、東洋,"동양, 동양","el este, el oriente","Timur, Timur",3
11-1,32,淡水,Dànshuǐ,,Tamsui,Đạm Thủy (Tamsui),ตั้นสุ่ย,Tamsui,淡水,단수이,Tamsui,Tamsui,3
11-1,33,漢人,Hàn rén,,Han-ethnic Chinese,người Hán,เชื้อสายจีนฮั่น,ဟန်-တရုတ်,漢民族の中国人,한족 중국인,Chinos de etnia han,Tionghoa etnis Han,3
11-1,34,鄭成功,Zhèng Chénggōng,,"Koxinga, 國姓爺, 1624-1662, who ruled Taiwan against the Manchu sovereignty",Trịnh Thành Công (Koxinga),โคซิงกา 國姓爺 ค.ศ. 1624-1662 ผู้ปกครองไต้หวันต่อต้านอำนาจอธิปไตยแมนจู,မန်ချူ အချုပ်အခြာအာဏာကို ဆန့်ကျင်သည့် ထိုင်ဝမ်ကို အုပ်ချုပ်ခဲ့သော ကိုးစင်ဂါ၊ ၁၆၂၄-၁၆၆၂၊,國姓爺、鄭成功、1624～1662年、満州族の主権に対抗して台湾を統治した,만주족의 통치에 맞서 대만을 통치한 國姓爺(1624~1662),"Koxinga, 國姓爺, 1624-1662, quien gobernó Taiwán contra la soberanía manchú","Koxinga, 國姓爺, 1624-1662, yang memerintah Taiwan melawan kedaulatan Manchu",3
11-1,35,明朝,Míng cháo,,"Ming Dynasty, 1368-1644",nhà Minh,ราชวงศ์หมิง ค.ศ. 1368-1644,မင်မင်းဆက်၊ ၁၃၆၈-၁၆၄၄,明王朝、1368 ～ 1644 年,"명나라, 1368-1644","Dinastía Ming, 1368-1644","Dinasti Ming, 1368-1644",3
11-1,36,中南美洲,Zhōngnán Měizhōu,,Central and South America ,Trung và Nam Mỹ,อเมริกากลางและอเมริกาใต้,အလယ်ပိုင်းနှင့် တောင်အမေရိက,中南米,중남미,Centro y Sudamérica,Amerika Tengah dan Selatan,3
11-1,37,清朝,Qīng cháo,,"Qing Dynasty, 1644-1911",nhà Thanh,ราชวงศ์ชิง ค.ศ. 1644-1911,Qing မင်းဆက်၊ 1644-1911,清朝、1644 ～ 1911 年,"청나라, 1644-1911","Dinastía Qing, 1644-1911","Dinasti Qing, 1644-1911",3
11-1,38,大清帝國,Dàqīng dìguó,,the Qing Empire,Đế quốc Đại Thanh,จักรวรรดิชิง,Qing အင်ပါယာ,清帝国,청 제국,el imperio qing,Kekaisaran Qing,3
11-1,39,輪到,lúndào,,"one's turn, it's up to ",đến lượt,ถึงคราวก็ขึ้นอยู่กับ,တစ်လှည့်၊,次は自分の番です、それはあなた次第です,자기 차례야.,a uno le toca,"giliran, terserah",3
11-1,40,十七世紀初,shíqī shìjì chū,,early 17th century,đầu thế kỷ 17,ต้นศตวรรษที่ 17,17 ရာစုအစောပိုင်း,17世紀初頭,17세기 초,principios del siglo XVII,awal abad ke-17,3
11-1,41,打敗,dǎ bài,,to defeat,đánh bại,ที่จะเอาชนะ,ရှုံးနိမ့်ရန်,倒す,패배하다,derrotar,mengalahkan,3
11-1,42,十七世紀末,shíqī shìjì mò,,late 17th century,cuối thế kỷ 17,ปลายศตวรรษที่ 17,17 ရာစုနှောင်းပိုင်း,17世紀後半,17세기 후반,finales del siglo 17,akhir abad ke-17,3
11-2,1,餐桌,cānzhuō,N,dining table,bàn ăn,โต๊ะรับประทานอาหาร,ထမင်းစားပွဲ,ダイニングテーブル,식탁,mesa de comedor,meja makan,3
11-2,2,中式,Zhōngshì,N,Chinese-style,kiểu Trung Quốc,สไตล์จีน,တရုတ်စတိုင်,中華風,중국풍,estilo chino,gaya Cina,3
11-2,3,套,tào,M,"set of (books, clothes, equipment etc)","bộ (sách, quần áo...)",ชุด (หนังสือ เสื้อผ้า อุปกรณ์ ฯลฯ),အစုံ (စာအုပ်၊ အဝတ်အစား၊ ပစ္စည်းစသည်),（本、服、装備など）のセット,"(책, 옷, 장비 등) 세트","conjunto de (libros, ropa, equipo, etc.)","set (buku, pakaian, peralatan dll)",3
11-2,4,燒餅,shāobǐng,N,"clay oven sesame seed biscuits, like Indian ‘nan’",bánh thiêu (bánh mè kẹp),บิสกิตเมล็ดงาเตาอบดินเผา เช่น 'น่าน' ของอินเดีย,အိန္ဒိယ 'nan' ကဲ့သို့ မြေစေးမီးဖို နှမ်းစေ့ဘီစကွတ်၊,インドの「ナン」のような粘土オーブンで作るゴマシードビスケット,인도식 '난'과 같은 점토 오븐 참깨 비스킷,"galletas de sésamo al horno de barro, como las indias “nan”","biskuit biji wijen oven tanah liat, seperti 'nan' India",3
11-2,5,油條,yóutiáo,N,deep-fried dough sticks,quẩy (dầu cháo quẩy),แท่งแป้งทอด,မုန့်စိမ်းချောင်းများ,揚げ生地スティック,튀김 반죽 스틱,palitos de masa fritos,stik adonan goreng,3
11-2,6,飯糰,fàntuán,N,rice rolls with various fillings,cơm nắm,ข้าวม้วนไส้ต่างๆ,အမျိုးမျိုးသောအဆာများနှင့်အတူထမင်းလိပ်,いろいろな具材が入ったライスロール,다양한 충전재를 넣은 라이스 롤,rollitos de arroz con varios rellenos,nasi gulung dengan berbagai isian,3
11-2,7,豆漿,dòujiāng,N,soy milk ,sữa đậu nành,นมถั่วเหลือง,ပဲနို့,豆乳,두유,leche de soja,susu kedelai,3
11-2,8,內戰,nèizhàn,N,civil war,nội chiến,สงครามกลางเมือง,ပြည်တွင်းစစ်,内戦,남북 전쟁,guerra civil,perang saudara,3
11-2,9,人民,rénmín,N,the people,nhân dân,ผู้คน,လူတွေ,人々,사람들,pueblo,orang-orang,3
11-2,10,攤子,tānzi,N,"roadside stand, vendor's stall","sạp hàng, quầy hàng",แผงลอยริมถนน แผงขายของ,လမ်းဘေးဆိုင်၊ ဈေးရောင်းဆိုင်,沿道のスタンド、露店,"길가의 노점, 노점상","puesto de carretera, puesto de vendedor","stand pinggir jalan, kios penjual",3
11-2,11,菜單,càidān,N,menu,thực đơn,เมนู,မီနူး,メニュー,메뉴,menú,menu,3
11-2,12,蘿蔔,luóbo,N,daikon radish ,củ cải trắng,หัวไชเท้า daikon,daikon မုန်လာဥ,大根,무,rábano daikon,lobak daikon,3
11-2,13,接著,jiēzhe,Adv,"to continue, to pick up where something left off","tiếp theo, sau đó",เพื่อดำเนินการต่อเพื่อรับสิ่งที่เหลือไว้,ဆက်ရန်၊ တစ်ခုခုကျန်ခဲ့သည့်နေရာကို ကောက်ယူရန်,続ける、中断したところから再開する,"계속하다, 중단된 부분부터 다시 시작하다","continuar, retomar donde algo se quedó","melanjutkan, melanjutkan sesuatu yang tersisa",3
11-2,14,戰爭,zhànzhēng,N,war,chiến tranh,สงคราม,စစ်ပွဲ,戦争,전쟁,guerra,perang,3
11-2,15,不斷,búduàn,Vs,"continual, incessant","liên tục, không ngừng",ต่อเนื่องไม่หยุดหย่อน,အဆက်မပြတ်၊ အဆက်မပြတ်,継続的な、絶え間ない,"지속적인, 끊임없는","continuo, incesante","terus menerus, tiada henti",3
11-2,16,遷移,qiānyí,Vi,to migrate,"di chuyển, di cư",เพื่อโยกย้าย,ရွှေ့ပြောင်းရန်,移行する,이주하다,migrar,bermigrasi,3
11-2,17,多半,duōbàn,Adv,"mostly, in the majority of cases","phần lớn, đa số",ส่วนใหญ่ในกรณีส่วนใหญ่,အများအားဖြင့်၊ ကိစ္စအများစုတွင်,ほとんどの場合、ほとんどの場合,"대부분, 대부분의 경우","principalmente, en la mayoría de los casos","sebagian besar, dalam sebagian besar kasus",3
11-2,18,困難,kùnnán,Vs,difficult,khó khăn,ยาก,ခက်တယ်။,難しい,어려운,difícil,sulit,3
11-2,19,節儉,jiéjiǎn,Vs,frugal,"tiết kiệm, tằn tiện",ประหยัด,ချွေတာသည်။,質素な,검소한,frugal,hemat,3
11-2,20,主婦,zhǔfù,N,housewife,bà nội trợ,แม่บ้าน,အိမ်ရှင်မ,主婦,주부,ama de casa,ibu rumah tangga,3
11-2,21,煎,jiān,V,to pan fry,"rán, chiên",เพื่อทอด,ဒယ်အိုးကြော်ရန်,フライパンで揚げる,프라이팬에 튀기다,freír,menggoreng,3
11-2,22,菜色,càisè,N,variety of dishes,"món ăn, các món",อาหารหลากหลาย,ဟင်းမျိုးစုံ,さまざまな料理,다양한 요리,variedad de platos,berbagai hidangan,3
11-2,23,以及,yǐjí,Conj,"and, as well as","và, cũng như",และ (lae),နှင့် (nin),および、ならびに,그리고 / ~와/과 (geurigo / wa/gwa),"y, así como","dan, serta",3
11-2,24,美味,měiwèi,Vs,delicious,ngon miệng,อร่อย (a roi),စားကောင်း (sar kaung),美味しい (oishii),맛있다 (masitda),delicioso,lezat,3
11-2,25,點心,diǎnxīn,N,desserts,"món tráng miệng, điểm tâm",ของหวาน,အချိုပွဲ,デザート,디저트,postres,makanan penutup,3
11-2,26,日式,Rìshì,N,Japanese-style,kiểu Nhật,สไตล์ญี่ปุ่น,ဂျပန်စတိုင်,和風,일본식,estilo japonés,gaya Jepang,3
11-2,27,飲食,yǐnshí,N,"food, diet","ẩm thực, đồ ăn thức uống","อาหาร, อาหาร",အစားအသောက်၊ အစားအသောက်,食べ物、ダイエット,"음식, 다이어트","comida, dieta","makanan, pola makan",3
11-2,28,深,shēn,Vs,deep,sâu sắc,ลึก,နက်နဲသော,深い,깊은,profundo,dalam,3
11-2,29,蔣介石,Jiǎng Jièshí,,"Chiang Kai-Shek, 1887-1975",Tưởng Giới Thạch,"เจียงไคเชก, พ.ศ. 2430-2518",ချန်ကေရှိတ်၊ ၁၈၈၇-၁၉၇၅,蒋介石、1887-1975,"장개석, 1887-1975","Chiang Kai-Shek, 1887-1975","Chiang Kai-Shek, 1887-1975",3
11-2,30,國共內戰,Guó Gòng nèizhàn,,"the Chinese Civil War (i.e., between the Kuomintang and the Communists), 1927-1937, 1945-1950",Nội chiến Quốc - Cộng,"สงครามกลางเมืองจีน (เช่น ระหว่างก๊กมินตั๋งกับคอมมิวนิสต์), พ.ศ. 2470-2480, พ.ศ. 2488-2493",တရုတ်ပြည်တွင်းစစ် (ဆိုလိုသည်မှာ ကူမင်တန်နှင့် ကွန်မြူနစ်များကြား)၊ 1927-1937၊ 1945-1950၊,中国国共内戦（国民党と共産党の間）、1927～1937年、1945～1950年,"중국 내전(즉, 국민당과 공산당 사이), 1927-1937, 1945-1950","la Guerra Civil China (es decir, entre el Kuomintang y los comunistas), 1927-1937, 1945-1950","Perang Saudara Tiongkok (antara Kuomintang dan Komunis), 1927-1937, 1945-1950",3
11-2,31,客家人,Kèjiā rén,,"the Hakka people, a branch of Han",người Khách Gia (Hakka),ชาวฮากกาซึ่งเป็นสาขาหนึ่งของราชวงศ์ฮั่น,Hakka လူမျိုး၊ ဟန်ကိုင်း၊,漢族の一支族である客家族,한족의 한 갈래인 하카족,"el pueblo Hakka, una rama de los Han","orang Hakka, cabang dari Han",3
11-2,32,閩南人,Mǐnnán rén,,"the Southern Min people, also called Hokkien",người Mân Nam,ชาวหมิ่นใต้เรียกฮกเกี้ยน,တောင်ပိုင်းမင်းလူမျိုးများကို ဟော့ကင်းဟုလည်း ခေါ်သည်။,閩南民族、福建とも呼ばれる,Hokkien이라고도 불리는 남부 민족,"el pueblo Southern Min, también llamado Hokkien","orang Min Selatan, juga disebut Hokkien",3
11-2,33,蛋餅,dàn bǐng,,an egg wrap,bánh trứng,ห่อไข่,ကြက်ဥထုပ်,卵のラップ,계란 포장,una envoltura de huevo,bungkus telur,3
11-2,34,打輸,dǎ shū,,to be defeated,thua trận,ที่จะพ่ายแพ้,ရှုံးသည်,負ける,패배하다,ser derrotado,dikalahkan,3
11-2,35,擺攤子,bǎi tānzi,,to set up a vendor's stall,dựng sạp hàng,เพื่อตั้งแผงขายของ,စျေးရောင်းဆိုင် ထူထောင်ရန်,ベンダーの屋台を設置する,판매자의 부스를 설치하기 위해,montar un puesto de venta,mendirikan kios penjual,3
11-2,36,蘿蔔糕,luóbo gāo,,daikon cakes,bánh củ cải,เค้กไดคอน,daikon ကိတ်မုန့်,大根ケーキ,무 케이크,pasteles de daikon,kue daikon,3
11-2,37,烹飪課,pēngrèn kè,,cooking class,lớp học nấu ăn,ชั้นเรียนทำอาหาร,ဟင်းချက်သင်တန်း,料理教室,요리 교실,clase de cocina,kelas memasak,3
11-2,38,曬乾,shài gān,,to sun dry,phơi khô,ตากแดดให้แห้ง,နေလှန်းရန်,天日干しする,햇볕에 말리기,secar al sol,dijemur di bawah sinar matahari,3
11-2,39,各種各樣,gèzhǒng gèyàng,,various types,"đủ loại, đủ kiểu",ประเภทต่างๆ,အမျိုးအစားအမျိုးမျိုး,さまざまな種類,다양한 유형,varios tipos,berbagai jenis,3
11-2,40,殖民統治,zhímín tǒngzhì,,to colonise and rule,sự cai trị thuộc địa,เพื่อตั้งอาณานิคมและปกครอง,နယ်ချဲ့ အုပ်ချုပ်ရန်,植民地化して支配する,식민지화하고 통치하다,colonizar y gobernar,menjajah dan memerintah,3
11-2,41,味噌湯,wèizēng tāng,,miso soup (Japanese food),súp miso (món ăn Nhật Bản),มิโซะซุป(อาหารญี่ปุ่น),မီဆိုဟင်းရည် (ဂျပန်အစားအစာ),味噌汁（和食）,된장국(일본식),sopa de miso (comida japonesa),sup miso (makanan Jepang),3
11-2,42,蘿蔔乾,luóbo gān,,dried daikon,củ cải khô,หัวไชเท้าแห้ง,daikon အခြောက်,切り干し大根,말린 무,daikon seco,lobak kering,3
11-2,43,進一步,jìn yī bù,,further,thêm một bước nữa,ไกลออกไป,နောက်ထပ်,さらに遠く,더 나아가,más,lebih jauh,3
12-1,1,投票,tóupiào,V-sep,to vote,bỏ phiếu,ที่จะลงคะแนน,မဲပေးရန်,投票する,투표하다,votar,memilih,3
12-1,2,抱歉,bàoqiàn,Vs,"sorry, apologetic",xin lỗi,ขอโทษ ขอโทษ,တောင်းပန်ပါတယ် တောင်းပန်ပါတယ်။,ごめんなさい、申し訳ありません,"미안해, 미안해","lo siento, me disculpo","maaf, minta maaf",3
12-1,3,表妹,biǎomèi,N,younger female cousin,"em họ (con của anh chị em bố mẹ, nhỏ tuổi hơn mình)",ลูกพี่ลูกน้องผู้หญิงที่อายุน้อยกว่า,ညီမဝမ်းကွဲ အမျိုးသမီးငယ်,年下の女性のいとこ,젊은 여자 사촌,prima más joven,sepupu perempuan yang lebih muda,3
12-1,4,反核,fǎn hé,Vs-attr,anti-nuclear ,phản đối hạt nhân,ต่อต้านนิวเคลียร์,နျူကလီးယားဆန့်ကျင်ရေး,反原発,반핵,antinuclear,anti-nuklir,3
12-1,5,遊行,yóuxíng,N,"demonstration, rally","cuộc biểu tình, tuần hành",การสาธิตการชุมนุม,ဆန္ဒပြခြင်း၊ ဆန္ဒဖော်ထုတ်ခြင်း။,デモ、集会,"시위, 집회","manifestación, mitin","demonstrasi, rapat umum",3
12-1,6,政治,zhèngzhì,N,politics,chính trị,การเมือง,နိုင်ငံရေး,政治,정치,política,politik,3
12-1,7,熱衷,rèzhōng,Vst,"enthusiastic about, passionate about","say mê, nhiệt tình với","กระตือรือร้นเกี่ยวกับ, หลงใหลเกี่ยวกับ",စိတ်အားထက်သန်မှု၊ စိတ်အားထက်သန်မှု,～に熱中する、～に情熱を注ぐ,"열중하다, 열중하다","entusiasmado, apasionado por","antusias tentang, bersemangat tentang",3
12-1,8,前途,qiántú,N,"future, prospects","tương lai, triển vọng",อนาคตโอกาส,အနာဂတ်၊ အလားအလာ,将来、展望,"미래, 전망","futuro, perspectivas","masa depan, prospek",3
12-1,9,勸,quàn,V,"to persuade, to urge",khuyên nhủ,"ชักชวน, กระตุ้น",ဆွဲဆောင်ရန်၊ တိုက်တွန်းရန်,説得する、促す,"설득하다, 촉구하다","persuadir, instar","membujuk, mendesak",3
12-1,10,而已,éryǐ,Ptc,"only, merely",mà thôi (chỉ vậy thôi),แค่ (khae),မျှသာ (hmya thar),だけ (dake),"단지, 단지","sólo, simplemente",hanya saja,3
12-1,11,民主,mínzhǔ,Vs,democratic,dân chủ,ประชาธิปไตย,ဒီမိုကရေစီ,民主的な,민주적인,democrático,demokratis,3
12-1,12,表達,biǎodá,V,to express,"bày tỏ, thể hiện",เพื่อแสดง,ဖော်ပြရန်,表現する,표현하다,expresar,mengekspresikan,3
12-1,13,公共,gōnggòng,Vs-attr,public,công cộng,สาธารณะ,အများသူငှာ,公共,공공의,público,publik,3
12-1,14,議題,yìtí,N,issue,"vấn đề, chủ đề thảo luận",ปัญหา,ထုတ်ပြန်သည်,問題,문제,asunto,masalah,3
12-1,15,核能,hénéng,N,nuclear power,năng lượng hạt nhân,พลังงานนิวเคลียร์,နျူကလီးယားစွမ်းအင်,原子力,원자력,energía nuclear,tenaga nuklir,3
12-1,16,電廠,diànchǎng,N,power plant,nhà máy điện,โรงไฟฟ้า,ဓာတ်အားပေးစက်ရုံ,発電所,발전소,central eléctrica,pembangkit tenaga listrik,3
12-1,17,由,yóu,Prep,"up to, by (a doer)",bởi (ai đó),จนถึงโดย (ผู้กระทำ),…ပေါ်တွင် မူတည်သည်၊ …က/မှ (လုပ်ဆောင်သူ),まで、（行為者）によって,"(행위자)에 의해, 최대로","hasta, por (un hacedor)","sampai, oleh (seorang pelaku)",3
12-1,18,專家,zhuānjiā,N,"expert, specialist",chuyên gia,"ผู้เชี่ยวชาญ, ผู้เชี่ยวชาญ",ကျွမ်းကျင်သူ၊ ကျွမ်းကျင်သူ,専門家、専門家,"전문가, 전문가","experto, especialista","ahli, spesialis",3
12-1,19,全面,quánmiàn,Adv,comprehensively,toàn diện,อย่างทั่วถึง,ကျယ်ကျယ်ပြန့်ပြန့်,総合的に,종합적으로,exhaustivamente,secara komprehensif,3
12-1,20,民意,mínyì,N,"public will, popular opinion",ý dân,เจตจำนงสาธารณะความคิดเห็นของประชาชน,လူထုဆန္ဒ၊ လူထုသဘောထား,民意、世論,"대중의 의지, 대중의 의견","voluntad pública, opinión popular","kemauan publik, opini populer",3
12-1,21,代表,dàibiǎo,N,representative,đại diện (danh từ),ตัวแทน,ကိုယ်စားလှယ်,代表,대표,representante,perwakilan,3
12-1,22,處理,chǔlǐ,V,"to deal with, handle, tackle","xử lý, giải quyết","จัดการกับ, จัดการ, ต่อสู้",ကိုင်တွယ်ရန်၊ ကိုင်တွယ်ရန်၊ ကိုင်တွယ်ရန်,対処する、扱う、取り組む,"다루다, 처리하다, 태클하다","tratar con, manejar, abordar","menangani, menangani, menangani",3
12-1,23,政黨,zhèngdǎng,N,political party,đảng phái chính trị,พรรคการเมือง,နိုင်ငံရေး ပါတီ,政党,정당,partido político,partai politik,3
12-1,24,難道,nándào,Adv,"Could it be that…?, Is it that…?","chẳng lẽ, lẽ nào","เป็นไปได้ไหมว่า…?, มันคือ…?",ဒါပဲလား...?၊ ဒါပဲလား...?,もしかして…?、あれ…?,"설마 그게…?, 그게…?","¿Será que…?, ¿Será que…?","Mungkinkah itu…?, Apakah itu…?",3
12-1,25,滿,mǎn,Vpt,to become,"tròn, đầy (được... tuổi)",เปลี่ยน (plian) / กลายเป็น (klai pen),ပြောင်းလဲသည် (pyoung le thi) / ဖြစ်လာသည် (pyit la thi),変わる (kawaru) / なる (naru),변하다 (byeonhada) / 되다 (doeda),convertirse en,menjadi,3
12-1,26,憲法,xiànfǎ,N,constitution,hiến pháp,รัฐธรรมนูญ,ဖွဲ့စည်းပုံ အခြေခံဥပဒေ,憲法,헌법,constitución,konstitusi,3
12-1,27,投票權,tóupiào quán,N,"right to vote, suffrage",quyền bỏ phiếu,"สิทธิในการลงคะแนนเสียง, การลงคะแนนเสียง",မဲပေးပိုင်ခွင့်၊ မဲပေးပိုင်ခွင့်,投票権、参政権,"투표할 권리, 참정권","derecho al voto, sufragio","hak untuk memilih, hak pilih",3
12-1,28,選舉,xuǎnjǔ,N,election,sự bầu cử,การเลือกตั้ง,ရွေးကောက်ပွဲ,選挙,선거,elección,pemilihan,3
12-1,29,權利,quánlì,N,right,quyền lợi,ขวา,မှန်တယ်,右,오른쪽,bien,Kanan,3
12-1,30,表示,biǎoshì,V,"to mean, indicate","có nghĩa là, cho thấy",หมายถึงระบุ,ဆိုလိုတာက ထောက်ပြတယ်။,意味する、示す,"의미하다, 나타내다","querer decir, indicar","artinya, menunjukkan",3
12-1,31,反映,fǎnyìng,Vpt,to reflect,phản ánh,เพื่อสะท้อน,ထင်ဟပ်ရန်,反省する,반영하다,reflexionar,mencerminkan,3
12-1,32,為,wèi,Prep,for,"vì, cho",สำหรับ (sam rap),အတွက် (a twet),～のために (no tame ni),~을 위해 (eul wihae),para,untuk,3
12-1,33,服務,fúwù,V,to serve,phục vụ,ที่จะให้บริการ,အစေခံရန်,奉仕する,봉사하다,servir,melayani,3
12-1,34,職位,zhíwèi,N,"position, job",chức vụ,ตำแหน่งงาน,ရာထူး၊ အလုပ်,立場、仕事,"지위, 직업","posición, trabajo","posisi, pekerjaan",3
12-1,35,任期,rènqí,N,term of office,nhiệm kỳ,วาระการดำรงตำแหน่ง,ရာထူးသက်တမ်း,任期,임기,cadencia,masa jabatan,3
12-1,36,選民,xuǎnmín,N,"voters, electorate",cử tri,ผู้มีสิทธิเลือกตั้ง ผู้มีสิทธิเลือกตั้ง,မဲဆန္ဒရှင်များ၊ မဲဆန္ဒရှင်များ,有権者、有権者,"유권자, 유권자","votantes, electorado","pemilih, pemilih",3
12-1,37,完美,wánměi,Vs,perfect,hoàn hảo,สมบูรณ์แบบ,ပြီးပြည့်စုံသော,完璧,완벽한,perfecto,sempurna,3
12-1,38,積極,jījí,Vs,"actively, to take it upon oneself to, take the initiative to","tích cực, chủ động",กระตือรือร้นที่จะรับเอาเองเพื่อริเริ่ม,တက်ကြွစွာ၊ ကိုယ်တိုင်လုပ်ဆောင်ရန်၊ အစပြုလုပ်ဆောင်ပါ။,積極的に、自ら引き受ける、率先して行動する,"적극적으로, 스스로 주도권을 쥐다, 주도권을 쥐다","activamente, asumir la responsabilidad de tomar la iniciativa de","secara aktif, mengambil tanggung jawab untuk, mengambil inisiatif untuk",3
12-1,39,最佳,zuìjiā,Vs-attr,"the very best, the best possible","tốt nhất, hay nhất",ดีที่สุด ดีที่สุดเท่าที่จะเป็นไปได้,အကောင်းဆုံး၊ အကောင်းဆုံး ဖြစ်နိုင်တယ်။,最高の、可能な限り最高の,"최선을 다해, 가능한 한 최선을 다해","lo mejor, lo mejor posible","yang terbaik, yang terbaik",3
12-1,40,推銷員,tuīxiāo yuán,N,salesperson,nhân viên tiếp thị,พนักงานขาย,အရောင်းသမား,販売員,영업사원,vendedor,penjual,3
12-1,41,有道理,yǒu dàolǐ,,there’s some truth (to what you are saying),có lý,มีความจริงบางอย่าง (กับสิ่งที่คุณพูด),အမှန်တရားတစ်ခုရှိတယ် (မင်းပြောတာကို),(あなたの言っていることには)いくつかの真実があります,(네 말은) 어느 정도 진실이 있어,hay algo de verdad (en lo que estás diciendo),ada benarnya (apa yang kamu katakan),3
12-1,42,候選人,hòuxuǎn rén,,candidate,ứng cử viên,ผู้สมัคร,ကိုယ်စားလှယ်လောင်း,候補者,후보자,candidato,calon,3
12-2,1,學術界,xuéshùjiè,N,"academia, the academic fields or circles",giới học thuật,วิชาการ สาขาวิชา หรือแวดวงวิชาการ,ပညာရပ်ဆိုင်ရာ ပညာရပ်နယ်ပယ်များ သို့မဟုတ် စက်ဝိုင်းများ,学界、学術分野またはサークル,"학계, 학문 분야 또는 동계","academia, los campos o círculos académicos","akademisi, bidang akademis atau kalangan",3
12-2,2,從政,cóngzhèng,Vi,to engage in politics,tham gia chính trị,เพื่อมีส่วนร่วมในการเมือง,နိုင်ငံရေးမှာ ပါဝင်ဖို့,政治に参加する,정치에 참여하다,involucrarse en política,terlibat dalam politik,3
12-2,3,政策,zhèngcè,N,policy,chính sách,นโยบาย,မူဝါဒ,ポリシー,정책,política,kebijakan,3
12-2,4,安定,āndìng,Vs,stable,ổn định,มั่นคง,တည်ငြိမ်သည်။,安定した,안정적인,estable,stabil,3
12-2,5,辭,cí,Vp,"to quit, resign",từ chức,ลาออก,နုတ်ထွက်ရန်၊ နုတ်ထွက်ရန်,やめる、辞任する,"그만두다, 사임하다","renunciar, dimitir","berhenti, mengundurkan diri",3
12-2,6,頭腦,tóunǎo,N,"brain, mind",đầu óc,สมองจิตใจ,ဦးနှောက်၊ စိတ်,脳、心,"뇌, 마음","cerebro, mente","otak, pikiran",3
12-2,7,改革,gǎigé,N,reforms,cải cách,การปฏิรูป,ပြုပြင်ပြောင်းလဲမှုများ,改革,개혁,reformas,reformasi,3
12-2,8,看法,kànfǎ,N,"view, opinion",quan điểm,มุมมองความคิดเห็น,အမြင်၊ သဘောထား,見解、意見,"견해, 의견","ver, opinar","pandangan, opini",3
12-2,9,教育,jiàoyù,N,education ,giáo dục,การศึกษา,ပညာရေး,教育,교육,educación,pendidikan,3
12-2,10,方面,fāngmiàn,N,in the areas of (an issue),"mặt, lĩnh vực",ในด้าน (ประเด็น),(ပြဿနာ) နယ်ပယ်များတွင်,（問題）の分野で,(문제) 분야에서,en las áreas de (un problema),di bidang (masalah),3
12-2,11,得到,dédào,V,to obtain,đạt được,ที่จะได้รับ,ရယူရန်,入手する,획득하다,obtener,memperoleh,3
12-2,12,連任,liánrèn,V,to serve a successive term,tái cử,ให้ดำรงตำแหน่งต่อเนื่องกัน,သက်တမ်း အဆက်ဆက် ထမ်းဆောင်ရန်,引き続き任期を務める,연임하다,cumplir un mandato sucesivo,menjalani masa jabatan berturut-turut,3
12-2,13,屆,jiè,M,"term, tenure of elected office",nhiệm kỳ (của chức vụ dân cử),วาระการดำรงตำแหน่งที่ได้รับเลือก,သက်တမ်း၊ ရွေးကောက်ခံရာထူးသက်တမ်း,任期、選出された役職の在職期間,"임기, 선출직 임기","mandato, ejercicio del cargo electo","masa jabatan, masa jabatan terpilih",3
12-2,14,支持度,zhīchídù,N,approval rating,tỷ lệ ủng hộ,คะแนนการอนุมัติ,အတည်ပြုအဆင့်သတ်မှတ်ချက်,支持率,지지율,índice de aprobación,peringkat persetujuan,3
12-2,15,落選,luòxuǎn,Vp,to lose an election,thất cử,ที่จะแพ้การเลือกตั้ง,ရွေးကောက်ပွဲရှုံးဖို့,選挙に負ける,선거에서 패배하다,perder una elección,kalah dalam pemilu,3
12-2,16,得票率,dépiàolǜ,N,percentage of votes received,tỷ lệ phiếu bầu,เปอร์เซ็นต์ของคะแนนเสียงที่ได้รับ,ထောက်ခံမဲ ရာခိုင်နှုန်း,得票率,받은 득표율,porcentaje de votos recibidos,persentase suara yang diterima,3
12-2,17,預期,yùqí,N,expectation,kỳ vọng,ความคาดหวัง,မျှော်လင့်ချက်,期待,기대,expectativa,ekspektasi,3
12-2,18,暫時,zhànshí,Adv,"temporarily, for the time being",tạm thời,เป็นการชั่วคราวในขณะนั้น,လောလောဆယ်တော့ ယာယီပေါ့။,一時的に、当分の間,"일시적으로, 당분간","temporalmente, por el momento","sementara, untuk saat ini",3
12-2,19,老家,lǎojiā,N,hometown,quê nhà,บ้านเกิด,မွေးရပ်မြေ,ホームタウン,고향,ciudad natal,kampung halaman,3
12-2,20,形象,xíngxiàng,N,image,hình ảnh,ภาพ,ပုံ,画像,영상,imagen,gambar,3
12-2,21,商量,shāngliáng,V,"to confer, consult with","bàn bạc, thảo luận",เพื่อหารือปรึกษากับ,ဆွေးနွေးတိုင်ပင်ရန်,協議する、相談する,"협의하다, 협의하다","conferenciar, consultar con","berunding, berkonsultasi dengan",3
12-2,22,人脈,rénmài,N,"network of people, contacts",mạng lưới quan hệ,เครือข่ายผู้คนผู้ติดต่อ,လူများကွန်ရက်၊ အဆက်အသွယ်များ,人のネットワーク、連絡先,"사람, 연락처 네트워크","red de personas, contactos","jaringan orang, kontak",3
12-2,23,弱勢,ruòshì,N,disadvantaged (lit. weak power),"yếu thế, thiệt thòi",ด้อยโอกาส (หมายถึงกำลังที่อ่อนแอ),အားနည်းချက် (စာသားအရ၊ အားနည်းသော)၊,恵まれない（文字通り、力が弱い）,"불리한 (문자 그대로, 약한 힘)","en desventaja (literalmente, poder débil)","dirugikan (harfiah, kekuatan lemah)",3
12-2,24,退休,tuìxiū,Vp,to retire,nghỉ hưu,ที่จะเกษียณ,အနားယူရန်,退職する,은퇴하다,jubilarse,pensiun,3
12-2,25,事業,shìyè,N,"business, career",sự nghiệp,ธุรกิจอาชีพ,စီးပွားရေး၊ အသက်မွေးဝမ်းကြောင်း,ビジネス、キャリア,"사업, 경력","negocios, carrera","bisnis, karir",3
12-2,26,捐,juān,V,to donate,quyên góp,เพื่อบริจาค,လှူဒါန်းရန်,寄付する,기부하다,donar,menyumbang,3
12-2,27,義務,yìwù,Adv,"to volunteer, on a voluntary basis, to do something gratis","tình nguyện, không công",เป็นอาสาสมัครตามความสมัครใจเพื่อทำบางสิ่งโดยไม่เสียค่าใช้จ่าย,အခမဲ့ တစ်ခုခုလုပ်ရန် ဆန္ဒအလျောက် စေတနာ့ဝန်ထမ်းလုပ်ပါ။,自発的に、無償で何かをするためにボランティアすること,"자원봉사하다, 자발적으로, 어떤 일을 무료로 하다","ofrecerse voluntariamente, de forma voluntaria, para hacer algo gratis","menjadi sukarelawan, atas dasar sukarela, melakukan sesuatu yang gratis",3
12-2,28,經費,jīngfèi,N,funds,"kinh phí, ngân quỹ",กองทุน,ရန်ပုံငွေများ,資金,자금,fondos,dana,3
12-2,29,競選,jìngxuǎn,V,run for (an office),tranh cử,วิ่งเพื่อ (สำนักงาน),(ရုံးခန်းတစ်ခုအတွက်),（事務所）に立候補する,(사무실)에 출마하다,postularse para (una oficina),mencalonkan diri (kantor),3
12-2,30,也許,yěxǔ,Adv,perhaps,có lẽ,บางที,ဖြစ်ကောင်းဖြစ်နိုင်သည်။,多分,아마도,tal vez,mungkin,3
12-2,31,政治界,zhèngzhìjiè,N,the world of politics,giới chính trị,โลกแห่งการเมือง,နိုင်ငံရေးလောက,政治の世界,정치의 세계,el mundo de la politica,dunia politik,3
12-2,32,權力,quánlì,N,power ,quyền lực,พลัง,ပါဝါ,力,힘,fuerza,kekuatan,3
12-2,33,辭掉,cídiào,,"to quit, resign",từ bỏ (công việc),ลาออก,နုတ်ထွက်ရန်၊ နုတ်ထွက်ရန်,やめる、辞任する,"그만두다, 사임하다","renunciar, dimitir","berhenti, mengundurkan diri",3
12-2,34,提出,tíchū,,to propose,đề xuất,ที่จะเสนอ,အဆိုပြုရန်,提案する,제안하다,proponer,mengusulkan,3
12-2,35,國民年金,guómín niánjīn,,national pension (scheme),lương hưu quốc gia,เงินบำนาญแห่งชาติ (โครงการ),အမျိုးသားပင်စင် (အစီအစဥ်),国民年金（制度）,국민연금(제도),pensión nacional (régimen),pensiun nasional (skema),3
12-2,36,中間選民,zhōngjiān xuǎnmín,,swing voters,cử tri trung lập,ผู้ลงคะแนนเสียงแกว่ง,အလွှဲအပြောင်းမဲဆန္ဒရှင်များ,スイング有権者,스윙 유권자,votantes indecisos,ayunan pemilih,3
12-2,37,一陣子,yí zhèn zi,,"a while, a short duration of time",một thời gian ngắn,"ชั่วระยะเวลาหนึ่ง, เป็นระยะเวลาอันสั้น",ခဏ၊ အချိန်တို,しばらく、短い期間,"잠시, 짧은 시간","un rato, un corto período de tiempo","sebentar, durasi waktu yang singkat",3
12-2,38,下一步,xià yí bù,,the next step (in doing things),bước tiếp theo,ขั้นตอนต่อไป (ในการทำสิ่งต่าง ๆ),နောက်တဆင့် (အရာများကို လုပ်ဆောင်ရာတွင်),（物事を行う上での）次のステップ,다음 단계(일을 하는 데 있어서),el siguiente paso (al hacer las cosas),langkah selanjutnya (dalam melakukan sesuatu),3
12-2,39,盡可能,jìn kěnéng,,"as far as possible, do one's best",hết sức có thể,พยายามทำให้ดีที่สุดเท่าที่จะทำได้,တတ်နိုင်သမျှ အကောင်းဆုံးလုပ်ပါ။,可能な限り、最善を尽くしてください,가능한 한 최선을 다하다,"en la medida de lo posible, hacer lo mejor que uno pueda",sebisa mungkin lakukan yang terbaik,3
12-2,40,出版社,chūbǎn shè,,publishing company,nhà xuất bản,บริษัทสำนักพิมพ์,ထုတ်ဝေရေးကုမ္ပဏီ,出版社,출판사,empresa editorial,perusahaan penerbitan,3
12-2,41,捐出,juānchū,,to donate,quyên góp (một cách rõ ràng),เพื่อบริจาค,လှူဒါန်းရန်,寄付する,기부하다,donar,menyumbang,3
12-2,42,二手書,èrshǒu shū,,secondhand book,sách cũ,หนังสือมือสอง,တစ်ပတ်ရစ်စာအုပ်,古本,중고책,libro de segunda mano,buku bekas,3
