課-序號,序號,生詞,漢拼,詞類,英譯,越譯,泰譯,緬譯,日譯,韓譯,西譯,印尼譯,冊
1-1,1.        ,小玲,Xiǎolíng ,,"Xiaoling, female","Xiaoling, nữ","เสี่ยวหลิง, ผู้หญิง",Xiaoling၊ အမျိုးသမီး,シャオリン、女性,샤오링(여),"Xiaoling, mujer","Xiaoling, perempuan",4
1-1,2.        ,阿建,Ājiàn ,,"Ajian, male","Ajian, nam","อาเจี้ยน, ผู้ชาย",အာကျန့်၊ အမျိုးသား,アージエン、男性,"아젠, 남성","Ajian, hombre","Ajian, laki-laki",4
1-1,3.        ,聊天室,liáotiānshì ,N,"chatroom (室 -shì, room)",phòng chat,"ห้องสนทนา (室 -shì, ห้อง)",စကားပြောခန်း (室 -shì၊ အခန်း),チャットルーム（室 -shì、部屋）,"대화방 (室 -shì, 방)","sala de chat (室 -shì, sala)","ruang obrolan (室 -shì, ruangan)",4
1-1,4.        ,上班族,shàngbānzú ,N,"(office) workers (族 -zú, group)",dân văn phòng,"(ออฟฟิศ) คนงาน (族 -zú, กลุ่ม)",(ရုံး) အလုပ်သမားများ (族 -zú၊ အုပ်စု)၊,(オフィス) 労働者 (族 -zú、グループ),"(사무실) 근로자 (族 -zú, 그룹)","trabajadores (de oficina) (族 -zú, grupo)","(kantor) pekerja (族 -zú, grup)",4
1-1,5.        ,與其,yǔqí ,Conj,rather than…,thay vì…,แทนที่จะเป็น...,မည့်အစား…,それよりも…,오히려…,en vez de…,daripada…,4
1-1,6.        ,冷清,lěngqīng ,Vs,"deserted, empty","hoang vắng, trống rỗng",ร้างว่างเปล่า,စွန့်လွတ်၊,人けのない、空っぽの,"버려진, 비어 있는","desierto, vacío","sepi, kosong",4
1-1,7.        ,高就,gāojiù ,Vi,to work (honorific),làm việc (kính ngữ),ไปทำงาน (ให้เกียรติ),အလုပ်လုပ်ရန် (ဂုဏ်ပြု),仕事する（敬語）,일하다 (경어),trabajar (honorífico),bekerja (kehormatan),4
1-1,8.        ,部門,bùmén ,N,department,"bộ phận, ban",แผนก,ဌာန,部門,부서,departamento,departemen,4
1-1,9.        ,厲害,lìhài ,Vs,"impressive, good, awesome","ấn tượng, tốt, tuyệt vời",น่าประทับใจดียอดเยี่ยม,အထင်ကြီးစရာ၊ ကောင်းသည်၊ အံ့သြဖွယ်,印象的な、良い、素晴らしい,"인상적이다, 좋다, 굉장하다","impresionante, bueno, impresionante","mengesankan, bagus, luar biasa",4
1-1,10.     ,加班,jiābān ,V-sep,to work overtime,làm thêm giờ,เพื่อทำงานล่วงเวลา,အချိန်ပိုအလုပ်လုပ်ရန်,残業する,초과 근무를 하다,trabajar horas extras,bekerja lembur,4
1-1,11.     ,類,lèi ,M,"kind, type","loại, kiểu",ชนิด (cha nit),အမျိုးအစား (a myo a sar),種類 (shurui),종류 (jongnyu),"clase, tipo","jenis, tipe",4
1-1,12.     ,恐怖片,kǒngbùpiàn ,N,"horror movie (恐怖 kǒngbù, scary; 片 -piàn, film)",phim kinh dị,"หนังสยองขวัญ (恐怖 kǒngbù, น่ากลัว; ฝา -piàn, ภาพยนตร์)",ထိတ်လန့်စရာရုပ်ရှင် (恐怖 kǒngbù၊ ကြောက်စရာ; 片 -piàn၊ ရုပ်ရှင်),ホラー映画 (恐怖 kƒngbù、怖い; 片 -piàn、映画),공포 영화,"película de terror (恐怖 kǒngbù, de miedo; 片 -piàn, película)","film horor (恐怖 kǒngbù, menakutkan; 片 -piàn, film)",4
1-1,13.     ,愛情片,àiqíngpiàn,N,"love story or romance movie （愛情 àiqíng, love)",phim tình cảm,"เรื่องราวความรักหรือภาพยนตร์โรแมนติก （愛情 àiqíng, ความรัก)",အချစ်ဇာတ်လမ်း သို့မဟုတ် အချစ်ဇာတ်ကား (愛情 àiqíng၊ အချစ်),ラブストーリーまたはロマンス映画（愛情 àiqíng、愛）,"러브 스토리 또는 로맨스 영화 (愛情 àiqíng, 사랑)","historia de amor o película romántica (愛情 àiqíng, amor)","kisah cinta atau film romantis （愛情 àiqíng, cinta)",4
1-1,14.     ,嚇,xià,Vp,to be scared,sợ hãi,จะต้องกลัว,ကြောက်တယ်။,怖がる,무서워하다,tener miedo,menjadi takut,4
1-1,15.     ,哭,kū,V,to cry,khóc,ที่จะร้องไห้,ငိုဖို့,泣く,울다,llorar,menangis,4
1-1,16.     ,上癮,shàngyǐn ,Vp,"to get hooked on, addicted","bị nghiện, bị cuốn hút",ที่จะติดยาเสพติดติด,စွဲလမ်းခြင်း ၊,夢中になる、中毒になる,"푹 빠지다, 중독되다","engancharse, adicto","menjadi ketagihan, kecanduan",4
1-1,17.     ,刺激,cìjī ,Vs,stimulating,kích thích,กระตุ้น,လှုံ့ဆော်မှု,刺激的な,자극적인,estimulante,merangsang,4
1-1,18.     ,簡直,jiǎnzhí ,Adv,"simply, really","đơn giản là, thực sự là",ง่ายๆ จริงๆ,ရိုးရိုးရှင်းရှင်း၊ တကယ်,単純に、本当に,"간단히 말해서, 정말","simplemente, realmente","sederhananya, sungguh",4
1-1,19.     ,膽子,dǎnzi ,N,"guts, courage","gan dạ, can đảm",ความกล้าความกล้าหาญ,သတ္တိ၊ သတ္တိ,根性、勇気,"용기, 용기","agallas, coraje","nyali, keberanian",4
1-1,20.     ,部,bù ,M,measure word for movies,bộ (lượng từ cho phim),วัดคำสำหรับภาพยนตร์,ရုပ်ရှင်များအတွက်စကားလုံးတိုင်းတာ,映画の単語を測定する,영화 단어 측정,medir palabras para películas,mengukur kata untuk film,4
1-1,21.     ,限制級,xiànzhìjí ,N,"restricted (viewing for movies) (限制 xiànzhì, restricted; 級 -jí, level)",giới hạn độ tuổi xem (phim),"จำกัด (การชมภาพยนตร์) (限制 xiànzhì, จำกัด; 級 -jí, ระดับ)",ကန့်သတ်ထားသည် (ရုပ်ရှင်များအတွက် ကြည့်ရှုခြင်း) (限制 xiànzhì၊ ကန့်သတ်ချက်၊ 級 -jí၊ အဆင့်),制限付き (映画の視聴) (制限 xiànzhì、制限付き; 級 -jí、レベル),"제한됨 (영화 보기) (限system xianzhì, 제한됨; 級 -jí, 수준)","restringido (visión de películas) (限制 xiànzhì, restringido; 級 -jí, nivel)","dibatasi (menonton film) (限制 xiànzhì, dibatasi; 級 -jí, level)",4
1-1,22.     ,電影院,diànyǐngyuàn ,N,"cinema, movie theater",rạp chiếu phim,"โรงภาพยนตร์, โรงภาพยนตร์",ရုပ်ရှင်ရုံ၊ ရုပ်ရှင်ရုံ,映画館、映画館,"영화관, 영화관","cine, sala de cine","bioskop, bioskop",4
1-1,23.     ,呃,è  ,Ptc,"uh, interjection indicating embarrassment","ừ, ờ (thán từ ngại ngùng)",เอ่อ คำอุทานที่บ่งบอกถึงความลำบากใจ,ရှက်ရွံ့မှုကို ညွှန်ပြသော စကားပြန်,えー、当惑を表す間投詞,"어, 부끄러움을 나타내는 감탄사","uh, interjección que indica vergüenza","eh, kata seru yang menunjukkan rasa malu",4
1-1,24.     ,建設公司,jiànshè gōngsī ,,construction company,công ty xây dựng,บริษัทรับเหมาก่อสร้าง,ဆောက်လုပ်ရေးကုမ္ပဏီ,建設会社,건설 회사,empresa constructora,perusahaan konstruksi,4
1-1,25.     ,業務經理,yèwù jīnglǐ ,,business manager,giám đốc kinh doanh,ผู้จัดการธุรกิจ,စီးပွားရေးမန်နေဂျာ,ビジネスマネージャー,사업 관리자,gerente de negocios,manajer bisnis,4
1-1,26.     ,室內設計,shìnèi shèjì ,,interior design,thiết kế nội thất,การออกแบบตกแต่งภายใน,အတွင်းပိုင်းဒီဇိုင်း,インテリアデザイン,인테리어 디자인,diseño de interiores,desain interior,4
1-2,1.        ,溫暖,wēnnuǎn ,Vs,warm,ấm áp,อบอุ่น,နွေး,暖かい,따뜻한,cálido,hangat,4
1-2,2.        ,目前,mùqián ,Adv,currently,hiện tại,ตอนนี้,လောလောဆယ်,現在,현재,actualmente,saat ini,4
1-2,3.        ,所,suǒ,M,measure word for schools,ngôi (lượng từ cho trường học),วัดคำสำหรับโรงเรียน,ကျောင်းများအတွက်စကားလုံးတိုင်းတာ,学校向けの単語を測定する,학교 단어 측정,medir palabra para escuelas,mengukur kata untuk sekolah,4
1-2,4.        ,就讀,jiùdú ,Vi,to be enrolled as a student,"nhập học, ghi danh",ที่จะลงทะเบียนเป็นนักเรียน,ကျောင်းသားအဖြစ် စာရင်းသွင်းရန်,学生として登録する,학생으로 등록하다,estar matriculado como estudiante,didaftarkan sebagai pelajar,4
1-2,5.        ,不至於,búzhìyú ,Adv,"not so, not to that degree, not so much that ","không đến mức, không đến nỗi",ไม่อย่างนั้น ไม่ถึงขนาดนั้น ไม่มากขนาดนั้น,မဟုတ်ဘူး၊ ဒီလောက်တော့ မဟုတ်ဘူး။,そうではない、それほどではない、それほどではない,"그렇지 않다, 그 정도는 아니다, 그 정도는 아니다","no tanto, no hasta tal punto, no tanto que","tidak begitu, tidak sampai pada tingkat itu, tidak terlalu banyak",4
1-2,6.        ,但,dàn,Conj,"but, however (formal)","nhưng, tuy nhiên (trang trọng)",แต่อย่างไรก็ตาม (เป็นทางการ),ဒါပေမယ့် (တရားဝင်)၊,しかし、しかし（正式な）,"하지만, 그런데 (formal)","pero, sin embargo (formal)","tapi, bagaimanapun (formal)",4
1-2,7.        ,放學,fàngxué ,Vp,"after school, when school lets out","tan học, sau giờ học",หลังเลิกเรียนเมื่อโรงเรียนเลิกเรียน,ကျောင်းပြီးလို့ ကျောင်းထွက်တဲ့အခါ,放課後、学校が休みになると,"방과 후, 학교가 끝나면","después de la escuela, cuando termina la escuela","sepulang sekolah, saat sekolah libur",4
1-2,8.        ,後,hòu,N,afterwards (formal),sau đó (trang trọng),หลังจากนั้น (เป็นทางการ),ထို့နောက် (တရားဝင်),その後（正式に）,나중에 (공식적으로),después (formal),setelah itu (resmi),4
1-2,9.        ,解決,jiějué ,V,to take care,chăm sóc,ที่จะดูแล,ဂရုစိုက်ရန်,世話をする,돌보다,cuidar,berhati-hati,4
1-2,10.     ,寂寞,jímò ,Vs,lonely,cô đơn,เหงา,အထီးကျန်,さみしい,외로운,solitario,kesepian,4
1-2,11.     ,網友,wǎngyǒu ,N,online friends,bạn bè qua mạng,เพื่อนออนไลน์,အွန်လိုင်းသူငယ်ချင်းများ,オンラインの友達,온라인 친구,amigos en línea,teman daring,4
1-2,12.     ,陪伴,péibàn ,V,to keep somebody company,"làm bạn, giữ công ty",เพื่อให้ใครสักคนเป็นเพื่อน,တစ်ယောက်ယောက်ကို ပေါင်းသင်းဖို့,誰かと一緒にいるために,누군가를 회사로 유지하기 위해,hacerle compañía a alguien,menemani seseorang,4
1-2,13.     ,電腦,diànnǎo ,N,computer,máy tính,คอมพิวเตอร์,ကွန်ပျူတာ,コンピューター,컴퓨터,computadora,komputer,4
1-2,14.     ,進入,jìnrù ,V,to enter,"vào, truy cập",เพื่อเข้า,ဝင်ရန်,入る,들어가다,entrar,masuk,4
1-2,15.     ,線上,xiànshàng ,N,online,trực tuyến,ออนไลน์,အွန်လိုင်း,オンライン,온라인,en línea,on line,4
1-2,16.     ,感情,gǎnqíng ,N,"emotions, feelings, love","tình cảm, cảm xúc",อารมณ์ความรู้สึกความรัก,စိတ်ခံစားမှု၊ ခံစားချက်၊ အချစ်,感情、感情、愛,"감정, 감정, 사랑","emociones, sentimientos, amor","emosi, perasaan, cinta",4
1-2,17.     ,小氣,xiǎoqì ,Vs,to be stingy,keo kiệt,ที่จะตระหนี่,တွန့်တိုခြင်း။,ケチになる,인색하다,ser tacaño,menjadi pelit,4
1-2,18.     ,時,shí,N,when (formal),khi (trang trọng),เมื่อ (เป็นทางการ),အခါ (တရားဝင်),いつ（正式な）,언제 (공식적으로),cuando (formal),kapan (formal),4
1-2,19.     ,往往,wǎngwǎng ,Adv,"oftentimes, generally","thường thường, nói chung là",บ่อยครั้งโดยทั่วไป,မကြာခဏ၊ ယေဘုယျအားဖြင့်,多くの場合、一般的に,"종종, 일반적으로","muchas veces, generalmente","seringkali, secara umum",4
1-2,20.     ,打氣,dǎqì ,Vi,to cheer on/up,cổ vũ,เพื่อเชียร์/ขึ้น,အားပေးရန်,応援する/元気づける,응원하다/기분을 높이다,animar/animar,menyemangati/meningkatkan semangat,4
1-2,21.     ,安慰,ānwèi ,V,to comfort,an ủi,เพื่อความสะดวกสบาย,နှစ်သိမ့်ရန်,慰める,위로하다,consolar,kenyamanan,4
1-2,22.     ,心裡,xīnlǐ ,N,in (one’s) mind,trong lòng,ในใจ (คนหนึ่ง),(စိတ်)၌,（自分の）心の中で,(사람의) 마음 속에,en (la) mente,dalam pikiran (seseorang),4
1-2,23.     ,大膽,dàdǎn ,Vs,"to be bold, courageous","gan dạ, dũng cảm",กล้าหาญและกล้าหาญ,ရဲရင့်ရန်၊ ရဲရင့်ရန်,大胆であること、勇敢であること,"대담하다, 용감하다","ser audaz, valiente","menjadi berani, berani",4
1-2,24.     ,紓解,shūjiě ,V,to relieve,giải tỏa,เพื่อบรรเทา,သက်သာစေရန်,和らげる,완화하다,aliviar,meringankan,4
1-2,25.     ,轉換,zhuǎnhuàn ,V,"to change, transform","thay đổi, biến đổi",เปลี่ยนแปลงเปลี่ยนแปลง,ပြောင်းလဲရန်၊ အသွင်ပြောင်းရန်,変化する、変容する,"변화시키다, 변화시키다","cambiar, transformar","berubah, bertransformasi",4
1-2,26.     ,虛擬,xūnǐ ,Vs-attr,virtual,ảo,เสมือน,အတုအယောင်၊ ဒစ်ဂျစ်တယ်,バーチャル,가상,virtual,maya,4
1-2,27.     ,現實,xiànshí ,Vs,"actual, real","thực tế, thật",จริงจริง,အမှန်တကယ်၊ အစစ်အမှန်,実際の、本物の,"실제, 진짜","real, real","sebenarnya, nyata",4
1-2,28.     ,心理,xīnlǐ ,N,"psychological, mental",tâm lý,จิตวิทยาจิต,စိတ်ပိုင်းဆိုင်ရာ၊ စိတ်ပိုင်းဆိုင်ရာ,心理的な、精神的な,"심리적, 정신적","psicológico, mental","psikologis, mental",4
1-2,29.     ,即使,jíshǐ,Conj,"even if, even though","ngay cả khi, mặc dù",แม้ว่า แม้ว่าก็ตาม,ပင်လျှင်ပင်,たとえ、たとえ、たとえ,"설령, 그래도","incluso si, aunque","meskipun, meskipun",4
1-2,30.     ,責備,zébèi ,V,"to reproach, get on somebody’s case","trách mắng, la rầy",ประณามไปฟ้องคดีของใครบางคน,ကဲ့ရဲ့ဖို့၊ တစ်စုံတစ်ယောက်ရဲ့ ကိစ္စနဲ့ ပတ်သက်တယ်။,非難する、誰かの事件に取り組む,"비난하다, 누군가의 사건에 개입하다","reprochar, meterse en el caso de alguien","mencela, menangani kasus seseorang",4
1-2,31.     ,期待,qídài ,N,expectations,kỳ vọng,ความคาดหวัง,မျှော်လင့်ချက်များ,期待,기대,esperanzas de heredar,harapan,4
1-2,32.     ,喘氣,chuǎnqì ,V-sep,"to gasp, pant","thở hổn hển, thở gấp",หายใจไม่ออกหอบ,ဟောဟဲ၊ ဟောဟဲ,あえぐ、あえぐ,"헐떡거리다, 헐떡거리다","jadear, jadear","terkesiap, terengah-engah",4
1-2,33.     ,自在,zìzài ,Vs,"to be at ease, relaxed","thoải mái, thư giãn",เพื่อความสบายใจผ่อนคลาย,သက်တောင့်သက်သာရှိရန်၊,安心する、リラックスする,"편안해지다, 편안해지다","estar a gusto, relajado","menjadi tenang, santai",4
1-2,34.     ,交友,jiāoyǒu,Vi,to make friends (with),kết bạn (với),เพื่อหาเพื่อน (กับ),မိတ်ဆွေဖွဲ့ရန်,友達を作る（と）,(와) 친구를 사귀다,hacer amistad (con),berteman (dengan),4
1-2,35.     ,暴力,bàolì ,N,violence,bạo lực,ความรุนแรง,အကြမ်းဖက်မှု,暴力,폭행,violencia,kekerasan,4
1-2,36.     ,點,diǎn,V,to click (on),nhấp chuột (vào),คลิก (เปิด),နှိပ်ရန် (on),クリック（オン）,(켜다) 클릭하다,hacer clic (en),mengklik (pada),4
1-2,37.     ,懂得,dǒngde  ,Vst,to know how to,"biết cách, có khả năng",เพื่อรู้วิธี,လုပ်နည်းသိရန်,方法を知るために,방법을 알기 위해,saber como,mengetahui caranya,4
1-2,38.     ,陷阱,xiànjǐng ,N,"trap, snare","bẫy, cạm",กับดักบ่วง,ထောင်ချောက်၊ ကျော့ကွင်း,罠、わな,"덫, 덫","trampa, lazo","perangkap, jerat",4
1-2,39.     ,明星高中,míngxīng gāozhōng,,"distinguished ,exclusive high school",trường trung học danh tiếng,โรงเรียนมัธยมที่โดดเด่นและพิเศษ,သီးသန့် အထက်တန်းကျောင်း,名門、私立高校,명문특화고등학교,escuela secundaria distinguida y exclusiva,SMA yang ternama dan eksklusif,4
1-2,40.     ,早出晚歸,zǎochū wǎnguī ,,to leave home early and get home late,đi sớm về khuya,ออกจากบ้านเร็วและกลับบ้านดึก,အိမ်စောစောထွက်ပြီး အိမ်ပြန်နောက်ကျတယ်။,早く家を出て遅く帰宅すること,집에 일찍 나가서 늦게 집에 가다,salir temprano de casa y llegar tarde,meninggalkan rumah lebih awal dan pulang terlambat,4
1-2,41.     ,打開,dǎkāi,,"to turn on, to power on","bật, mở nguồn",เพื่อเปิดเครื่อง,ဖွင့်ရန်၊ ပါဝါဖွင့်ရန်,電源を入れる、電源を入れる,"켜다, 전원을 켜다","encender, encender","menghidupkan, menghidupkan",4
1-2,42.     ,喘不過氣,chuǎnbúguò qì ,,"to be under great pressure, (lit.) unable to breathe ","chịu áp lực lớn, (nghĩa đen) không thở nổi",ตกอยู่ใต้ความกดดันอย่างมาก (แท้จริงแล้ว) หายใจไม่ออก,"ကြီးစွာသောဖိအားအောက်တွင်, (စာသားအရ,) အသက်ရှူမရပါ။",大きなプレッシャーにさらされ、（文字通り）呼吸できなくなる,"큰 압박을 받다, (문자 그대로,) 숨을 쉴 수 없다","estar bajo gran presión, (literalmente,) incapaz de respirar","berada di bawah tekanan besar, (secara harfiah,) tidak dapat bernapas",4
1-2,43.     ,躲進,duǒjìn,,to hide oneself in ,ẩn mình trong,เพื่อซ่อนตัวอยู่ในนั้น,ပုန်းအောင်းရန်,中に身を隠す,자신을 숨기다,esconderse en,menyembunyikan diri,4
1-2,44.     ,掉進,diàojìn ,,to fall into,rơi vào,ที่จะตกอยู่ใน,ပြိုလဲရန်,に陥る,에 빠지다,caer en,jatuh ke dalam,4
2-1,1.        ,李雲真,Lǐ Yúnzhēn ,,"Li Yunzhen, female","Lý Vân Trân, nữ",หลี่ หยุนเจิ้น หญิง,"Li Yunzhen, အမျိုးသမီး",リー・ユンジェンさん、女性,리윤진(여),"Li Yunzhen, mujer","Li Yunzhen, perempuan",4
2-1,2.        ,眼睛,yǎnjīng ,N,eye,mắt,ดวงตา,မျက်စိ,目,눈,ojo,mata,4
2-1,3.        ,耳朵,ěrduo ,N,ear,tai,หู,နား,耳,귀,oreja,telinga,4
2-1,4.        ,饗宴,xiǎngyàn ,N,feast,bữa tiệc,งานฉลอง,ပွဲ,ごちそう,잔치,banquete,pesta,4
2-1,5.        ,打扮,dǎbàn ,V,to put on makeup,trang điểm,ที่จะแต่งหน้า,မိတ်ကပ်လိမ်းဖို့,化粧をする,화장을 하려고,maquillarse,merias wajah,4
2-1,6.        ,音樂廳,yīnyuètīng,N,"music hall, concert hall(廳 -tīng, hall)",phòng hòa nhạc,"ฮอลล์ดนตรี, คอนเสิร์ตฮอล(廳 -tīng, ฮอล)",ဂီတခန်းမ၊ ပွဲရုံ(廳 -tīng၊ Hall),音楽ホール、コンサートホール(廳 -tīng、ホール),"음악당, 연주회장(廳-tīng, 홀)","sala de música, sala de conciertos(廳 -tīng, sala)","ruang musik, ruang konser (廳 -tīng, aula)",4
2-1,7.        ,表演,biǎoyǎn ,N/V,performance; to perform,buổi biểu diễn; biểu diễn,ผลงาน; เพื่อดำเนินการ,စွမ်းဆောင်ရည်; လုပ်ဆောင်ရန်,パフォーマンス;実行する,성능; 수행하다,actuación; realizar,pertunjukan; melakukan,4
2-1,8.        ,整齊,zhěngqí ,Vs,neat,"gọn gàng, chỉn chu",ประณีต,သပ်ရပ်တယ်။,きちんとした,정돈된,limpio,rapi,4
2-1,9.        ,穿著,chuānzhuó  ,N,attire,trang phục,เครื่องแต่งกาย,ဝတ်စုံ,服装,옷차림,atuendo,pakaian,4
2-1,10.     ,丟臉,diūliǎn ,Vs-sep,"to lose face, to be embarrassed","mất mặt, xấu hổ","เสียหน้า, เขินอาย",မျက်နှာပျက်ဖို့၊ ရှက်ဖို့ကောင်းတယ်။,面目を失う、当惑する,"체면을 잃다, 당황스러워하다","perder la cara, estar avergonzado","kehilangan muka, merasa malu",4
2-1,11.     ,短褲,duǎnkù ,N,shorts,quần soóc,กางเกงขาสั้น,ဘောင်းဘီတို,ショートパンツ,반바지,bermudas,celana pendek,4
2-1,12.     ,涼鞋,liángxié ,N,sandals,dép xăng-đan,รองเท้าแตะ,ခြေညှပ်ဖိနပ်,サンダル,샌들,sandalias,sandal,4
2-1,13.     ,擋,dǎng ,V,to block,"chặn, cản",เพื่อบล็อก,ပိတ်ဆို့ရန်,ブロックする,차단하다,bloquear,memblokir,4
2-1,14.     ,演出者,yǎnchūzhě ,N,"performer (演出 yǎnchū, to perform; 者 -zhě, person)",người biểu diễn,"นักแสดง (演出 yǎnchū, การแสดง; 者 -zhě, คน)",ဖျော်ဖြေသူ (演出 yǎnchū၊ ဖျော်ဖြေရန်၊ 者 -zhě၊ လူ),出演者 (演出 yƎchchu、出演する; 者 -zhě、人),공연자,"intérprete (演出 yǎnchū, realizar; 者 -zhě, persona)","pemain (演出 yǎnchū, melakukan; 者 -zhě, orang)",4
2-1,15.     ,尊重,zūnzhòng ,Vst,to respect,tôn trọng,ที่จะเคารพ,လေးစားရန်,尊重する,존경하다,respetar,menghormati,4
2-1,16.     ,社交,shèjiāo ,N,socialization,giao tiếp xã hội,การขัดเกลาทางสังคม,လူမှုဆက်ဆံရေး,社交化,사회화,socialización,sosialisasi,4
2-1,17.     ,免得,miǎnde,Conj,"lest, so as not to, to avoid","để khỏi, kẻo, tránh cho",เกรงว่าจะไม่หลีกเลี่ยง,ရှောင်ရန်မဖြစ်စေရန်,そうならないように、避けるために,"~하지 않도록, 피하기 위해",para que no se evite,"jangan sampai, tidak, terhindar",4
2-1,18.     ,中場,zhōngchǎng ,N,"intermission, halftime","giờ giải lao, nghỉ giữa giờ","ช่วงพักครึ่ง, พักครึ่ง",ကြားဖြတ်၊ အနားယူချိန်,休憩、ハーフタイム,"휴식시간, 하프타임","intermedio, medio tiempo","istirahat, paruh waktu",4
2-1,19.     ,準時,zhǔnshí ,Vs,"to be punctual, on time",đúng giờ,ตรงต่อเวลา,အချိန်မှန်၊ အချိန်မှန်ရှိရန်,時間通りに、時間どおりに,"시간을 잘 지키다, 시간에 맞춰","ser puntual, a tiempo","menjadi tepat waktu, tepat waktu",4
2-1,20.     ,禮貌,lǐmào ,N,courtesy,phép lịch sự,ความสุภาพ,ယဉ်ကျေးသော,礼儀,예의,cortesía,kesopanan,4
2-1,21.     ,或,huò,Conj,or (formal),hoặc là (trang trọng),หรือ (เป็นทางการ),သို့မဟုတ် (တရားဝင်),または（正式な）,또는 (공식적으로),o (formal),atau (resmi),4
2-1,22.     ,熟,shóu ,Vs,"to be familiar with, to be close to somebody","thân thiết, quen biết","คุ้นเคย, ใกล้ชิดกับใครสักคน",တစ်ယောက်ယောက်နဲ့ ရင်းနှီးဖို့၊,誰かに精通している、近くにいる,"누군가와 친해지다, 친해지다","estar familiarizado con, estar cerca de alguien","menjadi akrab dengan, menjadi dekat dengan seseorang",4
2-1,23.     ,提,tí ,V,"to bring up, mention","nhắc đến, đề cập",เพื่อนำมาพูดถึง,ယူဆောင်လာရန်၊ ဖော်ပြပါ။,持ち出す、言及する,"언급하다, 언급하다","mencionar, mencionar","mengemukakan, menyebutkan",4
2-1,24.     ,咳嗽,késòu ,Vi,to cough,ho,ไอ,ချောင်းဆိုးရန်,咳をする,기침하다,toser,batuk,4
2-1,25.     ,關,guān ,V,"to close, shut off","đóng, tắt",เพื่อปิดปิด,ပိတ်ရန်၊ ပိတ်ရန်,閉じる、止める,"닫다, 끄다","cerrar, apagar","menutup, mematikan",4
2-1,26.     ,哇,wa ,Ptc,"yikes, oh no","ôi trời, chết rồi",ใช่แล้ว โอ้ ไม่,ဟုတ်တယ်၊ မဟုတ်ဘူး,やあ、ああ、だめだ,"응, 아 안돼","Ay, oh no","ya, oh tidak",4
2-1,27.     ,水準,shuǐzhǔn ,N,"class, cultural standard","trình độ, văn hóa",ชนชั้น มาตรฐานวัฒนธรรม,အဆင့်အတန်း၊ ယဉ်ကျေးမှုစံနှုန်း,階級、文化的基準,"계급, 문화 표준","clase, estándar cultural","kelas, standar budaya",4
2-1,28.     ,手冊,shǒucè ,N,"programme, manual","chương trình, sổ tay hướng dẫn","โปรแกรม, คู่มือ",ပရိုဂရမ်၊ လက်စွဲစာအုပ်,プログラム、マニュアル,"프로그램, 매뉴얼","programa, manual","program, manual",4
2-1,29.     ,洗手間,xǐshǒujiān ,N,"restroom (間 -jiān, part of 房間, room)",nhà vệ sinh,ห้องน้ำ (間 -jiān ส่วนหนึ่งของ 房間 ห้อง),သန့်စင်ခန်း (間 -jiān၊ 房間၊ အခန်း),トイレ（間間、房間の一部）,"화장실 (간 -jiān, 房간의 일부, 방)","baño (間 -jiān, parte de 房間, habitación)","kamar kecil (間 -jiān, bagian dari 房間, kamar)",4
2-1,30.     ,提醒,tíxǐng ,V,to remind,nhắc nhở,เพื่อเตือน,သတိပေးရန်,思い出させる,상기시키다,recordar,mengingatkan,4
2-1,31.     ,響,xiǎng ,Vp,to sound,"nghe, âm thanh",เสียง,အသံထွက်ရန်,音を出す,소리를 내다,sonar,berbunyi,4
2-1,32.     ,糟,zāo ,Vs,awful,"tồi tệ, kinh khủng",แย่มาก,မကောင်းပါဘူး။,ひどい,끔찍한,horrible,buruk sekali,4
2-1,33.     ,噓,xū ,Ptc,"Shh, to hush ","Suỵt, bảo im lặng",จุ๊ๆ เพื่อเงียบๆ,တိတ်တိတ်နေ,しー、黙ってろ,"쉿, 쉿","Shh, callar","Ssst, diam",4
2-1,34.     ,看不成,kànbùchéng ,,to miss out,bỏ lỡ,ที่จะพลาด,လက်လွတ်ရန်,逃す,놓치다,perderse,dilewatkan,4
2-1,35.     ,聯絡感情,liánluò gǎnqíng,,to get to know each other better to strengthen ties with each other,tìm hiểu nhau hơn để thắt chặt mối quan hệ,เพื่อทำความรู้จักกันให้ดีขึ้นเพื่อกระชับความสัมพันธ์ระหว่างกัน,တစ်ယောက်နဲ့တစ်ယောက် ဆက်ဆံရေး ပိုကောင်းလာဖို့၊,お互いをもっと知り、絆を強める,서로를 더 잘 알아가기 위해 서로의 유대를 강화하기 위해,conocernos mejor fortalecer los lazos entre nosotros,lebih mengenal satu sama lain untuk mempererat tali silaturahmi satu sama lain,4
2-1,36.     ,擤鼻涕,xǐng bítì ,,to blow one’s nose,hỉ mũi,เพื่อสั่งน้ำมูก,နှာခေါင်းမှုတ်ရန်,鼻をかむ,코를 풀다,sonarse la nariz,meniup hidung seseorang,4
2-2,1.        ,場,chǎng ,M,measure word for performances,buổi (lượng từ cho tiết mục biểu diễn),วัดคำสำหรับการแสดง,ဖျော်ဖြေပွဲများအတွက် စကားလုံးကို တိုင်းတာပါ။,パフォーマンスのための単語を測定する,공연에 대한 단어 측정,medir la palabra para actuaciones,mengukur kata untuk pertunjukan,4
2-2,2.        ,強調,qiángdiào ,V,to stress,nhấn mạnh,ความเครียด,ဖိစီးရန်,ストレスを与える,스트레스를 받다,estresarse,stres,4
2-2,3.        ,團體,tuántǐ ,N,group,nhóm,กลุ่ม,အဖွဲ့,グループ,그룹,grupo,kelompok,4
2-2,4.        ,千萬,qiānwàn ,Adv,by all means,bằng mọi giá,โดยทั้งหมด,နည်းလမ်းပေါင်းစုံဖြင့်,ぜひ,꼭,sin falta,dengan segala cara,4
2-2,5.        ,鋼琴,gāngqín ,N,piano,dương cầm,เปียโน,စန္ဒယား,ピアノ,피아노,piano,piano,4
2-2,6.        ,小提琴,xiǎotíqín ,N,violin,vĩ cầm,ไวโอลิน,တယော,バイオリン,바이올린,violín,biola,4
2-2,7.        ,古典,gǔdiǎn ,Vs,classical,cổ điển,คลาสสิค,ရှေးရိုး,古典的な,고전,clásico,klasik,4
2-2,8.        ,畫家,huàjiā,N,painter,họa sĩ,จิตรกร,ပန်းချီဆရာ,画家,화가,pintor,pelukis,4
2-2,9.        ,畫,huà,V/N,to paint; painting,vẽ tranh; bức tranh,ทาสี; จิตรกรรม,ဆေးသုတ်ရန်; ပန်းချီ,絵を描くこと。絵画,그림을 그리다; 그림,pintar; cuadro,melukis; lukisan,4
2-2,10.     ,舞蹈,wǔdào ,N,dance,múa,เต้นรำ,ကခုန်သည်။,ダンス,춤,bailar,menari,4
2-2,11.     ,文學,wénxué ,N,literature,văn học,วรรณกรรม,စာပေ,文学,문학,literatura,literatur,4
2-2,12.     ,繪畫,huìhuà ,N,"(act of) painting, drawing",hành động vẽ tranh,(การกระทำ) การวาดภาพการวาดภาพ,(၎) ပန်းချီ၊ ပုံဆွဲခြင်း။,絵を描く、描く（行為）,"(행위) 그림을 그리다, 그리다","(acto de) pintar, dibujar","(tindakan) melukis, menggambar",4
2-2,13.     ,等,děng ,Ptc,"etc., and so forth",vân vân,ฯลฯ เป็นต้น,စသည်တို့ဖြစ်သည်။,などなど,등등 등등,"etc., y así sucesivamente","dll, dan seterusnya",4
2-2,14.     ,寺廟,sìmiào ,N,temple,ngôi đền,วัด (wat) / ศาลเจ้า (san chao),ဘုရား (phaya:) / စေတီ (zay dee) / နတ်ကွန်း (nut kun),寺院 (jīn) / 廟 (byō),사원 (sawon) / 묘 (myo),templo,kuil,4
2-2,15.     ,表現,biǎoxiàn ,V/N,"to manifest, express; manifestation, expression","thể hiện, biểu lộ; sự thể hiện",แสดงออก; การสำแดงการแสดงออก,ထင်ရှားစေရန်၊ ထင်ရှားခြင်း၊ ထုတ်ဖော်ခြင်း။,明らかにする、表現する。現れ、表現,"표현하다, 표현하다; 발현, 표현","manifestar, expresar; manifestación, expresión","mewujudkan, mengekspresikan; manifestasi, ekspresi",4
2-2,16.     ,之,zhī ,Ptc,"of (from classical Chinese, roughly equivalent to the modern Chinese 的)","của (từ Hán văn, tương đương với 的)",ของ (จากภาษาจีนคลาสสิก โดยประมาณเทียบเท่ากับภาษาจีนสมัยใหม่ 的),၏ (ဂန္တဝင်တရုတ်မှ၊ အကြမ်းဖျင်းအားဖြင့် ခေတ်သစ်တရုတ်စကားနှင့် ညီမျှသည်),の (古典中国語から、現代​​中国語にほぼ相当),"of (고전 중국어에서 유래, 현대 중국어 的와 거의 동일함)","de (del chino clásico, aproximadamente equivalente al chino moderno 的)","dari (dari bahasa Tiongkok klasik, kira-kira setara dengan bahasa Tiongkok modern 的)",4
2-2,17.     ,劇情,jùqíng ,N,"story, plot, storyline","câu chuyện, cốt truyện","เรื่องราว, โครงเรื่อง, โครงเรื่อง",ဇာတ်လမ်း၊ ဇာတ်လမ်း၊ ဇာတ်လမ်း,ストーリー、プロット、ストーリーライン,"이야기, 줄거리, 줄거리","historia, trama, trama","cerita, alur, alur cerita",4
2-2,18.     ,導演,dǎoyǎn ,N,director (movies),đạo diễn (phim),ผู้กำกับ (ภาพยนตร์),ဒါရိုက်တာ (ရုပ်ရှင်),監督（映画）,감독 (영화),director (películas),sutradara (film),4
2-2,19.     ,所,suǒ ,Ptc,a verbal marker (marking what comes after as a verb),một dấu hiệu động từ (đánh dấu những gì theo sau là động từ),เครื่องหมายทางวาจา (ทำเครื่องหมายสิ่งที่ตามมาเป็นคำกริยา),verbal marker (ကြိယာတစ်ခုအနေဖြင့် နောက်မှလာသောအရာကို အမှတ်အသားပြုခြင်း),動詞マーカー (後に来るものを動詞としてマークする),구두 표시(뒤에 오는 것을 동사로 표시),un marcador verbal (que marca lo que viene después como verbo),penanda verbal (menandai apa yang muncul setelahnya sebagai kata kerja),4
2-2,20.     ,紅,hóng ,Vs,popular (of an actress or singer) ,nổi tiếng (của diễn viên hoặc ca sĩ),เป็นที่นิยม (ของนักแสดงหรือนักร้อง),နာမည်ကြီး (မင်းသမီး သို့မဟုတ် အဆိုတော်)၊,（女優または歌手の）人気のある,인기 있는 (배우나 가수의),popular (de una actriz o cantante),populer (dari seorang aktris atau penyanyi),4
2-2,21.     ,明星,míngxīng,N,movie stars,ngôi sao điện ảnh,ดาราภาพยนตร์,ရုပ်ရှင်သရုပ်ဆောင်များ,映画スター,영화배우,estrellas de cine,bintang film,4
2-2,22.     ,演技,yǎnjì ,N,acting skills,kỹ năng diễn xuất,ทักษะการแสดง,သရုပ်ဆောင်စွမ်းရည်,演技力,연기력,habilidades de actuación,keterampilan akting,4
2-2,23.     ,得,dé ,Vpt,"to get, obtain, receive","nhận được, đạt được","เพื่อรับ, รับ, รับ",ရယူရန်၊ ရယူရန်၊ လက်ခံရန်,得る、得る、受け取る,"얻다, 획득하다, 받다","conseguir, obtener, recibir","mendapatkan, mendapatkan, menerima",4
2-2,24.     ,獎,jiǎng ,N,award,giải thưởng,รางวัล,ဆု,賞,상,otorgar,menghadiahkan,4
2-2,25.     ,廣場,guǎngchǎng ,N,plaza,quảng trường,พลาซ่า,ပလာဇာ,プラザ,큰 광장,plaza,alun-alun,4
2-2,26.     ,或,huò ,Conj,or,hoặc là,หรือ (rue),သို့မဟုတ် (thoe ma hoke),または (matawa),또는 (ttoneun),o,atau,4
2-2,27.     ,仔細,zǐxì ,Adv,"carefully, attentively","cẩn thận, chú ý",อย่างระมัดระวังอย่างตั้งใจ,"ဂရုတစိုက်, ဂရုတစိုက်",注意深く、注意深く,"조심스럽게, 주의 깊게","cuidadosamente, atentamente","hati-hati, penuh perhatian",4
2-2,28.     ,留意,liúyì ,Vst,"to pay attention to, take note of","chú ý đến, lưu ý",ให้ความสนใจจดบันทึก,သတိပြုရန်၊ သတိပြုပါ။,注意する、注意する,"주의를 기울이다, 주목하다","prestar atención, tomar nota de","memperhatikan, mencatat",4
2-2,29.     ,處處,chùchù ,Adv,everywhere,khắp nơi,ทุกที่ (thuk thi) / ทั่วไป (thua pai),နေရာတိုင်း (nayar tine:),至る所 (itaru tokoro) / あちこち (achikochi),어디나 (eodina) / 도처에 (docheoe),en todos lados,di mana pun,4
2-2,30.     ,滿足,mǎnzú ,Vst,to satisfy,thỏa mãn,เพื่อตอบสนอง,ကျေနပ်ရန်,満足させる,만족시키다,satisfacer,memuaskan,4
2-2,31.     ,豐盛,fēngshèng ,Vs,"sumptuous, abundant","thịnh soạn, phong phú","หรูหรา, อุดมสมบูรณ์","sumptuous, ပေါများ",贅沢な、豊富な,"호화로운, 풍부한","suntuoso, abundante","mewah, berlimpah",4
2-2,32.     ,國家戲劇院,Guójiā Xìjùyuàn ,,National Theater ,Nhà hát Quốc gia,โรงละครแห่งชาติ,အမျိုးသားကဇာတ်ရုံ,国立劇場,국립극장,Teatro nacional,Teater Nasional,4
2-2,33.     ,雲門舞集,Yúnmén Wǔjí ,,Cloud Gate Dance Theatre,Vũ đoàn Múa Cổng Mây,โรงละครเต้นรำคลาวด์เกต,Cloud Gate Dance ပြဇာတ်ရုံ,クラウド ゲート ダンス シアター,클라우드 게이트 댄스 극장,Teatro de danza Cloud Gate,Teater Tari Cloud Gate,4
2-2,34.     ,國家音樂廳,Guójiā Yīnyuètīng ,,National Concert Hall,Nhà hát Hòa nhạc Quốc gia,หอแสดงคอนเสิร์ตแห่งชาติ,အမျိုးသားကပွဲခန်းမ,国立音楽堂,국립콘서트홀,Sala Nacional de Conciertos,Gedung Konser Nasional,4
2-2,35.     ,金馬影展,Jīnmǎ Yǐngzhǎn ,,Golden Horse Film Festival,Lễ hội Phim Kim Mã,เทศกาลภาพยนตร์ม้าทองคำ,ရွှေမြင်းရုပ်ရှင်ပွဲတော်,金馬映画祭,금마장영화제,Festival de Cine del Caballo Dorado,Festival Film Kuda Emas,4
2-2,36.     ,現代舞,xiàndài wǔ ,,modern dance,múa hiện đại,การเต้นรำสมัยใหม่,ခေတ်မီအက,モダンダンス,현대 무용,danza moderna,tari modern,4
2-2,37.     ,無人不知無人不曉,wúrén bùzhī wúrén bùxiǎo,,known to all,ai cũng biết,รู้จักทุกคน,အားလုံးသိကြပါတယ်။,誰もが知っている,모두에게 알려진,conocido por todos,diketahui semua orang,4
2-2,38.     ,百聞不如一見,bǎiwén bùrú yíjiàn ,,seeing it once is better than hearing about it a hundred times,trăm nghe không bằng một thấy,เห็นครั้งเดียวก็ดีกว่าได้ยินเรื่องนั้นร้อยครั้ง,တစ်ကြိမ်မြင်ခြင်းသည် အကြိမ်တစ်ရာကြားသိခြင်းထက် သာ၍ကောင်း၏။,それについて百回聞くよりも、一度見た方が良い,백 번 듣는 것보다 한 번 보는 것이 낫다,Verlo una vez es mejor que escucharlo cien veces,melihatnya sekali lebih baik daripada mendengarnya seratus kali,4
2-2,39.     ,老街,lǎojiē ,,old street,phố cổ,ถนนเก่า,လမ်းဟောင်း,古い通り,오래된 거리,calle vieja,jalan tua,4
2-2,40.     ,街頭藝術,jiētóu yìshù ,,street art,nghệ thuật đường phố,ศิลปะบนท้องถนน,လမ်းဘေးအနုပညာ,ストリートアート,거리 예술,arte callejero,seni jalanan,4
2-2,41.     ,裝置藝術,zhuāngzhì yìshù ,,installation art,nghệ thuật sắp đặt,ศิลปะการติดตั้ง,တပ်ဆင်ခြင်းအနုပညာ,インスタレーションアート,설치 미술,arte de instalación,seni instalasi,4
2-2,42.     ,填飽,tiánbǎo ,,to fill one’s belly,lấp đầy bụng đói,เพื่ออิ่มท้อง,ဗိုက်ပြည့်ဖို့,お腹を満たすために,배를 채우려고,llenar la barriga,mengisi perut seseorang,4
2-2,43.     ,口腹之慾,kǒufù zhīyù ,,the desire of one’s palate,thỏa mãn vị giác,ความปรารถนาในเพดานปากของตน,အာခေါင်၏ဆန္ဒ,味覚の欲求,입맛의 욕구,el deseo del paladar,keinginan selera seseorang,4
3-1,1.        ,李文麗,Lǐ Wénlì,,"Li Wenli, female","Lý Văn Lệ, nữ",หลี่ เหวินหลี หญิง,Li Wenli၊ အမျိုးသမီး,リー・ウェンリー、女性,리웬리(여),"Li Wenli, mujer","Li Wenli, perempuan",4
3-1,2.        ,外婆,wàipó,N,grandma,bà ngoại/bà nội,ยาย,အဖွား,おばあちゃん,할머니,abuela,nenek,4
3-1,3.        ,女裝,nǚzhuāng,N,women’s apparel,quần áo phụ nữ,เครื่องแต่งกายของผู้หญิง,အမျိုးသမီးအဝတ်အစား,婦人服,여성복,ropa de mujer,pakaian wanita,4
3-1,4.        ,何必,hébì,Adv,"Why bother…, Why must?",Tại sao phải...?,ทำไมต้องกังวล…ทำไมต้อง?,ဘာလို့ စိတ်ရှုပ်ရမှာလဲ...၊,なぜわざわざ…、なぜそうしなければならないのでしょうか？,"왜 귀찮게…, 왜 해야 합니까?",¿Por qué molestarse…? ¿Por qué hacerlo?,"Kenapa repot…, Kenapa harus?",4
3-1,5.        ,指,zhǐ,Vst,"to mean, to indicate","có nghĩa là, chỉ",หมายถึงเพื่อระบุ,ဆိုလိုရင်း၊ ထောက်ပြရန်,意味する、示す,"의미하다, 나타내다","querer decir, indicar","berarti, menunjukkan",4
3-1,6.        ,划算,huásuàn,Vs,"cost effective, a good deal","hiệu quả chi phí, hời",คุ้มค่าคุ้มราคา,စျေးသက်သာတယ်၊ စျေးသက်သာတယ်။,費用対効果が高く、お買い得,"비용 효율적, 좋은 거래","rentable, una buena oferta","hemat biaya, bagus",4
3-1,7.        ,身材,shēncái,N,"figure, build, body (shape) ","vóc dáng, thân hình","รูป, โครงสร้าง, ร่างกาย (รูปร่าง)",ပုံသဏ္ဍာန်၊ ကိုယ်ထည် (ပုံသဏ္ဍာန်)၊,体型、体格、体（形）,"그림, 빌드, 신체 (모양)","figura, constitución, cuerpo (forma)","sosok, bentuk, tubuh (bentuk)",4
3-1,8.        ,模特兒,mótèr,N,model,người mẫu,แบบอย่าง,မော်ဒယ်,モデル,모델,modelo,model,4
3-1,9.        ,不見得,bújiàndé,Adv,not necessarily,"chưa chắc, không nhất thiết",ไม่จำเป็น,မလိုအပ်ပါ။,必ずしもではない,반드시 그런 것은 아니다,no necesariamente,belum tentu,4
3-1,10.     ,仿冒品,fǎngmàopǐn,N,"knock-off, counterfeit product (仿冒 fǎngmào,","hàng giả, hàng nhái","สินค้าลอกเลียนแบบ (仿冒 fǎngmào,",ထုတ်ကုန်အတု (仿冒 fǎngmào၊,模倣品、偽造品,"복제품, 위조품(仿冒 fångmào,","imitación, producto falsificado (仿冒 fǎngmào,","tiruan, produk palsu (仿冒 fǎngmào,",4
3-1,11.     ,瑕疵,xiácī,N,defect,"khiếm khuyết, lỗi",ข้อบกพร่อง,ချွတ်ယွင်းချက်,欠陥,결함,defecto,cacat,4
3-1,12.     ,圖片,túpiàn,N,picture,hình ảnh,รูปภาพ,ပုံ,写真,그림,imagen,gambar,4
3-1,13.     ,落差,luòchā,N,difference,sự khác biệt,ความแตกต่าง,ကွာခြားချက်,違い,차이점,diferencia,perbedaan,4
3-1,14.     ,提供,tígōng,V,to offer,cung cấp,ที่จะเสนอ,ပူဇော်ရန်,提供する,제안하다,ofrecer,menawarkan,4
3-1,15.     ,資訊,zīxùn,N,information,thông tin,ข้อมูล (khomun) / เอกสาร (eksan),အချက်အလက် (a chet a let) / ဒေတာ (day ta),資料 (shiryō) / データ (dēta),자료 (jaryo) / 데이터 (deiteo),información,informasi,4
3-1,16.     ,疑問,yíwèn,N,"question, doubt","câu hỏi, nghi ngờ",คำถามข้อสงสัย,မေးခွန်း၊ သံသယ,質問、疑問,"질문, 의심","pregunta, duda","pertanyaan, keraguan",4
3-1,17.     ,嘛,ma,Ptc,"sentence particle,‘it is obvious that’","rõ ràng là, hiển nhiên là",อนุภาคประโยค 'เห็นได้ชัดว่า',ဝါကျအမှုန်အမွှား၊ 'သိသာပါတယ်'၊,助詞「それは明らかです」,"문장 입자, '그것은 분명하다'","partícula de oración, ""es obvio que""","partikel kalimat, 'sudah jelas'",4
3-1,18.     ,慣,guàn,Ptc,"to get used to, accustomed to etc… ","quen với, quen thuộc với, v.v...",ทำความคุ้นเคย คุ้นเคย ฯลฯ...,ကျင့်သားရစေရန်၊ စသည်ဖြင့်...,慣れる、慣れるなど…,"익숙해지다, 익숙해지다 등등...","acostumbrarse, acostumbrarse, etc…","membiasakan diri, membiasakan diri dll…",4
3-1,19.     ,瀏覽,liúlǎn,V,"to browse, surf (the internet)",lướt (web),ท่องเว็บ (อินเทอร์เน็ต),ရှာဖွေရန်၊ surf (အင်တာနက်),(インターネットを) 閲覧する、サーフィンする,"탐색하다, 서핑하다 (인터넷)","navegar, navegar (internet)","menelusuri, berselancar (internet)",4
3-1,20.     ,後悔,hòuhuǐ,Vs,"to regret, feel sorrowful about","hối tiếc, ân hận về","เสียใจ, รู้สึกเสียใจเกี่ยวกับ",ဝမ်းနည်းဖို့၊ ဝမ်းနည်းဖို့,後悔する、悲しむ,"후회하다, 슬퍼하다","arrepentirse, sentir pena por","menyesal, merasa sedih",4
3-1,21.     ,深夜,shēnyè,N,"late at night, in the wee hours","khuya, vào lúc nửa đêm","ในตอนดึก, ในเวลากระจ่าง",ညဉ့်နက်မှ၊,深夜、早朝に,"늦은 밤, 새벽에","tarde en la noche, en las primeras horas","larut malam, dini hari",4
3-1,22.     ,任何,rènhé,Det,any,bất kỳ,ใดๆ,တစ်ခုခု,どれでも,어느,cualquier,setiap,4
3-1,23.     ,駭客,hàikè,N,hacker,tin tặc,แฮ็กเกอร์,ဟက်ကာ,ハッカー,해커,hacker,peretas,4
3-1,24.     ,盜用,dàoyòng,V,"to hack, use illegitamately",xâm nhập bất hợp pháp,เพื่อแฮ็กใช้อย่างผิดกฎหมาย,ဟက်ကာ၊ တရားမ၀င် အသုံးပြုခြင်း။,ハッキングする、違法に使用する,"해킹하다, 불법적으로 사용하다","hackear, usar ilegalmente","meretas, gunakan secara tidak sah",4
3-1,25.     ,認證,rènzhèng,V/N,to certify; certification,chứng nhận; sự chứng nhận,รับรอง; การรับรอง,အသိအမှတ်ပြုရန်; အောင်လက်မှတ်,証明すること。認証,인증하다; 인증,certificar; proceso de dar un título,mensertifikasi; sertifikasi,4
3-1,26.     ,銀髮族,yínfǎzú,N,"senior citizens, seniors (銀 yín, silver; 髮 -fǎ, hair)",người cao tuổi,"ผู้สูงอายุ, ผู้อาวุโส (銀 yín, เงิน; 髮 -fǎ, ผม)",သက်ကြီးရွယ်အိုများ၊ သက်ကြီးရွယ်အိုများ (銀 yín၊ ငွေ; 髮 -fǎ၊ ဆံပင်),高齢者、高齢者 (銀 yín、銀、髮 -fƎ、髪),"노인, 노인","personas mayores, personas mayores (銀 yín, plata; 髮 -fǎ, cabello)","warga lanjut usia, lanjut usia (銀 yín, perak; 髮 -fǎ, rambut)",4
3-1,27.     ,從前,cóngqián,N,"in the past, before, formerly","trước đây, ngày xưa","ในอดีต, เมื่อก่อน, เมื่อก่อน",အရင်တုန်းက၊ အရင်က,過去に、以前に、かつて,"과거에, 이전에, 이전에","en el pasado, antes, anteriormente","di masa lalu, sebelumnya, dahulu kala",4
3-1,28.     ,通常,tōngcháng,Adv,"generally, as a rule","nhìn chung, theo quy tắc",โดยทั่วไปตามกฎแล้ว,ယေဘုယျအားဖြင့်၊ စည်းကမ်းအဖြစ်,一般的に、原則として,일반적으로 원칙적으로,"generalmente, como regla","secara umum, sebagai suatu peraturan",4
3-1,29.     ,取貨,qǔhuò,V-sep,to pick up goods,nhận hàng,เพื่อรับสินค้า,ကုန်ပစ္စည်းကောက်ဖို့,商品を受け取る,물건을 집으러,recoger mercancías,mengambil barang,4
3-1,30.     ,付款,fùkuǎn,V-sep,to make payment,thanh toán,เพื่อชำระเงิน,ငွေပေးချေရန်,支払いをする,결제하다,realizar el pago,melakukan pembayaran,4
3-1,31.     ,雲端科技,yúnduān kējì,,cloud/internet technology,công nghệ điện toán đám mây,เทคโนโลยีคลาวด์/อินเทอร์เน็ต,cloud/internet နည်းပညာ,クラウド/インターネット技術,클라우드/인터넷 기술,tecnología de nube/internet,teknologi awan/internet,4
3-1,32.     ,宅經濟,zháijīngjì,,online economy,kinh tế trực tuyến,เศรษฐกิจออนไลน์,အွန်လိုင်းစီးပွားရေး,オンライン経済,온라인 경제,economía en línea,ekonomi daring,4
3-1,33.     ,用不慣,yòngbúguàn,,"not used/accustomed to using, not comfortable with","không quen dùng, không thoải mái với","ไม่ได้ใช้/ไม่คุ้นเคยกับการใช้, ไม่สะดวกใจกับ",မသုံးဖူး/သုံးလေ့မရှိ၊ အဆင်မပြေပါ။,使っていない/使い慣れていない、使い慣れていない,"사용에 익숙하지 않음/익숙하지 않음, 불편함","no estoy acostumbrado/acostumbrado a usar, no me siento cómodo con","tidak terbiasa/terbiasa menggunakan, tidak nyaman",4
3-1,34.     ,退換,tuì huàn,,"to return, to exchange for something else","trả lại, đổi",เพื่อกลับมาเพื่อแลกเปลี่ยนกับสิ่งอื่น,ပြန်လာဖို့၊ တခြားအရာနဲ့ လဲလှယ်ဖို့,返品する、他のものと交換する,"반환하다, 다른 것으로 교환하다","devolver, cambiar por otra cosa","kembali, menukar sesuatu yang lain",4
3-1,35.     ,信用卡,xìnyòng kǎ,,credit card,thẻ tín dụng,บัตรเครดิต,အကြွေးဝယ်ကဒ်,クレジットカード,신용카드,tarjeta de crédito,kartu kredit,4
3-2,1.        ,縮短,suōduǎn,Vpt,to shorten,rút ngắn,เพื่อย่อให้สั้นลง,အတိုချုံးရန်,短くする,단축하다,acortar,mempersingkat,4
3-2,2.        ,人們,rénmen,N,people in general,mọi người nói chung,คนทั่วไป,ယေဘုယျအားဖြင့် လူတွေ,一般の人,사람들은 일반적으로,gente en general,orang pada umumnya,4
3-2,3.        ,距離,jùlí,N,distance,khoảng cách,ระยะทาง,အကွာအဝေး,距離,거리,distancia,jarak,4
3-2,4.        ,取代,qǔdài,V,to replace,thay thế,เพื่อแทนที่,အစားထိုးရန်,交換する,교체하다,reemplazar,menggantikan,4
3-2,5.        ,信,xìn,N,"letter, mail","thư, thư tín","จดหมาย, จดหมาย",စာ၊ မေးလ်,手紙、郵便,"편지, 우편물","carta, correo","surat, surat",4
3-2,6.        ,影集,yǐngjí,N,(TV) series,phim bộ (truyền hình),(โทรทัศน์) ซีรีส์,(ရုပ်သံ) ဇာတ်လမ်းတွဲ,（連続テレビ番組,(TV) 시리즈,(Series de TV,serial (TV),4
3-2,7.        ,取得,qǔdé,V,"to obtain, access","có được, tiếp cận",เพื่อรับการเข้าถึง,ရယူရန်၊ ဝင်ရောက်ရန်,入手する、アクセスする,"획득하다, 접근하다","obtener, acceder","memperoleh, mengakses",4
3-2,8.        ,例如,lìrú,Vst,for example,ví dụ,ตัวอย่างเช่น (toyang chen) / ยกตัวอย่าง (yok toyang),ဥပမာ (u pa ma) / ဥပမာအားဖြင့် (u pa ma a: hpyin),例えば (tatoeba),예를 들면 (yereul deulmyeon) / 예컨대 (yeokeondae),Por ejemplo,Misalnya,4
3-2,9.        ,民眾,mínzhòng,N,"the public, people in general","công chúng, mọi người",ประชาชนประชาชนทั่วไป,အများသူငှာ၊ အများသူငှာ,大衆、一般の人々,"대중, 일반 사람들","el publico, la gente en general","masyarakat, masyarakat pada umumnya",4
3-2,10.     ,高速公路,gāosù gōnglù,N,"highway, freeway",đường cao tốc,"ทางหลวง,ทางด่วน",အဝေးပြေးလမ်း၊ အမြန်လမ်း,高速道路、高速道路,"고속도로, 고속도로","autopista, autopista","jalan raya, jalan bebas hambatan",4
3-2,11.     ,前,qián,N,before (formal),trước (trang trọng),ก่อน (เป็นทางการ),အရင်က (တရားဝင်),前（正式）,전에 (공식적으로),antes (formal),sebelumnya (resmi),4
3-2,12.     ,查詢,cháxún,V,"to look up, check","tra cứu, kiểm tra",เพื่อค้นหาตรวจสอบ,ကြည့်ရှုရန်၊ စစ်ဆေးပါ။,調べる、調べる,"찾아보다, 확인하다","mirar hacia arriba, comprobar","mencari, periksa",4
3-2,13.     ,路況,lùkuàng,N,"road situation, traffic situation",tình hình giao thông,สถานการณ์ถนน สถานการณ์การจราจร,လမ်းအခြေအနေ၊ ယာဉ်ကြောအခြေအနေ,道路状況、交通状況,"도로 상황, 교통 상황","situación de la carretera, situación del tráfico","situasi jalan, situasi lalu lintas",4
3-2,14.     ,避開,bìkāi,V,to avoid,tránh,เพื่อหลีกเลี่ยง,ရှောင်ရန်,避けるために,피하기 위해,evitar,menghindari,4
3-2,15.     ,路段,lùduàn,N,section of road,đoạn đường,ส่วนของถนน,လမ်းအပိုင်း,道路のセクション,도로 구간,tramo de carretera,bagian jalan,4
3-2,16.     ,若,ruò,Conj,"if, supposing","nếu, giả sử",ถ้าสมมุติ,ဆိုပါစို့,もし、仮に,"만약에, 가정한다면","si, suponiendo","jika, seandainya",4
3-2,17.     ,運用,yùnyòng,V,"to use, employ","sử dụng, dùng",เพื่อใช้จ้าง,အသုံးပြုရန်၊ အလုပ်ခန့်ရန်,使用する、雇用する,"사용하다, 채용하다","usar, emplear","menggunakan, mempekerjakan",4
3-2,18.     ,病歷,bìnglì,N,medical records,bệnh án,เวชระเบียน,ဆေးမှတ်တမ်းများ,医療記録,의료 기록,registros médicos,rekam medis,4
3-2,19.     ,例子,lìzi,N,example,ví dụ,ตัวอย่าง,ဥပမာ,例,예,ejemplo,contoh,4
3-2,20.     ,更加,gèngjiā,Adv,even more,thậm chí còn,มากยิ่งขึ้น,ပိုလို့တောင်,さらにもっと,훨씬 더,aún más,bahkan lebih,4
3-2,21.     ,原本,yuánběn,Adv,originally,"ban đầu, vốn dĩ",เดิม (doem) / แต่เดิม (tae doem),မူလက (mu la ka) / မူလ (mu la) / မူလတုန်းက (mu la tone ka),元々 (motomoto) / 本来 (honrai),원래 (wollae) / 본래 (bollae),originalmente,semula,4
3-2,22.     ,忙碌,mánglù,Vs,busy,bận rộn,ยุ่ง (yung),အလုပ်ရှုပ် (a loke shoke),忙しい (isogashii),바쁘다 (bappeuda),ocupado,sibuk,4
3-2,23.     ,確實,quèshí,Adv,indeed,quả thực,อย่างแท้จริง,တကယ်ပါပဲ,確かに,물론,en efecto,Memang,4
3-2,24.     ,控制,kòngzhì,V,to control,kiểm soát,เพื่อควบคุม,ထိန်းချုပ်ရန်,制御する,통제하다,controlar,mengontrol,4
3-2,25.     ,表弟,biǎodì,N,cousin (younger male cousin from one’s mother’s side as well as from one’s father’s sisters),em họ (con trai của anh chị em họ bên nội hoặc bên ngoại),ลูกพี่ลูกน้อง (ลูกพี่ลูกน้องชายที่อายุน้อยกว่าจากฝั่งแม่และจากพี่สาวของพ่อ),ဝမ်းကွဲ (မိခင်ဘက်မှ လည်းကောင်း၊ ဖခင် ညီအစ်မများမှလည်းကောင်း)၊,いとこ（母方および父方の姉妹の若い男性のいとこ）,사촌 (어머니 쪽과 아버지 자매의 젊은 남자 사촌),primo (primo más joven por parte de la madre y por parte de las hermanas del padre),sepupu (sepupu laki-laki yang lebih muda dari pihak ibu dan juga dari saudara perempuan ayah),4
3-2,26.     ,退步,tuìbù,Vp,"to regress, get worse, fall behind","thụt lùi, tệ hơn, sa sút","ถดถอย, แย่ลง, ตกต่ำ",နောက်ပြန်ဆုတ်ဖို့၊ ပိုဆိုးလာတယ်၊ နောက်ကျသွားမယ်။,退行する、悪化する、後退する,"퇴보하다, 악화되다, 뒤쳐지다","retroceder, empeorar, quedarse atrás","mengalami kemunduran, menjadi lebih buruk, tertinggal",4
3-2,27.     ,過度,guòdù,Adv,"overly, excessively",quá mức,"มากเกินไป, มากเกินไป",လွန်လွန်ကဲကဲ,過剰に、過剰に,"지나치게, 과도하게","demasiado, excesivamente","berlebihan, berlebihan",4
3-2,28.     ,與,yǔ,Conj,and (formal),và (trang trọng),และ (เป็นทางการ),နှင့် (တရားဝင်),そして（正式な）,그리고 (공식적으로),y (formal),dan (formal),4
3-2,29.     ,生理,shēnglǐ,N,physical health,sức khỏe thể chất,สุขภาพกาย,ရုပ်ပိုင်းဆိုင်ရာကျန်းမာရေး,身体的健康,신체 건강,salud fisica,kesehatan fisik,4
3-2,30.     ,盯,dīng,V,to stare,nhìn chằm chằm,จ้องมอง,စိုက်ကြည့်ရန်,見つめる,응시하다,mirar fijamente,menatap,4
3-2,31.     ,螢幕,yíngmù,N,"screen, monitor",màn hình,หน้าจอมอนิเตอร์,မျက်နှာပြင်၊ မော်နီတာ,スクリーン、モニター,"스크린, 모니터","pantalla, monitor","layar, monitor",4
3-2,32.     ,疲倦,píjuàn,Vs,"tired, fatigued","mệt mỏi, uể oải",เหนื่อยเหนื่อย,ပင်ပန်းတယ်၊ ပင်ပန်းတယ်။,疲れた、疲れた,"피곤하다, 피곤하다","cansado, fatigado","lelah, lelah",4
3-2,33.     ,視力,shìlì,N,"vision, eyesight",thị lực,วิสัยทัศน์สายตา,အမြင်အာရုံ,視力、視力,"시력, 시력","visión, vista","penglihatan, penglihatan",4
3-2,34.     ,家長,jiāzhǎng,N,parent,phụ huynh,พ่อแม่,မိဘ,親,조상,padre,induk,4
3-2,35.     ,此外,cǐwài,Conj,in addition,thêm vào đó,นอกจากนี้ (nok chak ni) / อีกทั้ง (ik thang),ထို့ပြင် (hto pyin) / နောက်ပြီး (nout pyi:),さらに (sarani) / 別に (betsu ni),게다가 (gedaga) / 또한 (ttohan),además,Selain itu,4
3-2,36.     ,戶外,hùwài,N,outdoor,ngoài trời,กลางแจ้ง,အပြင်မှာ,屋外,집 밖의,exterior,di luar ruangan,4
3-2,37.     ,人類,rénlèi,N,"mankind, humans",nhân loại,มนุษยชาติมนุษย์,လူသားများ၊ လူသားများ,人類、人間,"인류, 인간","humanidad, humanos","manusia, manusia",4
3-2,38.     ,正面,zhèngmiàn,Vs,positive,tích cực,เชิงบวก,အပြုသဘော,ポジティブ,긍정적인,positivo,positif,4
3-2,39.     ,同時,tóngshí,Adv,at the same time,đồng thời,ในเวลาเดียวกัน,တစ်ချိန်တည်းမှာ,同時に,동시에,al mismo tiempo,pada saat yang sama,4
3-2,40.     ,負面,fùmiàn,Vs,negative,tiêu cực,เชิงลบ,အနုတ်လက္ခဏာ,ネガティブ,부정적인,negativo,negatif,4
3-2,41.     ,沉迷,chénmí,Vs,"to be obsessed with, wallow in","sa đà, chìm đắm",ที่จะหมกมุ่นอยู่กับหมกมุ่นอยู่กับ,အစွဲအလမ်းကြီးသော၊,夢中になる、のめり込む,"집착하다, 빠져들다","estar obsesionado con, revolcarse en","terobsesi, berkubanglah",4
3-2,42.     ,無形中,wúxíng zhōng,,imperceptibly,một cách vô hình,อย่างไม่น่าเชื่อ,မမြင်နိုင်,いつの間にか,눈에 띄지 않게,imperceptiblemente,tanpa disadari,4
3-2,43.     ,遠距教學,yuǎnjù jiāoxué,,distance learning,học từ xa,การเรียนรู้ทางไกล,အဝေးသင်သင်ကြားမှု,遠隔教育,원격 학습,enseñanza a distancia,pembelajaran jarak jauh,4
3-2,44.     ,大吵大鬧,dàchǎo dànào,,"to kick up a row, make a scene, scream bloody murder","làm ầm ĩ, gây rối","เตะกันเป็นแถว, จัดฉาก, กรีดร้องการฆาตกรรมนองเลือด",အတန်းတစ်ခုတက်ဖို့၊ မြင်ကွင်းတစ်ခုဖန်တီးဖို့၊ သွေးထွက်သံယို လူသတ်မှုကို အော်ဟစ်လိုက်ပါ။,喧嘩を起こす、騒ぎを起こす、血なまぐさい殺人を叫ぶ,"줄을 서고, 소란을 피우고, 피비린내 나는 살인을 비명을 지르다","armar una pelea, hacer una escena, gritar un asesinato sangriento","membuat keributan, membuat keributan, meneriakkan pembunuhan berdarah",4
3-2,45.     ,焦慮不安,jiāolǜ bù’ān,,to be anxious,lo lắng,จะต้องกังวล,စိတ်စောဖို့၊,不安になる,불안하다,estar ansioso,menjadi cemas,4
3-2,46.     ,總而言之,zǒng’ér yánzhī,,"in conclusion, to sum up, in short","tóm lại, nói tóm lại","โดยสรุป, สรุปโดยย่อ",နိဂုံးချုပ်အနေနဲ့ အတိုချုံးပြောရရင်,結論として、要約すると、要するに,결론적으로 요약하자면,"en conclusión, para resumir, en resumen","sebagai kesimpulan, singkatnya",4
4-1,1.        ,該,gāi,Vaux,"should, ought to","nên, phải",ควรควรจะ,ဖြစ်သင့်၊ သင့်ပါတယ်။,すべき、すべきである,"~해야 한다, ~해야 한다","debería, debería","seharusnya, seharusnya",4
4-1,2.        ,擺,bǎi,V,"to place, display","đặt, trưng bày",เพื่อวางแสดง,နေရာချရန်၊ ပြသရန်,置く、展示する,"배치하다, 전시하다","colocar, mostrar","menempatkan, menampilkan",4
4-1,3.        ,總算,zǒngsuàn,Adv,finally,cuối cùng,ในที่สุด,နောက်ဆုံးတော့,ついに,마지막으로,finalmente,Akhirnya,4
4-1,4.        ,欸,èi,Ptc,"hey, calling attention","này, nghe này (gây sự chú ý)",เฮ้ เรียกร้องความสนใจ,ဟေး၊,やあ、注意を喚起しています,"안녕하세요, 주의를 환기시키네요","oye, llamando la atencion","hei, menarik perhatian",4
4-1,5.        ,呀,yā,Ptc,particle indicating uncertainty,"à, ư (thể hiện sự không chắc chắn)",อนุภาคบ่งบอกถึงความไม่แน่นอน,မသေချာမှုကို ညွှန်ပြသော အမှုန်အမွှား,不確実性を示す粒子,불확실성을 나타내는 입자,partícula que indica incertidumbre,partikel yang menunjukkan ketidakpastian,4
4-1,6.        ,衣櫥,yīchú,N,closet,tủ quần áo,ตู้เสื้อผ้า,ဗီရို,クローゼット,벽장,armario,lemari,4
4-1,7.        ,梳妝台,shūzhuāngtái,N,dressing table,bàn trang điểm,โต๊ะเครื่องแป้ง,မှန်တင်ခုံ,化粧台,화장대,tocador,meja rias,4
4-1,8.        ,位置,wèizhì,N,"position, location",vị trí,"ตำแหน่ง, ที่ตั้ง",ရာထူး၊ တည်နေရာ,位置、場所,"위치, 위치","posición, ubicación","posisi, lokasi",4
4-1,9.        ,空間,kōngjiān,N,space,không gian,ช่องว่าง,အာကာသ,空間,공간,espacio,ruang angkasa,4
4-1,10.     ,科學,kēxué,N,science,khoa học,ศาสตร์,သိပ္ပံပညာ,科学,과학,ciencia,sains,4
4-1,11.     ,風水師,fēngshuǐshī,N,"Feng Shui master, geomancer (風水 fēngshuǐ, Feng Shui; 師 -shī, master)",thầy phong thủy,"ปรมาจารย์ฮวงจุ้ย นักภูมิศาสตร์ (風水 fēngshuǐ, ฮวงจุ้ย; 師 -shī, ปรมาจารย์)",Feng Shui သခင်၊ ဘူမိဗေဒပညာရှင် (風水 fēngshuǐ၊ Feng Shui; 師 -shī၊ သခင်),風水マスター、風水師 (風水 fēngshuí、Feng Shui; 師 -shī、マスター),"풍수 대가, 풍수사 (風水 fēngshuò, Feng Shui; 師 -shī, 대가)","Maestro de Feng Shui, geomante (風水 fēngshuǐ, Feng Shui; 師 -shī, maestro)","Ahli Feng Shui, ahli geomancer (風水 fēngshuǐ, Feng Shui; 師 -shī, ahli)",4
4-1,12.     ,在意,zàiyì,Vs,to care about,quan tâm,ที่จะดูแลเกี่ยวกับ,ဂရုစိုက်ရန်,気にする,걱정하다,preocuparse por,dipedulikan,4
4-1,13.     ,所謂,suǒwèi,V,"so-called, what is known as",cái gọi là,เรียกว่าสิ่งที่เรียกว่า,လို့ခေါ်တယ်၊ ဘာခေါ်တယ်၊,いわゆる、として知られているもの,"소위, 알려진 것","llamado, lo que se conoce como","disebut, apa yang dikenal sebagai",4
4-1,14.     ,角度,jiǎodù,N,"angle, perspective","góc độ, quan điểm","มุม, มุมมอง",ထောင့်၊ အမြင်,角度、遠近感,"각도, 관점","ángulo, perspectiva","sudut, perspektif",4
4-1,15.     ,改造,gǎizào,V,"to transform, restructure","chuyển đổi, tái cấu trúc",เพื่อเปลี่ยนแปลง ปรับโครงสร้างใหม่,အသွင်ပြောင်းရန်၊ ပြန်လည်ဖွဲ့စည်းရန်,変革する、再構築する,"변형시키다, 재구성하다","transformar, reestructurar","mengubah, merestrukturisasi",4
4-1,16.     ,學問,xuéwèn,N,a branch of learning,một ngành học,สาขาการเรียนรู้,သင်ယူမှု၏အကိုင်းအခက်တစ်ခု,学習の一分野,학문의 한 분야,una rama del aprendizaje,salah satu cabang pembelajaran,4
4-1,17.     ,居住,jūzhù,Vi,"to live, reside","sinh sống, cư trú",ที่จะมีชีวิตอยู่อาศัยอยู่,နေထိုင်ရန်,住む、住む,"살다, 거주하다","vivir, residir","hidup, tinggal",4
4-1,18.     ,日常,rìcháng,Vs-attr,daily,hàng ngày,รายวัน,နေ့စဉ်,毎日,일일,a diario,sehari-hari,4
4-1,19.     ,布置,bùzhì,N/V,"décor, layout, arrangement; to decorate, to arrange furniture","bài trí, sự sắp xếp; trang trí, sắp xếp nội thất",การตกแต่ง การจัดวาง การจัดวาง; ตกแต่ง จัดวางเฟอร์นิเจอร์,အပြင်အဆင်၊ အပြင်အဆင်၊ စီစဉ်မှု; အလှဆင်ရန်၊ ပရိဘောဂများစီစဉ်ရန်,装飾、レイアウト、配置。飾る、家具を配置する,"장식, 레이아웃, 배열; 장식하다, 가구를 배치하다","decoración, distribución, disposición; decorar, arreglar muebles","dekorasi, tata letak, penataan; mendekorasi, menata furnitur",4
4-1,20.     ,凶猛,xiōngměng,Vs,"fierce, ferocious","dữ tợn, hung bạo",ดุร้ายดุร้าย,ပြင်းထန်သော၊ ပြင်းထန်သော,獰猛な、獰猛な,"맹렬한, 사나운","feroz, feroz","ganas, ganas",4
4-1,21.     ,動物,dòngwù,N,animal,động vật,สัตว์,တိရစ္ဆာန်,動物,동물,animal,hewan,4
4-1,22.     ,刀,dāo,N,knife,dao,มีด,ဓား,ナイフ,칼,cuchillo,pisau,4
4-1,23.     ,劍,jiàn,N,sword,kiếm,ดาบ,ဓား,剣,검,espada,pedang,4
4-1,24.     ,脾氣,píqì,N,temper,tính khí,อารมณ์,ဒေါသ,気性,성질,temperamento,melunakkan,4
4-1,25.     ,暴躁,bàozào,Vs,"cranky, irritable","cáu kỉnh, dễ nổi nóng",บ้าๆบอ ๆ หงุดหงิด,"cranky, စိတ်တိုတို",気難しい、イライラする,"짜증나는, 짜증나는","malhumorado, irritable","rewel, mudah tersinggung",4
4-1,26.     ,衝動,chōngdòng,Vs,"impulsive, rash","bốc đồng, hấp tấp","ห่าม, ผื่น",စိတ်မြန်သော၊ အဖု,衝動的な、発疹のある,"충동적인, 발진","impulsivo, erupción","impulsif, gegabah",4
4-1,27.     ,鏡子,jìngzi,N,mirror,gương,กระจกเงา,ကြေးမုံ,鏡,거울,espejo,cermin,4
4-1,28.     ,床腳,chuángjiǎo,N,foot of the bed,cuối giường,ปลายเตียง,ကုတင်ခြေရင်း,ベッドの足元,침대 발,pie de la cama,kaki tempat tidur,4
4-1,29.     ,光,guāng,Adv,"alone, merely","chỉ, đơn thuần",เพียงอย่างเดียวเท่านั้น,တစ်ယောက်တည်း,一人で、ただ,"혼자, 그저","solo, simplemente","sendirian, hanya saja",4
4-1,30.     ,擺飾,bǎishì,N,"décor, ornaments",đồ trang trí,"การตกแต่ง, เครื่องประดับ",အပြင်အဆင်၊ အဆင်တန်ဆာများ,装飾、装飾品,"장식, 장신구","decoración, adornos","dekorasi, ornamen",4
4-1,31.     ,老婆,lǎopó,N,wife,vợ,ภรรยา (phan ra ya),ဇနီး (za nee),妻 (tsuma),아내 (anae),esposa,istri,4
4-1,32.     ,把,bǎ ,M,"measure word for objects that can be grasped or objects with a handle, e.g., umbrella, knife","cây, cái, con (lượng từ cho vật có thể cầm hoặc có tay cầm, ví dụ: ô, dao)",วัดคำสำหรับสิ่งที่จับได้หรือวัตถุที่มีด้ามจับ เช่น ร่ม มีด,ဆုပ်ကိုင်နိုင်သော အရာဝတ္ထုများအတွက် စကားလုံး သို့မဟုတ် လက်ကိုင်ဖြင့် အရာဝတ္ထုများကို တိုင်းတာပါ၊ ဥပမာ၊ ထီး၊ ဓား၊,傘やナイフなど、掴める物や柄のある物を表す言葉,"잡을 수 있는 물건이나 손잡이가 있는 물건(예: 우산, 칼)에 대한 측정 단어","palabra de medida para objetos que se pueden agarrar u objetos con mango, por ejemplo, paraguas, cuchillo","kata ukur untuk benda yang dapat digenggam atau benda yang mempunyai pegangan, misalnya payung, pisau",4
4-1,33.     ,欺負,qīfù,V,"to pick on, bully, take advantage of","bắt nạt, ức hiếp",ที่จะเลือกรังแกเอาเปรียบ,ရွေးချယ်ရန်၊ အနိုင်ကျင့်၊ အခွင့်ကောင်းယူရန်,いじめる、いじめる、利用する,"괴롭히다, 괴롭히다, 이용하다","molestar, intimidar, aprovecharse de","memilih, menindas, memanfaatkan",4
4-1,34.     ,風水學,Fēngshuǐxué,,"the study of Feng Shui, geomancy (學 -xué, study, -ology)",môn phong thủy,"การศึกษาฮวงจุ้ย ภูมิศาสตร์ (學 -xué, การศึกษา, -วิทยา)",Feng Shui လေ့လာမှု၊ ပထဝီဝင်ပညာ (學 -xué၊ လေ့လာမှု၊ -ology),風水、風水学（学学、学問、学）,"풍수학, 풍수학(학 -xué, 학문, -ology)에 대한 연구","el estudio del Feng Shui, geomancia (學 -xué, estudio, -ología)","studi tentang Feng Shui, geomansi (學 -xué, studi, -ologi)",4
4-1,35.     ,正對門,zhèng duì mén,,directly facing the door,chính diện cửa,หันหน้าไปทางประตูโดยตรง,တံခါးကိုတိုက်ရိုက်မျက်နှာမူ,ドアに真正面を向いて,문을 바로 마주하고 있는,directamente frente a la puerta,menghadap langsung ke pintu,4
4-1,36.     ,譬如說,pìrú shuō,,for example,ví dụ,ตัวอย่างเช่น (toyang chen) / ยกตัวอย่าง (yok toyang),ဥပမာ (u pa ma) / ဥပမာအားဖြင့် (u pa ma a: hpyin),例えば (tatoeba),예를 들면 (yereul deulmyeon) / 예컨대 (yeokeondae),Por ejemplo,Misalnya,4
4-1,37.     ,一口氣,yì kǒu qì,,in one breath,một mạch,ในหนึ่งลมหายใจ,တဦးတည်းအသက်ရှု,一息に,한숨에,en un suspiro,dalam satu tarikan napas,4
4-1,38.     ,死定了,sǐdìngle,,"(You’re) a dead man, You’re toast",Mày chết chắc rồi,(คุณ) คนตาย คุณคือขนมปังปิ้ง,(မင်းက) လူသေ၊ မင်းက ဆန္ဒပြုတယ်။,(あなたは) 死人だ、あなたはトーストだ,(너는) 죽은 사람 넌 건배,"(Eres) hombre muerto, estás tostado","(Kamu) sudah mati, kamu bersulang",4
4-2,1.        ,地理,dìlǐ,N,geography,địa lý,ภูมิศาสตร์,ပထဝီဝင်,地理,지리학,geografía,geografi,4
4-2,2.        ,便利性,biànlìxìng,N,"convenience (性 -xìng, property, suffix indicating that a term is a noun)",sự tiện lợi,"ความสะดวกสบาย (性 - xìng, ทรัพย์สิน, คำต่อท้ายที่ระบุว่าคำนั้นเป็นคำนาม)",အဆင်ပြေခြင်း (性 -xìng၊ ပစ္စည်းဥစ္စာ၊ ဝေါဟာရတစ်ခုသည် နာမ်ဖြစ်ကြောင်းဖော်ပြသော နောက်ဆက်တွဲ),利便性 (性 -xìng、プロパティ、用語が名詞であることを示す接尾辞),"편의(性-xìng, 속성, 용어가 명사임을 나타내는 접미사)","conveniencia (性 -xìng, propiedad, sufijo que indica que un término es un sustantivo)","kenyamanan (性 -xìng, properti, akhiran yang menunjukkan bahwa suatu istilah adalah kata benda)",4
4-2,3.        ,周邊,zhōubiān,N,"surrounding, periphery","xung quanh, vùng ngoại vi","โดยรอบ, รอบนอก",ပတ်ဝန်းကျင်၊ အစွန်အဖျား,周囲、周縁,"주변, 주변","alrededores, periferia","sekitarnya, pinggiran",4
4-2,4.        ,住宅,zhùzhái,N,residence,nơi cư trú,ถิ่นที่อยู่,နေထိုင်ရာ,住居,거주,residencia,tempat tinggal,4
4-2,5.        ,詞,cí,N,"term,word","thuật ngữ, từ ngữ","เทอม, คำพูด",ဝေါဟာရ၊ စကားလုံး,用語、単語,"용어,단어","término, palabra","istilah, kata",4
4-2,6.        ,西元,Xīyuán,N,A.D. ,sau Công nguyên,อ.,ခရစ်နှစ် (A.D.),広告。,AD,ANUNCIO.,IKLAN.,4
4-2,7.        ,推翻,tuīfān,V,"to repudiate, overturn","bác bỏ, lật đổ",ปฏิเสธพลิกคว่ำ,ငြင်းဆိုရန်၊ မှောက်လှန်ရန်,否認する、覆す,"부인하다, 뒤집다","repudiar, revocar","menolak, membatalkan",4
4-2,8.        ,心中,xīnzhōng,N,in somebody’s heart,trong lòng ai đó,ในหัวใจของใครบางคน,တစ်စုံတစ်ယောက်ရဲ့နှလုံးသားထဲမှာ,誰かの心の中で,누군가의 마음속에,en el corazón de alguien,di hati seseorang,4
4-2,9.        ,名言,míngyán,N,well-known saying,câu nói nổi tiếng,คำพูดที่รู้จักกันดี,လူသိများသောစကား,有名な諺,잘 알려진 말,dicho muy conocido,pepatah terkenal,4
4-2,10.     ,建造,jiànzào,V,to build,xây dựng,ที่จะสร้าง,တည်ဆောက်ရန်,構築する,구축하다,construir,membangun,4
4-2,11.     ,塑造,sùzào,V,to shape,"định hình, tạo hình",เพื่อรูปร่าง,ပုံဖော်ရန်,形を整える,모양을 만들다,dar forma,membentuk,4
4-2,12.     ,命運,mìngyùn,N,"fate, destiny",số phận,โชคชะตาโชคชะตา,ကံတရား၊ ကံတရား,運命、運命,"운명, 운명","suerte, destino","takdir, takdir",4
4-2,13.     ,本身,běnshēn,N,"itself, oneself","bản thân, chính nó",ตัวเอง ตัวเอง,ကိုယ်တိုင်၊ ကိုယ်တိုင်,それ自体、自分自身,"그 자체, 자신","sí mismo, uno mismo","itu sendiri, diri sendiri",4
4-2,14.     ,地標,dìbiāo,N,landmark,"điểm mốc, biểu tượng",จุดสังเกต,မှတ်တိုင်,ランドマーク,경계표,marca,landmark,4
4-2,15.     ,參考,cānkǎo,V/N,to make reference to; reference,tham khảo; sự tham khảo,เพื่ออ้างอิงถึง; อ้างอิง,ကိုးကားရန်; အကိုးအကား,参照すること。参照,참고하다; 참조,hacer referencia a; referencia,membuat referensi; referensi,4
4-2,16.     ,外觀,wàiguān,N,"exterior, appearance","bề ngoài, ngoại thất",ภายนอกรูปลักษณ์ภายนอก,အပြင်ပန်း၊ အသွင်အပြင်,外観、外観,"외관, 외관","exterior, apariencia","eksterior, penampilan",4
4-2,17.     ,疊,dié,V,to stack,"chất đống, xếp chồng",เพื่อซ้อนกัน,stack လုပ်ဖို့,積み重ねる,쌓다,apilar,menumpuk,4
4-2,18.     ,盆子,pénzi,N,basin,chậu,ลุ่มน้ำ,အင်တုံ,流域,분지,cuenca,baskom,4
4-2,19.     ,斜,xié,Vs,"slanted, tilted","nghiêng, xiên",เอียงเอียง,စောင်း၊ စောင်း,傾いた、​​傾いた,"기울어진, 기울어진","inclinado, inclinado","miring, miring",4
4-2,20.     ,牆面,qiángmiàn,N,wall face,bề mặt tường,ใบหน้าผนัง,နံရံမျက်နှာ,壁面,벽면,cara de la pared,muka dinding,4
4-2,21.     ,聚寶盆,jùbǎopén,N,"treasure basin, similar to a cornucopia but filled with treasure (聚 -jù, to gather; 寶 -bǎo, treasure; ","bồn tụ báu, chậu thập bảo",อ่างสมบัติ คล้ายกับความอุดมสมบูรณ์แต่เต็มไปด้วยสมบัติ (聚 -jù รวบรวม; 寶 -bǎo สมบัติ;,စည်းစိမ်ဥစ္စာနှင့် ဆင်တူသော်လည်း ရတနာများ (聚 -jù၊ စုဆောင်းရန်; 寶 -bǎo၊ ရတနာ၊,宝の壺、宝庫に似ていますが、宝が詰まっています (聚 -jù、集める、寶 -bao、宝。,"보물 대야, 풍요의 뿔과 비슷하지만 보물로 가득 차 있습니다(聚 -jù, 모으다; 寶 -bō, 보물;","cuenca del tesoro, similar a una cornucopia pero llena de tesoros (聚 -jù, recolectar; 寶 -bǎo, tesoro;","baskom harta karun, mirip dengan tumpah ruah tetapi berisi harta karun (聚 -jù, mengumpulkan; 寶 -bǎo, harta karun;",4
4-2,22.     ,角,jiǎo,N,corner,góc,มุม,ထောင့်,コーナー,모서리,esquina,sudut,4
4-2,23.     ,龍,lóng,N,dragon,rồng,มังกร,နဂါး,ドラゴン,용,dragón,naga,4
4-2,24.     ,古,gǔ,Vs-attr,ancient (formal),cổ xưa (trang trọng),โบราณ (เป็นทางการ),ရှေးခေတ် (တရားဝင်),古代（正式な）,고대 (형식적으로),antiguo (formal),kuno (formal),4
4-2,25.     ,錢幣,qiánbì,N,"coins,currency","tiền xu, tiền tệ",เหรียญสกุลเงิน,ဒင်္ဂါးပြား၊ငွေကြေး,コイン、通貨,"동전, 통화","monedas, moneda","koin, mata uang",4
4-2,26.     ,屋頂,wūdǐng,N,roof,mái nhà,หลังคา,ခေါင်မိုး,屋根,지붕,techo,atap,4
4-2,27.     ,龜,guī,N,"turtle, tortoise",rùa,เต่าเต่า,လိပ်၊ လိပ်,カメ、カメ,"거북이, 거북이","tortuga, tortuga","kura-kura, kura-kura",4
4-2,28.     ,招財,zhāocái,Vi,to attract treasure,chiêu tài,เพื่อดึงดูดสมบัติ,အမြတ်တနိုးဆွဲဆောင်ရန်,宝物を引き寄せる,보물을 끌어들이다,atraer tesoro,menarik harta karun,4
4-2,29.     ,側門,cèmén,N,"side door, side gate","cửa hông, cổng phụ","ประตูด้านข้าง, ประตูด้านข้าง",ဘေးတံခါး၊ ဘေးတံခါး,サイドドア、サイドゲート,"옆문, 옆문","puerta lateral, puerta lateral","pintu samping, gerbang samping",4
4-2,30.     ,遮雨棚,zhēyǔpéng,N,"canopy, awning",mái hiên,"กันสาด, กันสาด",ကာဗာ၊,キャノピー、オーニング,"캐노피, 차양","dosel, toldo","kanopi, tenda",4
4-2,31.     ,如意,rúyì,N,"ruyi, scepter, s-shaped ornamental object that brings good luck","như ý, vật trang trí hình chữ S mang lại may mắn",Ruyi คทา วัตถุประดับรูปตัว S เสริมโชคลาภ,ရူရီ၊ လှံတံ၊ ဓနပုံသဏ္ဍာန် တန်ဆာဆင်သော အရာဝတ္ထု,如意、笏、幸運をもたらすS字型の装飾品,"루이(ruyi), 홀, 행운을 불러오는 S자 모양의 장식물","ruyi, cetro, objeto ornamental en forma de s que trae buena suerte","ruyi, tongkat kerajaan, benda hias berbentuk s yang membawa keberuntungan",4
4-2,32.     ,設計,shèjì,N/V,design; to design,thiết kế; sự thiết kế,ออกแบบ; เพื่อออกแบบ,ဒီဇိုင်း; ဒီဇိုင်းလုပ်ဖို့,デザイン;デザインする,설계; 디자인하다,diseño; diseñar,desain; mendesain,4
4-2,33.     ,偶然,ǒurán,Vs,"random, accidental, chancy","ngẫu nhiên, tình cờ","บังเอิญ, โดยบังเอิญ, โดยบังเอิญ",ကျပန်း၊ မတော်တဆ၊ အခွင့်အလမ်း,ランダム、偶然、偶然,"우연한, 우연한, 우연한","aleatorio, accidental, arriesgado","acak, tidak disengaja, kebetulan",4
4-2,34.     ,晉代,Jìn Dài,,Jin Dynasty,Nhà Tấn,ราชวงศ์จิน,Jin မင်းဆက်,晋朝,진 왕조,Dinastía Jin,Dinasti Jin,4
4-2,35.     ,郭璞,Guō Pú,,Guo Pu,Quách Phác,กัวปู,Guo Pu,郭浦,궈푸,Guo Pu,Guo Pu,4
4-2,36.     ,英國,Yīngguó,,the UK,Vương quốc Anh,สหราชอาณาจักร,ယူကေ,イギリス,영국,el reino unido,Inggris,4
4-2,37.     ,邱吉爾,Qiūjí’ěr,,Churchill,Churchill,เชอร์ชิล,ချာချီ,チャーチル,처칠,Iglesia,Churchill,4
4-2,38.     ,信義路,Xìnyì Lù,,Xinyi Road,Đường Tín Nghĩa,ถนนซินยี่,Xinyi လမ်း,信義路,신이 로드,Carretera Xinyi,Jalan Xinyi,4
4-2,39.     ,松智路,Sōngzhì Lù,,Songzhi Road,Đường Tùng Trí,ถนนซ่งจื้อ,Songzhi လမ်း,松志路,송지로,Camino Songzhi,Jalan Songzhi,4
4-2,40.     ,一命二運三風水,yímìng èryùn sānfēngshuǐ,,Fate is most important. Luck is second. Feng Shui is third.,"Nhất mệnh, nhị vận, tam phong thủy.",โชคชะตาเป็นสิ่งสำคัญที่สุด โชคเป็นอันดับสอง ฮวงจุ้ยเป็นอันดับสาม,ကံတရားက အရေးကြီးဆုံးပါ။ ကံတရားက ဒုတိယ။ Feng Shui သည် တတိယဖြစ်သည်။,運命が最も重要です。運は二の次です。 3位は風水です。,운명이 가장 중요합니다. 행운은 두 번째입니다. 풍수는 세 번째입니다.,El destino es lo más importante. La suerte está en segundo lugar. El Feng Shui ocupa el tercer lugar.,Nasib adalah yang paling penting. Keberuntungan adalah yang kedua. Feng Shui berada di urutan ketiga.,4
4-2,41.     ,加起來,jiāqǐlái,,"to add up, totalize","cộng dồn, tính tổng",เพื่อเพิ่มผลรวม,ပေါင်းရန်၊ စုစုပေါင်း,合計する、合計する,"합산하다, 합산하다","sumar, totalizar","menjumlahkan, menjumlahkan",4
4-2,42.     ,咬錢龜,yǎoqián guī,,money-biting turtle,rùa cắn tiền,เต่ากัดเงิน,ပိုက်ဆံကိုက်တဲ့လိပ်,お金を噛むカメ,돈을 물어뜯는 거북이,tortuga que muerde dinero,kura-kura penggigit uang,4
4-2,43.     ,十全十美,shíquán,,"perfect, pinnacle of perfection","hoàn hảo, đỉnh cao của sự hoàn hảo",สมบูรณ์แบบ สุดยอดแห่งความสมบูรณ์แบบ,ပြီးပြည့်စုံသော၊ ပြီးပြည့်စုံမှု၏အထွတ်အထိပ်,完璧、完璧の頂点,"완벽함, 완벽함의 정점","perfecto, pináculo de la perfección","sempurna, puncak kesempurnaan",4
5-1,1.        ,夢,mèng ,N,dream,giấc mơ,ฝัน,အိပ်မက်,夢,꿈,sueño,mimpi,4
5-1,2.        ,排隊,páiduì ,V-sep,"to line up, stand in queue",xếp hàng,เข้าแถวยืนเข้าแถว,တန်းစီရန်၊ တန်းစီရန်,並ぶ、列に並ぶ,"줄을 서다, 줄을 서다","hacer fila, hacer cola","berbaris, berdiri dalam antrian",4
5-1,3.        ,校刊,xiàokān ,N,"school newspaper, school publications of all sorts","báo tường, ấn phẩm của trường",หนังสือพิมพ์โรงเรียน สิ่งพิมพ์ของโรงเรียนทุกประเภท,ကျောင်းထုတ်သတင်းစာ၊ ကျောင်းစာအုပ်မျိုးစုံ,学校新聞、あらゆる種類の学校出版物,"학교 신문, 모든 종류의 학교 간행물","periódico escolar, publicaciones escolares de todo tipo","koran sekolah, segala jenis publikasi sekolah",4
5-1,4.        ,採訪,cǎifǎng ,V,to interview,phỏng vấn,เพื่อสัมภาษณ์,အင်တာဗျူးရန်,インタビューする,인터뷰하다,entrevistar,mewawancarai,4
5-1,5.        ,校友,xiàoyǒu ,N,alumnus,cựu sinh viên,ศิษย์เก่า,ကျောင်းသားဟောင်းများ,卒業生,학생,antiguo alumno,lulusan,4
5-1,6.        ,博士,bóshì ,N,"doctorate, PhD",học vị tiến sĩ,"ปริญญาเอก, ปริญญาเอก",ပါရဂူဘွဲ့၊ PhD,博士号、PhD,"박사, PhD","doctorado, doctorado","doktor, PhD",4
5-1,7.        ,學位,xuéwèi ,N,academic degree,"học vị, bằng cấp",วุฒิการศึกษา,ပညာရေးဘွဲ့,学位,학업 학위,grado academico,gelar akademis,4
5-1,8.        ,考,kǎo,V,to take a test,"thi, kiểm tra",สอบ (sop),စာမေးပွဲဖြေသည် (sa may pwe fpay thi),試験を受ける (shiken o ukeru),시험 보다 (siheom boda),hacer una prueba,mengikuti tes,4
5-1,9.        ,司機,sījī ,N,"driver, chauffeur",tài xế,"คนขับ, คนขับรถ",ယာဉ်မောင်း၊ ကားမောင်း,運転手、運転手,"운전사, 운전사","conductor, chofer","sopir, sopir",4
5-1,10.     ,學士,xuéshì ,N,"bacheloars, college degree",bằng cử nhân,"ปริญญาตรี, ปริญญาวิทยาลัย",ဘွဲ့၊ ကောလိပ်ဘွဲ့,学士、大学の学位,"학사, 대학 학위","licenciaturas, titulo universitario","sarjana, gelar sarjana",4
5-1,11.     ,地攤,dìtān,N,street stall,"quầy hàng lề đường, sạp hàng",แผงลอยริมถนน,လမ်းဘေးဆိုင်,露店,노점상,puesto callejero,kios pinggir jalan,4
5-1,12.     ,現象,xiànxiàng ,N,phenomenon ,hiện tượng,ปรากฏการณ์,ဖြစ်ရပ်ဆန်း,現象,현상,fenómeno,gejala,4
5-1,13.     ,稀奇,xīqí ,Vs,"rare (and unique), singular ","hiếm có, độc nhất",หายาก (และไม่เหมือนใคร) เอกพจน์,ရှားပါး (ထူးခြားသော) အနည်းကိန်း,珍しい（そしてユニークな）、特異な,"희귀하고 독특한, 특이한","raro (y único), singular","langka (dan unik), tunggal",4
5-1,14.     ,搶,qiǎng ,V,"to rob, mug","cướp, cướp giật",ปล้นแก้ว,လုယက်ရန်၊ မတ်ခွက်,強盗する、マグカップ,"도둑질하다, 머그잔","robar, asaltar","merampok, merampok",4
5-1,15.     ,批評,pīpíng ,V,to criticize,chỉ trích,ที่จะวิพากษ์วิจารณ์,ဝေဖန်ရန်,批判する,비판하다,criticar,mengkritik,4
5-1,16.     ,浪費,làngfèi ,Vst,to waste,lãng phí,ที่จะเสีย,ဖြုန်းတီးရန်,無駄にする,낭비하다,desperdiciar,disia-siakan,4
5-1,17.     ,畢竟,bìjìng ,Adv,after all,"rốt cuộc, sau cùng",หลังจากนั้น,နောက်ဆုံးတော့,結局,결국,después de todo,bagaimanapun,4
5-1,18.     ,貢獻,gòngxiàn ,V,to make contributions,đóng góp,เพื่อบริจาค,အလှူငွေထည့်ဝင်ရန်,貢献する,기여하다,hacer contribuciones,memberikan kontribusi,4
5-1,19.     ,的確,díquè,Adv,indeed,quả thực,อย่างแท้จริง,တကယ်ပါပဲ,確かに,물론,en efecto,Memang,4
5-1,20.     ,盲目,mángmù ,Adv,blindly,mù quáng,สุ่มสี่สุ่มห้า,မျက်စိစုံမှိတ်,盲目的に,맹목적으로,a ciegas,secara membabi buta,4
5-1,21.     ,升學,shēngxué ,Vi,to pursue further education,theo đuổi việc học cao hơn,เพื่อศึกษาต่อต่อไป,ဆက်လက်ပညာသင်ယူရန်,さらなる教育を受けるために,추가 교육을 받기 위해,continuar con su educación,melanjutkan pendidikan lebih lanjut,4
5-1,22.     ,逃避,táobì ,V,"to evade, escape","lẩn tránh, trốn tránh",เพื่อหลบเลี่ยงหนี,ရှောင်ရန်၊ လွတ်မြောက်ရန်,避ける、逃げる,"회피하다, 탈출하다","evadir, escapar","menghindar, melarikan diri",4
5-1,23.     ,就業,jiùyè ,N/Vi ,employment; to get a job,việc làm; tìm việc,การจ้างงาน; เพื่อให้ได้งาน,အလုပ်အကိုင်; အလုပ်တစ်ခုရဖို့,雇用;仕事を得る,고용; 직업을 얻기 위해,empleo; para conseguir un trabajo,pekerjaan; mendapatkan pekerjaan,4
5-1,24.     ,延後,yánhòu ,V,to postpone,trì hoãn,ที่จะเลื่อนออกไป,ရွှေ့ဆိုင်းရန်,延期する,연기하다,posponer,menunda,4
5-1,25.     ,啃老族,kěnlǎozú,N,"a “sponge”, a “parasite”, somebody who feeds off the old (啃老 kěnlǎo, live off one’s parents, lit. gnaw on the old)","""ký sinh trùng"", người sống bám vào bố mẹ già",“ฟองน้ำ” “ปรสิต” คนที่กินคนแก่ (啃老 kěnlăo แปลว่า อาศัยอยู่กับพ่อแม่ แปลว่าแทะคนแก่),“ရေမြှုပ်”၊ “ကပ်ပါးကောင်”၊ အဟောင်းကို ကျွေးမွေးသူ (啃老 kěnlǎo၊ မိဘကို စွန့်၍ အသက်မရှင်၊ အဟောင်းကို ကိုက်စား)၊,「スポンジ」、「寄生虫」、古いものを食べる人 (啃老 kěnlƎo、両親に頼って生きる、文字通り、古いものをかじる),"""스펀지"", ""기생충"", 늙은이를 잡아먹는 사람","una “esponja”, un “parásito”, alguien que se alimenta de lo viejo (啃老 kěnlǎo, vivir de los padres, literalmente, roer lo viejo)","“spons”, “parasit”, seseorang yang memakan yang lama (啃老 kěnlǎo, hidup dari orang tua, secara harafiah berarti menggerogoti yang lama)",4
5-1,26.     ,收攤,shōutān ,V-sep ,to close up shop (said of street stalls),đóng cửa hàng (nói về sạp hàng),ปิดร้าน (กล่าวถึงแผงลอยริมถนน),ဆိုင်ပိတ်ရန် (လမ်းဘေးဆိုင်များ),店を閉める（露店のことを言う）,가게를 닫다 (노점상에 대해 말함),cerrar tienda (dicho de los puestos callejeros),menutup toko (kata tentang warung pinggir jalan),4
5-1,27.     ,清潔隊員,qīngjié duìyuán ,,"cleaning squad, street cleaners (清潔qīngjié, to clean; 隊員-duìyuán, team member)","đội viên đội vệ sinh, công nhân quét đường",ทีมทำความสะอาด คนทำความสะอาดถนน (清潔qīngjié ทำความสะอาด; 隊員-duìyuán สมาชิกในทีม),သန့်ရှင်းရေးအဖွဲ့၊ လမ်းသန့်ရှင်းရေးသမားများ (清潔qīngjié၊ သန့်ရှင်းရေးလုပ်ရန်၊ 隊員-duìyuán၊ အဖွဲ့၀င်),清掃部隊、街路清掃員 (清潔清傑、掃除すること、隊員-duìyuán、チームメンバー),"청소반, 거리 청소부 (清潔qīngjié, 청소하다; 隊員-duìyuán, 팀원)","escuadrón de limpieza, barrenderos (清潔qīngjié, limpiar; 隊員-duìyuán, miembro del equipo)","regu pembersih, pembersih jalan (清潔qīngjié, membersihkan; 隊員-duìyuán, anggota tim)",4
5-1,28.     ,擺地攤,bǎi dìtān,,to have a street stall,bán hàng rong,ให้มีแผงลอยริมถนน,လမ်းဘေးဆိုင်ရှိရန်,露店を出すこと,노점상을 갖다,tener un puesto callejero,memiliki warung pinggir jalan,4
5-1,29.     ,大多數,dàduōshù ,,"most, the majority of","phần lớn, đa số","มากที่สุด, ส่วนใหญ่ของ",အများစု၊ အများစု,ほとんどの、大半の,"대부분, 대부분의","la mayoría, la mayoría de","sebagian besar, sebagian besar",4
5-1,30.     ,話說回來,huàshuō huílái ,,"on the other hand, however","mặt khác, tuy nhiên",อย่างไรก็ตามในทางกลับกัน,သို့သော် အခြားတစ်ဖက်တွင်၊,しかし一方で、,그러나 반면에,"por otro lado, sin embargo",namun di sisi lain,4
5-1,31.     ,自食其力,zìshí qílì ,,"to rely on yourself, to stand on your own two feet","tự lực, đứng trên đôi chân của mình",พึ่งพาตนเอง ยืนด้วยสองเท้าของตนเอง,ကိုယ့်ကိုယ်ကိုယ် အားကိုးဖို့၊ ကိုယ့်ခြေထောက်ပေါ်ကိုယ်ရပ်တည်ဖို့,自分に頼ること、自分の足で立つこと,"자신에게 의지하고, 스스로 두 발로 서는 것","confiar en ti mismo, valerte por ti mismo","mengandalkan diri sendiri, berdiri di atas kedua kaki sendiri",4
5-1,32.     ,下一期,xiàyìqí,,next issue (of a periodical),số tiếp theo (của tạp chí định kỳ),ฉบับต่อไป (ของวารสาร),နောက်စာစောင် (နတ်ပြည်)၊,（定期刊行物の）次号,(정기간행물의) 다음 호,próximo número (de un periódico),edisi berikutnya (berkala),4
5-2,1.        ,段,duàn,M,a period of (time),một khoảng thời gian,ระยะเวลาของ (เวลา),ကာလ (အချိန်),ある期間（時間）,(시간)의 기간,un período de (tiempo),jangka waktu (waktu),4
5-2,2.        ,物價,wùjià,N,"prices, commodity prices","giá cả, giá hàng hóa",ราคาราคาสินค้าโภคภัณฑ์,စျေးနှုန်းများ၊ ကုန်စျေးနှုန်းများ,価格、商品価格,"물가, 원자재 가격","precios, precios de productos básicos","harga, harga komoditas",4
5-2,3.        ,上漲,shàngzhǎng,Vp,to rise (of prices),tăng (giá),เพิ่มขึ้น (ของราคา),(စျေးနှုန်းများတက်ရန်),（価格が）上昇する,(물가가) 오르다,subir (de precios),naik (harga),4
5-2,4.        ,所得,suǒdé,N,income,thu nhập,รายได้,ဝင်ငွေ,所得,소득,ingreso,penghasilan,4
5-2,5.        ,漲,zhǎng,Vp,to rise (as of prices and water level),dâng lên (như giá cả và mực nước),เพิ่มขึ้น (ตามราคาและระดับน้ำ),မြင့်တက်ရန် (စျေးနှုန်းနှင့်ရေအဆင့်အရ),上昇する（価格と水位の点で）,(물가와 수위를 기준으로) 오르다,subir (a partir de los precios y el nivel del agua),naik (seperti harga dan ketinggian air),4
5-2,6.        ,勉強,miǎnqiǎng,Adv,"barely, with great reluctance","một cách miễn cưỡng, vừa đủ",แทบจะไม่เต็มใจเลย,တုံ့ဆိုင်းစွာဖြင့်၊,かろうじて、非常に不本意ながら,"간신히, 아주 꺼려하면서","apenas, con gran desgana","nyaris, dengan sangat enggan",4
5-2,7.        ,根本,gēnběn,Adv,"at all, in the slightest","một chút nào, hoàn toàn không",เลยแม้แต่น้อย,အနည်းငယ်မျှသာ,まったく、ほんの少しでも,"전혀, 조금이라도","en absoluto, en lo más mínimo","sama sekali, sedikit pun",4
5-2,8.        ,組織,zǔzhī,N,organization,tổ chức,องค์กร,အဖွဲ့အစည်း,組織,조직,organización,organisasi,4
5-2,9.        ,抗議,kàngyì,V,to protest against,biểu tình phản đối,เพื่อประท้วงต่อต้าน,ကန့်ကွက်ရန်,に対して抗議する,항의하다,protestar contra,memprotes,4
5-2,10.     ,地價,dìjià,N,land prices,giá đất,ราคาที่ดิน,မြေဈေး,地価,토지 가격,precios de la tierra,harga tanah,4
5-2,11.     ,房價,fángjià,N,housing prices,giá nhà,ราคาที่อยู่อาศัย,အိမ်ရာစျေးနှုန်းများ,住宅価格,주택 가격,precios de la vivienda,harga perumahan,4
5-2,12.     ,高漲,gāozhǎng,Vs,to (upward) surge,tăng vọt,ถึง (ขึ้น) กระชาก,လှိုင်းအတက်(အထက်)သို့,（上向きに）急上昇する,(상향) 급등하다,a (hacia arriba) oleada,(ke atas) melonjak,4
5-2,13.     ,造成,zàochéng,Vpt,"to cause, produce, make","gây ra, tạo ra","ทำให้เกิด, ผลิต, ทำ",ဖြစ်ပေါ်စေရန်၊ ထုတ်လုပ်ရန်,引き起こす、生み出す、作る,"일으키다, 생산하다, 만들다","causar, producir, hacer","menyebabkan, menghasilkan, membuat",4
5-2,14.     ,統計,tǒngjì,N,statistics,số liệu thống kê,สถิติ,စာရင်းဇယား,統計,통계,estadística,statistik,4
5-2,15.     ,窮忙,qióngmáng,Vs,busy doing things without achieving anything,bận rộn mà không đạt được kết quả gì,ยุ่งอยู่กับการทำสิ่งต่าง ๆ โดยไม่ได้อะไรเลย,ဘာတစ်ခုမှ မအောင်မြင်ဘဲနဲ့ အလုပ်ရှုပ်နေတယ်။,何も達成せずに何かをするのに忙しい,아무것도 이루지 못한 채 일하느라 바쁘다,ocupado haciendo cosas sin lograr nada,sibuk melakukan sesuatu tanpa mencapai apa pun,4
5-2,16.     ,全球,quánqiú,N,"global, worldwide",toàn cầu,ทั่วโลกทั่วโลก,ကမ္ဘာလုံးဆိုင်ရာ၊ ကမ္ဘာအနှံ့,グローバルな、世界中の,"글로벌, 전세계","global, mundial","global, mendunia",4
5-2,17.     ,景氣,jǐngqì,Vs,"prosperous, booming, economic conditions","thịnh vượng, bùng nổ, tình hình kinh tế",ภาวะเศรษฐกิจที่เจริญรุ่งเรืองเฟื่องฟู,ချမ်းသာ၊ ကြီးပွားတိုးတက်၊ စီးပွားရေးအခြေအနေ,繁栄、好景気、経済状況,"번영하는, 호황을 누리는, 경제 상황",condiciones económicas prósperas y en auge,"kondisi perekonomian yang makmur, booming",4
5-2,18.     ,施行,shīxíng,V,"to implement, put into effect","thực hiện, áp dụng","นำไปปฏิบัติ, นำไปปฏิบัติ",အကောင်အထည်ဖော်ရန်၊ အကောင်အထည်ဖော်ရန်,実装する、実施する,"구현하다, 시행하다","implementar, poner en práctica","melaksanakan, diberlakukan",4
5-2,19.     ,薪資,xīnzī,N,"pay, salary, wages","lương, tiền lương",ค่าจ้างเงินเดือนค่าจ้าง,လစာ၊ လစာ၊ လုပ်ခ,給料、給与、賃金,"급여, 월급, 임금","paga, sueldo, salario","gaji, gaji, upah",4
5-2,20.     ,多年,duōnián,N,"for many years, for so long","nhiều năm, lâu nay",เป็นเวลาหลายปีเป็นเวลานานมาก,နှစ်ပေါင်းများစွာ၊ ဒီလောက်ကြာတယ်။,何年もの間、とても長い間,"수년 동안, 오랫동안","durante muchos años, durante tanto tiempo","selama bertahun-tahun, begitu lama",4
5-2,21.     ,未,wèi,Adv,not yet (formal),vẫn chưa (trang trọng),ยังไม่ได้ (เป็นทางการ),မဖြစ်သေးပါဘူး (တရားဝင်),まだ（正式には）,아직은 (공식적으로),todavía no (formal),belum (resmi),4
5-2,22.     ,調高,tiáogāo,V,to adjust upward,điều chỉnh tăng lên,เพื่อปรับขึ้น,အထက်သို့ချိန်ညှိရန်,上向きに調整する,위쪽으로 조정,ajustar hacia arriba,menyesuaikan ke atas,4
5-2,23.     ,裁員,cáiyuán,Vi,to lay off,sa thải,ที่จะเลิกจ้าง,ချွတ်ဖို့,解雇する,해고하다,despedir,memberhentikan,4
5-2,24.     ,觀察,guānchá,V,"to observe, note","quan sát, ghi nhận",สังเกตสังเกต,စောင့်ကြည့်ရန်၊ မှတ်သားရန်,観察する、注意する,"관찰하다, 메모하다","observar, notar","mengamati, perhatikan",4
5-2,25.     ,彩券,cǎiquàn,N,lottery,xổ số,ลอตเตอรี,ထီ,宝くじ,운,lotería,lotere,4
5-2,26.     ,中獎,zhòngjiǎng,Vp-sep,"to win (a prize or lottery), to hit a jackpot","trúng (giải, số)",เพื่อชนะ (รางวัลหรือลอตเตอรี) เพื่อแจ็กพอต,ထီပေါက်ရန် (ဆု သို့မဟုတ် ထီ) ထီပေါက်ရန်,（賞品や宝くじに）勝つ、大当たりを当てる,"(상이나 복권에) 당첨되다, 대박을 터뜨리다","ganar (un premio o lotería), ganar un premio mayor","memenangkan (hadiah atau lotere), mendapatkan jackpot",4
5-2,27.     ,做夢,zuòmèng,V-sep,to dream,"mơ mộng, mơ tưởng",ที่จะฝัน,အိပ်မက်မက်ဖို့,夢を見る,꿈을 꾸다,soñar,bermimpi,4
5-2,28.     ,發財,fācái,Vp-sep,to strike it rich,phát tài,เพื่อทำให้มันรวย,ချမ်းသာကြပါစေ,一攫千金を狙う,부자가 되도록,hacerse rico,menjadikannya kaya,4
5-2,29.     ,臉色,liǎnsè,N,countenance (mood shown on face),sắc mặt,สีหน้า (อารมณ์ที่แสดงบนใบหน้า),မျက်နှာပုံပန်းသဏ္ဍာန် (မျက်နှာတွင် ပေါ်နေသော ခံစားချက်),表情（気分が顔に現れる）,표정(얼굴에 나타나는 기분),semblante (estado de ánimo mostrado en la cara),wajah (suasana hati yang ditunjukkan pada wajah),4
5-2,30.     ,報導,bàodǎo,N,"report, article, story (news)","bài báo, tin tức",รายงาน บทความ เรื่องราว (ข่าว),အစီရင်ခံစာ၊ ဆောင်းပါး၊ ဇာတ်လမ်း (သတင်း),レポート、記事、ストーリー（ニュース）,"보고서, 기사, 기사(뉴스)","informe, artículo, historia (noticia)","laporan, artikel, cerita (berita)",4
5-2,31.     ,指出,zhǐchū,V,"to indicate, point out","chỉ ra, nêu rõ",เพื่อบ่งชี้ชี้ให้เห็น,ထောက်ပြရန်၊ ထောက်ပြရန်,示す、指摘する,"나타내다, 지적하다","indicar, señalar","menunjukkan, tunjukkan",4
5-2,32.     ,創業,chuàngyè,Vi,to set up a business,"lập nghiệp, mở doanh nghiệp",เพื่อจัดตั้งธุรกิจ,လုပ်ငန်းတစ်ခုထူထောင်ရန်,ビジネスを設立する,사업을 시작하기 위해,montar un negocio,mendirikan bisnis,4
5-2,33.     ,餐飲業,cānyǐnyè,N,food and beverage industry,ngành dịch vụ ăn uống,อุตสาหกรรมอาหารและเครื่องดื่ม,အစားအသောက်နှင့် အဖျော်ယမကာလုပ်ငန်း,飲食業界,식품 및 음료 산업,industria de alimentos y bebidas,industri makanan dan minuman,4
5-2,34.     ,人生,rénshēng,N,life,cuộc sống,ชีวิต (chiwit),ဘဝ (ba wa),生活 (seikatsu),생활 (saenghwal),vida,kehidupan,4
5-2,35.     ,及,jí,Conj,and (formal),và (trang trọng),และ (เป็นทางการ),နှင့် (တရားဝင်),そして（正式な）,그리고 (공식적으로),y (formal),dan (formal),4
5-2,36.     ,挑戰,tiǎozhàn,N,challenge,thách thức,ท้าทาย,စိန်ခေါ်မှု,チャレンジ,도전,desafío,tantangan,4
5-2,37.     ,培養,péiyǎng,V,"to cultivate, train, foster","bồi dưỡng, đào tạo",เพื่อฝึกฝนฝึกฝนอุปถัมภ์,ပြုစုပျိုးထောင်ရန်၊ လေ့ကျင့်ရန်၊ မွေးစားရန်,育てる、訓練する、育てる,"기르다, 훈련하다, 육성하다","cultivar, formar, fomentar","mengolah, melatih, membina",4
5-2,38.     ,實力,shílì,N,strength (not physical strength),sức mạnh (không phải sức lực),ความแข็งแกร่ง (ไม่ใช่ความแข็งแกร่งทางกายภาพ),ခွန်အား (ကာယဗလ)၊,体力（体力ではありません）,힘 (육체적인 힘이 아님),fuerza (no fuerza física),kekuatan (bukan kekuatan fisik),4
5-2,39.     ,等待,děngdài,V,"to wait for, await","chờ đợi, mong đợi",รอรอ,စောင့်ဆိုင်းရန်၊ စောင့်ဆိုင်းရန်,待つ、待つ,"기다리다, 기다리다","esperar, esperar","menunggu, menunggu",4
5-2,40.     ,擁有,yǒngyǒu,Vst,"to have as one’s own, possess",sở hữu,มีเป็นของตนเองมีไว้ครอบครอง,ပိုင်ဆိုင်ရန်၊ ပိုင်ဆိုင်ရန်,自分のものとして持つ、所有する,"자신의 것으로 가지다, 소유하다","tener como propio, poseer","memiliki sebagai miliknya, memiliki",4
5-2,41.     ,中國大陸,Zhōngguó Dàlù,,Mainland China,Trung Quốc đại lục,จีนแผ่นดินใหญ่,တရုတ်ပြည်မကြီး,中国本土,중국 본토,China continental,Tiongkok Daratan,4
5-2,42.    .,存不了,cúnbùliǎo,,can't save (money),không thể tiết kiệm (tiền),ไม่สามารถบันทึก (เงิน),(ငွေ) မကယ်နိုင်၊,（お金を）貯めることができない,(돈)을 저축할 수 없다,no puedo ahorrar (dinero),tidak dapat menyimpan (uang),4
5-2,43.    ,無殼蝸牛,wúké guāniú,,"""snails without shells"" (people who cannot afford to buy their own home)","""ốc sên không vỏ"" (người không đủ khả năng mua nhà)",“หอยทากไม่มีเปลือก” (คนไม่มีเงินซื้อบ้านเป็นของตัวเอง),"""အခွံမပါသော ခရုများ"" (မိမိတို့အိမ်ဝယ်ရန် မတတ်နိုင်သူများ)",「殻のないカタツムリ」（マイホームを買う余裕がない人々）,"""껍질 없는 달팽이""(자기 집을 살 여유가 없는 사람들)","""caracoles sin concha"" (personas que no pueden permitirse el lujo de comprar su propia casa)","""siput tanpa cangkang"" (orang yang tidak mampu membeli rumah sendiri)",4
5-2,44.   ,貧富不均,pínfù bùjūn,,"gap between the rich and the poor, unequal distribution of wealth","khoảng cách giàu nghèo, phân phối của cải không đồng đều",ช่องว่างระหว่างคนรวยกับคนจน การกระจายความมั่งคั่งที่ไม่เท่าเทียมกัน,ချမ်းသာသူနှင့် ဆင်းရဲသူကြား ကွာဟချက်၊ စည်းစိမ်ဥစ္စာ ခွဲဝေမှု မညီမျှခြင်း။,富裕層と貧困層の間の格差、富の不平等な分配,"빈부격차, 불평등한 부의 분배","brecha entre ricos y pobres, distribución desigual de la riqueza","kesenjangan antara si kaya dan si miskin, distribusi kekayaan yang tidak merata",4
5-2,45.     ,苦哈哈,kǔ hāhā,,"bitter life, very poorly",cuộc sống khổ cực,ชีวิตที่ขมขื่นแย่มาก,ခါးသီးသောဘဝ၊ အလွန်ညံ့ဖျင်းသည်။,苦い人生、とても貧しい,"쓰라린 삶, 아주 가난해","vida amarga, muy mal","kehidupan yang pahit, sangat buruk",4
5-2,46.    .,另謀發展,lìngmóu fāzhǎn,,to seek opportunities elsewhere,tìm kiếm cơ hội ở nơi khác,เพื่อแสวงหาโอกาสที่อื่น,တခြားနေရာတွေမှာ အခွင့်အလမ်းတွေရှာတယ်။,他の場所で機会を探す,다른 곳에서 기회를 찾으려고,buscar oportunidades en otros lugares,mencari peluang di tempat lain,4
5-2,47.     ,恨不得,hènbùdé,,"to be dying to, desperately ","rất muốn, thiết tha",ที่จะตายอย่างสิ้นหวัง,သေခါနီးမှ မနားတမ်း,死にたくなる、必死に,"필사적으로, 필사적으로","estar muriendo, desesperadamente","sangat ingin, dengan putus asa",4
5-2,48.    .,一夜致富,yíyè zhìfù,,to become rich overnight,"giàu lên nhanh chóng, nhất dạ đại phú",ที่จะรวยได้ในชั่วข้ามคืน,နေ့ချင်းညချင်း ချမ်းသာလာမယ်။,一夜にして金持ちになる,하룻밤 사이에 부자가 되다,hacerse rico de la noche a la mañana,menjadi kaya dalam semalam,4
5-2,49.     ,一片天,yípiàntiān,,"""place in the sun"", a job that makes you happy and provides you with all the money and things that you want, paradise","""thiên đường"", một công việc lý tưởng","""สถานที่กลางแดด"" งานที่ทำให้คุณมีความสุขและมอบเงินและสิ่งของที่คุณต้องการ สวรรค์","""နေရောင်ထဲမှာရှိတဲ့ နေရာ"" က သင့်ကို ပျော်ရွှင်စေမယ့် အလုပ်ဖြစ်ပြီး သင်လိုချင်တဲ့အရာအားလုံးကို ပေးစွမ်းနိုင်တဲ့ ပရဒိသု၊",「太陽の当たる場所」、あなたを幸せにし、あなたが望むすべてのお金と物を与えてくれる仕事、楽園,"""태양 아래 있는 곳"", 당신을 행복하게 만들고 당신이 원하는 모든 돈과 물건을 제공하는 직업, Paradise","""lugar bajo el sol"", un trabajo que te haga feliz y te proporcione todo el dinero y las cosas que quieras, el paraíso","""tempat di bawah sinar matahari"", pekerjaan yang membuat Anda bahagia dan memberi Anda semua uang dan hal-hal yang Anda inginkan, surga",4
6-1,1.        ,高來恩,Gāo Lái’ēn,,a man from Switzerland,một người đàn ông từ Thụy Sĩ,ชายคนหนึ่งจากสวิตเซอร์แลนด์,ဆွစ်ဇာလန်မှ အမျိုးသားတစ်ဦး,スイスから来た男性,스위스에서 온 남자,un hombre de suiza,seorang pria dari Swiss,4
6-1,2.        ,地震,dìzhèn,N,earthquake,động đất,แผ่นดินไหว,ငလျင်,地震,지진,terremoto,gempa bumi,4
6-1,3.        ,搖,yáo ,Vp,"to rock, shake","rung chuyển, lắc",เขย่าเขย่า,လှုပ်ရန်၊,揺さぶる、振る,"흔들다, 흔들다","balancearse, sacudirse","bergoyang, goyang",4
6-1,4.        ,厲害,lìhài ,Vs,"fierce, formidable","dữ dội, mạnh mẽ",ดุร้ายน่าเกรงขาม,ပြင်းထန်သော၊ ကြောက်မက်ဖွယ်ကောင်းသော,激しい、恐るべき,"맹렬한, 무서운","feroz, formidable","ganas, tangguh",4
6-1,5.        ,經常,jīngcháng ,Adv,frequently,thường xuyên,บ่อย,မကြာခဏ,頻繁に,자주,frecuentemente,sering,4
6-1,6.        ,倒,dǎo ,Vp,to collapse,"sụp đổ, đổ sập",ที่จะยุบ,ပြိုကျရန်,崩壊する,무너지다,colapsar,runtuh,4
6-1,7.        ,橋,qiáo ,N,bridge,cây cầu,สะพาน,တံတား,橋,다리,puente,menjembatani,4
6-1,8.        ,斷,duàn ,Vp,"to break, snap","gãy, đứt",ที่จะหัก snap,ချိုးရန်,壊す、割る,"부수다, 찰칵","romper, romper","pecah, jepret",4
6-1,9.        ,多,duō,Adv,so,"vì vậy, do đó",ดังนั้น (dang nan),ဒါကြောင့် (dar kyaung),だから (dakara),그래서 (geuraeseo),entonces,Jadi,4
6-1,10.     ,地區,dìqū ,N,region,khu vực,ภูมิภาค,ဒေသ,地域,지역,región,wilayah,4
6-1,11.     ,強烈,qiángliè ,Vs,strong,mạnh mẽ,แข็งแกร่ง,ခိုင်မာတယ်။,強い,강한,fuerte,kuat,4
6-1,12.     ,頻率,pínlǜ ,N,frequency,tần suất,ความถี่,အကြိမ်ရေ,頻度,빈도,frecuencia,frekuensi,4
6-1,13.     ,預測,yùcè ,V,"to predict, forecast","dự đoán, dự báo",ทำนายพยากรณ์,ခန့်မှန်းရန်၊ ခန့်မှန်းရန်,予測する、予測する,"예측하다, 예상하다","predecir, pronosticar","memprediksi, meramalkan",4
6-1,14.     ,徵兆,zhēngzhào ,N,"sign, omen","dấu hiệu, điềm báo",ลงชื่อ ลางบอกเหตุ,နိမိတ်၊ အမှတ်အသား,兆候、前兆,"표시, 징조","signo, presagio","tanda, pertanda",4
6-1,15.     ,鳥類,niǎolèi ,N,birds,chim,นก,ငှက်များ,鳥,조류,pájaros,burung,4
6-1,16.     ,雞,jī,N,chicken,gà,ไก่,ကြက်သား,チキン,닭,pollo,ayam,4
6-1,17.     ,預先,yùxiān ,Adv,in advance,trước,ล่วงหน้า,ကြိုတင်ပြီး,あらかじめ,미리,por adelantado,di muka,4
6-1,18.     ,老鼠,lǎoshǔ ,N,"mouse, rat",chuột,เมาส์หนู,ကြွက်၊ ကြွက်,マウス、ラット,"쥐, 쥐","ratón, rata","tikus, tikus",4
6-1,19.     ,貓,māo ,N,cat,mèo,แมว,ကြောင်,猫,고양이,gato,kucing,4
6-1,20.     ,馬,mǎ,N,horse,ngựa,ม้า,မြင်း,馬,말,caballo,kuda,4
6-1,21.     ,證實,zhèngshí ,V,to verify,"xác minh, kiểm chứng",เพื่อตรวจสอบ,စိစစ်ရန်,確認する,확인하기 위해,verificar,memverifikasi,4
6-1,22.     ,應變,yìngbiàn,Vi,to meet an emergency,ứng phó tình huống khẩn cấp,เพื่อรองรับเหตุฉุกเฉิน,အရေးပေါ်တွေ့ဆုံရန်,緊急事態に対処するために,긴급 상황에 대비하기 위해,hacer frente a una emergencia,menghadapi keadaan darurat,4
6-1,23.     ,隨手,suíshǒu ,Adv,within easy reach,trong tầm tay,อยู่ไม่ไกล,လွယ်ကူသောလက်လှမ်းမီမှုအတွင်း,簡単に手の届く範囲にある,쉽게 닿을 수 있는 곳에,al alcance de la mano,dalam jangkauan yang mudah,4
6-1,24.     ,白,bái ,Adv,in vain,"vô ích, uổng công",เปล่าประโยชน์,အလကားပဲ။,無駄に,헛된,en vano,sia-sia,4
6-1,25.     ,嫌,xián ,Vst,to grumble,"càu nhàu, phàn nàn",ที่จะบ่น,ငြီးတွားရန်,不平を言う,투덜거리다,quejarse,menggerutu,4
6-1,26.     ,事前,shìqián ,Adv,in advance,trước,ล่วงหน้า,ကြိုတင်ပြီး,あらかじめ,미리,por adelantado,di muka,4
6-1,27.     ,總是,zǒngshì,Adv,always,luôn luôn,เสมอ,အမြဲတမ်း,いつも,언제나,siempre,selalu,4
6-1,28.     ,西歐,Xī ōu,,Western Europe,Tây Âu,ยุโรปตะวันตก,အနောက်ဥရောပ,西欧,서유럽,Europa occidental,Eropa Barat,4
6-1,29.     ,北歐,Běi ōu,,Northern Europe,Bắc Âu,ยุโรปเหนือ,ဥရောပမြောက်ပိုင်း,北欧,북유럽,Norte de Europa,Eropa Utara,4
6-1,30.     ,中歐,Zhōng ōu,,Central Europe,Trung Âu,ยุโรปกลาง,ဥရောပအလယ်ပိုင်း,中央ヨーロッパ,중부 유럽,Europa Central,Eropa Tengah,4
6-1,31.     ,澳洲,àozhōu,,Australia,Úc,ออสเตรเลีย,သြစတြေးလျ,オーストラリア,호주,Australia,Australia,4
6-1,32.     ,南美洲,Nán Měizhōu ,,South America,Nam Mỹ,อเมริกาใต้,တောင်အမေရိက,南アメリカ,남아메리카,Sudamerica,Amerika Selatan,4
6-1,33.     ,地球科學,dìqiú kēxué,,earth science studies,ngành khoa học trái đất,การศึกษาวิทยาศาสตร์โลก,မြေကြီးသိပ္ပံလေ့လာမှုများ,地球科学の研究,지구과학 연구,estudios de ciencias de la tierra,studi ilmu bumi,4
6-1,34.     ,菲律賓,Fēilǜbīn,,the Philippines,Philippines,ฟิลิปปินส์,ဖိလစ်ပိုင်,フィリピン,필리핀,Filipinas,Filipina,4
6-1,35.     ,天搖地動,tiānyáo dìdòng ,,"swaying heavens and trembling earth, earth-shaking","chuyển trời rung đất, long trời lở đất",ฟ้าสวรรค์ที่ไหวไหวและแผ่นดินที่สั่นสะท้านแผ่นดินสั่นสะเทือน,ယိမ်းယိုင်နေသော ကောင်းကင်ကြီးနှင့် မြေကြီးတုန်လှုပ်၊ မြေကြီးတုန်လှုပ်နေသည်။,揺れる天と震える大地、揺れる大地,하늘이 흔들리고 땅이 흔들리고 땅이 흔들리고,"Cielos oscilantes y tierra temblorosa, estremecedora","langit yang bergoyang dan bumi yang bergetar, bumi yang bergetar",4
6-1,36.     ,壓死,yāsǐ,,crushed to death,bị đè chết,บดขยี้จนตาย,ကြေမွသေ,圧死した,짓밟혀 죽다,aplastado hasta la muerte,hancur sampai mati,4
6-1,37.     ,災情慘重,zāiqíng cǎnzhòng ,,in serious disaster,trong thảm họa nghiêm trọng,ในภัยพิบัติร้ายแรง,ဆိုးရွားသောဘေးဥပဒ်တွင်,深刻な災害の中で,심각한 재난에,en grave desastre,dalam bencana yang serius,4
6-1,38.     ,東半部,dōng bàn bù,,the eastern half,nửa phía đông,ครึ่งตะวันออก,အရှေ့ခြမ်း,東半分,동쪽 절반,la mitad oriental,separuh bagian timur,4
6-1,39.     ,地震帶,dìzhèn dài ,,"seismic zone, earthquake belt","vùng động đất, vành đai động đất","เขตแผ่นดินไหว, แถบแผ่นดินไหว",ငလျင်ဇုန်၊ ငလျင်ခါးပတ်,地震帯、地震帯,"지진대, 지진대","zona sísmica, cinturón sísmico","zona seismik, sabuk gempa",4
6-1,40.     ,救生包,jiùshēng bāo ,,"survival kit, survival pack","bộ đồ sinh tồn, túi cứu hộ","อุปกรณ์เอาตัวรอด, อุปกรณ์เอาตัวรอด",Survival Kit၊ Survival Pack,サバイバルキット、サバイバルパック,"생존 키트, 생존 팩","kit de supervivencia, paquete de supervivencia","perlengkapan bertahan hidup, paket bertahan hidup",4
6-1,41.     ,有備無患,yǒubèi wúhuàn ,,"be prepared, be on the safe side","chuẩn bị sẵn sàng, để phòng",เตรียมตัวให้พร้อม อยู่ในด้านความปลอดภัย,အသင့်ပြင်ထားပါ၊ ဘေးကင်းစွာနေပါ။,準備をし、安全な側にいてください,"준비하세요, 안전하세요","Esté preparado, esté en el lado seguro","bersiaplah, berada di sisi yang aman",4
6-2,1.        ,如何,rúhé ,Adv,how,làm thế nào,ยังไง (yang ngai),ဘယ်လို (bal lo),どうやって (dōyatte),어떻게 (eotteoke),cómo,Bagaimana,4
6-2,2.        ,逃生,táoshēng ,Vi,to evacuate,sơ tán,เพื่ออพยพ,ဘေးကင်းရာသို့ ပြောင်းရွှေ့ပေးရန်။ အန္တရာယ်ရှိရာအရပ်ကို စွန့်ခွာရန်။,避難する,대피하려면,evacuar,mengevakuasi,4
6-2,3.        ,發達,fādá,Vs,"advanced,developed","tiên tiến, phát triển",ขั้นสูงพัฒนาแล้ว,အဆင့်မြင့်၊ ဖွံ့ဖြိုးတိုးတက်သည်။,先進的な、発展した,"고급, 개발","avanzado, desarrollado","maju, berkembang",4
6-2,4.        ,天災,tiānzāi ,N,natural disaster,thiên tai,ภัยพิบัติทางธรรมชาติ,သဘာဝဘေးအန္တရာယ်,自然災害,자연재해,desastre natural,bencana alam,4
6-2,5.        ,災害,zāihài ,N,"disaster, damage (from a disaster)","thảm họa, thiệt hại (từ thảm họa)","ภัยพิบัติ, ความเสียหาย (จากภัยพิบัติ)",ဘေးအန္တရာယ်၊ ပျက်စီးမှု (ဘေးဥပဒ်)၊,災害、被害（災害による）,"재해, 손해 (재해로 인한)","desastre, daño (de un desastre)","bencana, kerusakan (dari bencana)",4
6-2,6.        ,程度,chéngdù ,N,"degree, level",mức độ,ระดับระดับ,ဘွဲ့၊ အဆင့်,程度、レベル,"학위, 레벨","grado, nivel","derajat, tingkat",4
6-2,7.        ,首先,shǒuxiān ,Adv,first of all,trước hết,ก่อนอื่นเลย,ပထမဦးဆုံး,初めに,가장 먼저,en primer lugar,Pertama,4
6-2,8.        ,其次,qícì ,Adv,"second, next, then","thứ hai, tiếp theo",วินาทีถัดไปแล้ว,ဒုတိယ၊ နောက်၊ ထို့နောက်,二番目、次、それから,"둘째, 다음, 그 다음","segundo, siguiente, entonces","kedua, selanjutnya, lalu",4
6-2,9.        ,災難,zāinàn,N,disaster,thảm họa,ภัยพิบัติ,ဘေးအန္တရာယ်,災害,재해,desastre,bencana,4
6-2,10.     ,緊急,jǐnjí ,Vs,in emergency,trong tình trạng khẩn cấp,ในกรณีฉุกเฉิน,အရေးပေါ်အခြေအနေ,緊急時に,비상시에,en emergencia,dalam keadaan darurat,4
6-2,11.     ,必需品,bìxūpǐn ,N,"necessities (必需 bìxū, essential, indispensable)",vật dụng thiết yếu,"ความจำเป็น (必需 bìxū, จำเป็น, ที่ขาดไม่ได้)",လိုအပ်ချက်များ (必需 bìxū၊ မရှိမဖြစ်၊ မရှိမဖြစ်),必需品 (必需品、必需品、不可欠),"필수품 (必需 bìxū, 필수적인, 필수불가결한)","necesidades (必需 bìxū, esencial, indispensable)","kebutuhan (必需 bìxū, penting, sangat diperlukan)",4
6-2,12.     ,譬如,pìrú,Vst,"for example, like","ví dụ, như",ตัวอย่างเช่นชอบ,ဥပမာ၊ ကြိုက်တယ်။,たとえば、次のように,예를 들어,"por ejemplo, como",misalnya seperti,4
6-2,13.     ,手電筒,shǒudiàntǒng ,N,"flashlight, torch",đèn pin,"ไฟฉาย, ไฟฉาย",ဓာတ်မီး၊ မီးတိုင်,懐中電灯、懐中電灯,"손전등, 횃불","linterna, antorcha","senter, obor",4
6-2,14.     ,餅乾,bǐnggān,N,"crackers, cookies",bánh quy,แครกเกอร์คุกกี้,crackers များ၊ cookies များ,クラッカー、クッキー,"크래커, 쿠키","galletas saladas, galletas","kerupuk, kue",4
6-2,15.     ,平時,píngshí ,N,in ordinary times,trong lúc bình thường,ในช่วงเวลาปกติ,သာမန်အချိန်များတွင်,平時では,평소에는,en tiempos ordinarios,di waktu-waktu biasa,4
6-2,16.     ,狀況,zhuàngkuàng ,N,"situation,circumstance","tình hình, hoàn cảnh",สถานการณ์สถานการณ์,အခြေအနေ၊ အခြေအနေ,状況、事情,"상황,상황","situación, circunstancia","situasi, keadaan",4
6-2,17.     ,慌張,huāngzhāng ,Vs,"to panic, be flustered","hoảng loạn, hoảng sợ",ตื่นตระหนกวุ่นวาย,အထိတ်တလန့်ဖြစ်ရန်၊,パニックになる、慌てる,"당황하다, 당황하다","entrar en pánico, estar nervioso","panik, bingung",4
6-2,18.     ,停電,tíngdiàn ,Vp-sep,to have a power outage,mất điện,ให้มีไฟฟ้าดับ,ဓာတ်အားပြတ်တောက်ရန်,停電する,정전이 되다,tener un corte de energía,mengalami pemadaman listrik,4
6-2,19.     ,黑暗,hēi’àn ,N,the darkness,bóng tối,ความมืด,အမှောင်,暗闇,어둠,la oscuridad,kegelapan,4
6-2,20.     ,方向,fāngxiàng,N,direction,phương hướng,ทิศทาง,ဦးတည်ချက်,方向,방향,dirección,arah,4
6-2,21.     ,集合,jíhé ,Vi,"to meet, assemble","tụ họp, tập trung",เพื่อพบปะรวบรวม,တွေ့ဆုံရန်၊ စုဝေးရန်,会う、集まる,"만나다, 모이다","reunirse, reunirse","bertemu, berkumpul",4
6-2,22.     ,裂縫,lièfèng,N,crack,vết nứt,แตก,အက်ကြောင်း,割れ目,금이 가다,grieta,retakan,4
6-2,23.     ,瓦斯,wǎsī ,N,natural gas,khí đốt tự nhiên,ก๊าซธรรมชาติ,သဘာဝဓာတ်ငွေ့,天然ガス,천연가스,gas natural,gas alam,4
6-2,24.     ,開關,kāiguān ,N,switch,công tắc,สวิตช์,ပြောင်း,スイッチ,스위치,cambiar,mengalihkan,4
6-2,25.     ,火災,huǒzāi ,N,"fire (disaster), conflagration",hỏa hoạn,ไฟ (ภัยพิบัติ) การเพลิงไหม้,မီးလောင်မှု (ဘေး)၊ မီးလောင်မှု,火災（災害）、火災,"화재(재해), 대화재","incendio (desastre), conflagración","kebakaran (bencana), kebakaran besar",4
6-2,26.     ,門框,ménkuāng,N,door frame,khung cửa,กรอบประตู,တံခါးဘောင်,ドアフレーム,문틀,marco de la puerta,kusen pintu,4
6-2,27.     ,歪,wāi ,Vp,"askew, slanted, crooked","xiêu vẹo, nghiêng","เบี้ยว, เป๋, คดเคี้ยว",စောင်း၊ စောင်း၊ ကောက်,斜めの、傾いた、曲がった,"비스듬한, 기울어진, 비뚤어진","torcido, inclinado, torcido","miring, miring, bengkok",4
6-2,28.     ,頭部,tóubù ,N,head,đầu,หัว (hua),ခေါင်း (khaung),頭 (atama),머리 (meori),cabeza,kepala,4
6-2,29.     ,冷靜,lěngjìng ,Vs,"cool-headed, calm","bình tĩnh, tỉnh táo",ใจเย็นสงบ,ခေါင်းအေးအေးထား၊,冷静な、冷静な,"냉철한, 침착한","serenidad, calma","berkepala dingin, tenang",4
6-2,30.     ,穩,wěn ,Vs,steady,"vững vàng, ổn định",มั่นคง,တည်ငြိမ်သည်။,安定した,꾸준한,estable,stabil,4
6-2,31.     ,櫃子,guìzi,N,"closet, cabinet","tủ, tủ đựng đồ",ตู้เสื้อผ้าตู้,ဗီရို၊ ကက်ဘိနက်,クローゼット、キャビネット,"옷장, 캐비닛","armario, gabinete","lemari, lemari",4
6-2,32.     ,牆壁,qiángbì ,N,wall,tường,กำแพง,နံရံ,壁,벽,muro,dinding,4
6-2,33.     ,倒塌,dǎotā ,Vp,to collapse,sụp đổ,ที่จะยุบ,ပြိုကျရန်,崩壊する,무너지다,colapsar,runtuh,4
6-2,34.     ,電梯,diàntī,N,elevator,thang máy,ลิฟต์,ဓာတ်လှေကား,エレベーター,엘리베이터,ascensor,lift,4
6-2,35.     ,反而,fǎn’ér,Conj,"on the contrary, rather","ngược lại, thậm chí",ในทางตรงกันข้าม,ဆန့်ကျင်ဘက်တွင်၊,逆に、むしろ,오히려 오히려,"por el contrario, más bien",sebaliknya,4
6-2,36.     ,堅固,jiāngù ,Vs,"strong, firm, solid","chắc chắn, vững chãi",แข็งแกร่งมั่นคงมั่นคง,ခိုင်မာတယ်၊ ခိုင်မာတယ်၊ ခိုင်မာတယ်။,強い、しっかりした、しっかりした,"강한, 확고한, 견고한","fuerte, firme, sólido","kuat, kokoh, kokoh",4
6-2,37.     ,柱子,zhùzi ,N,"pillar, column","cột trụ, trụ cột","เสา, คอลัมน์",တိုင်၊ တိုင်,柱、柱,"기둥, 기둥","pilar, columna","pilar, kolom",4
6-2,38.     ,碰,pèng,V,"to hit, bump into","va vào, đâm vào",ที่จะตีชนเข้า,တိုက်ရန်၊ ဆောင့်ကန်သည်။,ぶつかる、ぶつかる,"부딪치다, 부딪히다","golpear, chocar con","memukul, menabrak",4
6-2,39.     ,形成,xíngchéng ,V,to form,hình thành,เพื่อสร้าง,ဖွဲ့စည်းရန်,形成する,형성하다,formar,membentuk,4
6-2,40.     ,三角形,sānjiǎoxíng,N,triangle,hình tam giác,สามเหลี่ยม,တြိဂံ,三角形,삼각형,triángulo,segi tiga,4
6-2,41.     ,保持,bǎochí ,V,"to remain, stay","còn lại, ở lại",ที่จะอยู่อยู่,ကျန်နေဖို့၊,残る、残る,"머물다, 머물다","permanecer, quedarse","tetap, tinggal",4
6-2,42.     ,平靜,píngjìng ,Vs,calm,bình tĩnh,เงียบสงบ,အေးဆေး,落ち着いた,침착한,calma,tenang,4
6-2,43.     ,指示,zhǐshì ,N,"instructions, commands","hướng dẫn, mệnh lệnh",คำแนะนำคำสั่ง,ညွှန်ကြားချက်များ၊ အမိန့်များ,指示、命令,"지시, 명령","instrucciones, comandos","instruksi, perintah",4
6-2,44.     ,救援,jiùyuán ,Vi,to rescue,cứu hộ,เพื่อช่วยเหลือ,ကယ်တင်ရန်,救助する,구출하다,rescatar,menyelamatkan,4
6-2,45.     ,行動,xíngdòng ,N,"activity, action, operations","hoạt động, hành động",กิจกรรม การกระทำ การดำเนินงาน,လှုပ်ရှားမှု၊ လုပ်ဆောင်ချက်၊ လုပ်ဆောင်ချက်,アクティビティ、アクション、操作,"활동, 행동, 운영","actividad, acción, operaciones","aktivitas, tindakan, operasi",4
6-2,46,掉下來,diàoxiàlái,,"to fall down, to drop","rơi xuống, rớt xuống","ล้มลง, หล่น",ပြုတ်ကျဖို့၊ ပြုတ်ကျဖို့,落ちる、落ちる,"쓰러지다, 떨어지다","caer, caer","jatuh, jatuh",4
6-2,47,倒下來,dǎoxiàlái,,"to fall over, to collapse","đổ sập, ngã đổ","ล้มลง, พังทลาย",ပြုတ်ကျဖို့၊ ပြိုကျဖို့၊,倒れる、倒れる,"넘어지다, 쓰러지다","caerse, colapsar","terjatuh, roboh",4
6-2,48,救災人員,jiùzāi rényuán ,,rescue personnel,nhân viên cứu hộ,เจ้าหน้าที่กู้ภัย,ကယ်ဆယ်ရေးဝန်ထမ်း,救助隊員,구조대원,personal de rescate,personel penyelamat,4
7-1,1.        ,博文,Bówén,,a senior in college,sinh viên năm cuối đại học,ผู้อาวุโสในวิทยาลัย,ကောလိပ်မှာ အကြီးတန်းတစ်ယောက်,大学の先輩,대학 선배,un estudiante de último año en la universidad,seorang senior di perguruan tinggi,4
7-1,2.        ,玉珍,Yùzhēn,,a sophomore in college,sinh viên năm hai đại học,นักเรียนปีที่สองในวิทยาลัย,ကောလိပ်မှာ ဒုတိယနှစ်,大学二年生,대학 2학년,un estudiante de segundo año en la universidad,seorang mahasiswa tahun kedua di perguruan tinggi,4
7-1,3.        ,學妹,xuémèi,N,female lower classmate (see culture notes),em gái khóa dưới,เพื่อนร่วมชั้นชั้นล่างหญิง (ดูบันทึกวัฒนธรรม),အောက်တန်းစား အမျိုးသမီး (ယဉ်ကျေးမှုမှတ်စုများကိုကြည့်ပါ),女子の後輩（カルチャーノートを参照）,여자 하급생 (문화 노트 참조),compañera de clase inferior (ver notas culturales),teman sekelas perempuan yang lebih rendah (lihat catatan budaya),4
7-1,4.        ,學弟,xuédì,N,male lower classmate,em trai khóa dưới,เพื่อนร่วมชั้นต่ำกว่าชาย,အမျိုးသား အောက်တန်းစား,男子の後輩,남자 하급생,compañero de clase inferior,teman sekelas laki-laki yang lebih rendah,4
7-1,5.        ,彈,tán,V,"to play (piano, guiter)","chơi (đàn piano, guitar)",เล่น (เปียโน กีต้าร์),(စန္ဒယား၊ ဂစ်တာတီးရန်),演奏する（ピアノ、ギター）,"연주하다 (피아노, 기타)","tocar (piano, guitarra)","bermain (piano, gitaris)",4
7-1,6.        ,吉他,jítā,N,guitar,ghi-ta,กีตาร์,ဂစ်တာ,ギター,기타,guitarra,gitar,4
7-1,7.        ,交,jiāo,V,"to submit, hand in",nộp,เพื่อส่งส่ง,တင်ပြရန်၊ လက်ဆွဲပါ။,提出する、提出する,"제출하다, 제출하다","presentar, entregar","menyerahkan, serahkan",4
7-1,8.        ,家教,jiājiào,N,"coach, tutor","huấn luyện viên, gia sư","โค้ช, ครูสอนพิเศษ",နည်းပြ၊ နည်းပြဆရာ,コーチ、家庭教師,"코치, 가정교사","entrenador, tutor","pelatih, tutor",4
7-1,9.        ,學長,xuézhǎng,N,male upper classmate,anh trai khóa trên,เพื่อนร่วมชั้นชั้นสูงชาย,အထက်တန်းစား ယောက်ျား,男子上級生,남자 상급생,compañero de clase superior,teman sekelas laki-laki,4
7-1,10.     ,還,hái,Adv,to one’s surprise,thật bất ngờ,สร้างความประหลาดใจให้กับใครคนหนึ่ง,အံ့သြဖို့ကောင်းတယ်။,驚いたことに,놀랍게도,sorpresa de uno,mengejutkan seseorang,4
7-1,11.     ,進度,jìndù,N,progress,tiến bộ,ความคืบหน้า,တိုးတက်မှု,進捗,진전,progreso,kemajuan,4
7-1,12.     ,落後,luòhòu,Vp,"to fall behind, lag","tụt hậu, chậm lại",ล้าหลังล้าหลัง,နောက်ကျကျန်နေခြင်း၊,遅れをとる、遅れる,"뒤처지다, 뒤쳐지다","quedarse atrás, retrasarse","tertinggal, tertinggal",4
7-1,13.     ,完成,wánchéng,Vpt,to complete,hoàn thành,เพื่อให้เสร็จสมบูรณ์,ပြီးမြောက်ရန်,完了する,완료하다,completar,menyelesaikan,4
7-1,14.     ,一連,yìlián,Adv,"in a row, in succession","liên tiếp, liên tục",ติดต่อกัน,ဆက်တိုက်၊,続けて、連続して,"연속해서, 연속해서","en una fila, en sucesión","berturut-turut, berturut-turut",4
7-1,15.     ,約會,yuēhuì,V-sep,to make a date/appointment,hẹn hò,เพื่อนัดหมาย/นัดหมาย,ရက်ချိန်း/ချိန်းဆိုရန်,デート/約束をする,날짜를 정하다/약속을 하다,concertar una cita/cita,membuat tanggal/janji,4
7-1,16.     ,一生,yìshēng,N,(for) one’s life,(cả) đời,(สำหรับ) ชีวิตของเรา,(ဘဝအတွက်),人生（のために）,(때문에) 인생을 위해,(para) la vida,(untuk) hidup seseorang,4
7-1,17.     ,時光,shíguāng,N,time,thời gian,เวลา (we la),အချိန် (a chain),時間 (jikan),시간 (sigan),tiempo,waktu,4
7-1,18.     ,倒流,dàoliú,Vp,to flow backward,chảy ngược,ที่จะไหลย้อนกลับ,နောက်ပြန်စီးဆင်းရန်,逆流する,뒤로 흐르다,fluir hacia atrás,mengalir mundur,4
7-1,19.     ,加強,jiāqiáng,V,to strengthen,"củng cố, tăng cường",เพื่อเสริมสร้างความเข้มแข็ง,ခိုင်မာစေရန်,強化する,강화하다,fortalecer,memperkuat,4
7-1,20.     ,至少,zhìshǎo,Adv,at least,ít nhất,อย่างน้อย,အနည်းဆုံး,少なくとも,적어도,al menos,setidaknya,4
7-1,21.     ,訓練,xùnliàn,N/V,training; to train,đào tạo; huấn luyện,การฝึกอบรม; เพื่อฝึกฝน,လေ့ကျင့်ရေး; လေ့ကျင့်ရန်,トレーニング;訓練する,훈련; 훈련하다,capacitación; entrenar,pelatihan; melatih,4
7-1,22.     ,外國,wàiguó,N,"other countries, abroad, foreign",nước ngoài,"ประเทศอื่นๆ, ต่างประเทศ, ต่างประเทศ",တခြားနိုင်ငံ၊ပြည်ပ၊ပြည်ပ,他国、外国、外国,"다른 나라, 해외, 외국","otros países, en el extranjero, extranjero","negara lain, luar negeri, asing",4
7-1,23.     ,爭取,zhēngqǔ,V,"to vie for, compete for","tranh giành, cạnh tranh",ที่จะแย่งชิงแข่งขันเพื่อ,ယှဉ်ပြိုင်ရန်၊ ယှဉ်ပြိုင်ရန်,争う、競う,"경쟁하다, 경쟁하다","competir por, competir por","bersaing, bersaing untuk",4
7-1,24.     ,實習,shíxí,Vi,to intern,thực tập,เพื่อฝึกงาน,အလုပ်သင်လုပ်ဖို့,インターンする,인턴에게,hacer prácticas,magang,4
7-1,25.     ,二分之一,èrfēn zhīyī,,"one half, 1/2","một phần hai, 1/2","ครึ่งหนึ่ง, 1/2","တစ်ဝက်, 1/2",2分の1、半分,"2분의 1, 절반","un medio, 1/2","setengah, 1/2",4
7-1,26.     ,一下…一下…,yíxià…yíxià…,,"measure phrase, describing fast-changing alternating scences of two activities","cảnh quay cắt nhanh, xen kẽ nhanh",วลีวัด อธิบายฉากที่เปลี่ยนแปลงอย่างรวดเร็วของสองกิจกรรม,လှုပ်ရှားမှုနှစ်ခု၏ လျင်မြန်စွာပြောင်းလဲနေသော တလှည့်စီ ရှုခင်းများကို ဖော်ပြသည့် စကားစုကို တိုင်းတာပါ။,2 つのアクティビティの急速に変化する交互のシーンを説明する小節フレーズ,두 가지 활동의 빠르게 변화하는 교대 장면을 설명하는 측정 문구,Frase métrica que describe escenas alternas que cambian rápidamente de dos actividades,"frase ukur, menggambarkan adegan bergantian yang berubah dengan cepat dari dua aktivitas",4
7-1,27.     ,到時候,dào shíhòu,,"at that time, when the time comes","lúc đó, khi thời điểm đến",เมื่อเวลานั้นมาถึง,ထိုအချိန်တွင်၊,その時、その時が来たら,"그때, 때가 되면","en ese momento, cuando llegue el momento","pada saat itu, ketika saatnya tiba",4
7-1,28.     ,談戀愛,tán liànài,,"to be in love, go steady (said of dating couples)","yêu đương, hẹn hò (nói về các cặp đôi)",มีความรักมั่นคง (กล่าวถึงคู่รัก),ချစ်တတ်ဖို့၊ တည်ငြိမ်သွားပါ (ချိန်းတွေ့တဲ့ စုံတွဲတွေရဲ့ ပြောကြားချက်),恋をするためには、着実に進んでください（カップルのデートについて言われました）,"사랑에 빠지다, 꾸준히 가다 (데이트하는 커플의 말)","estar enamorado, andar firme (dicho de las parejas de novios)","jatuh cinta, mantap (kata tentang pasangan yang sedang berkencan)",4
7-1,29.     ,低空飛過,dīkōng fēiguò,,"barely managed to pass (a test, course)","vừa đủ điểm qua (một bài kiểm tra, khóa học)","แทบจะไม่สามารถผ่านได้ (แบบทดสอบ, หลักสูตร)",(စာမေးပွဲ၊ သင်တန်း) အောင်နိုင်သလောက်,かろうじて合格した（テスト、コース）,"간신히 합격했습니다 (시험, 과정)","apenas logré aprobar (un examen, un curso)","hampir tidak berhasil lulus (ujian, kursus)",4
7-1,30.     ,有助於,yǒuzhùyú,,"to help in something, be beneficial to something",có ích cho cái gì,"เพื่อช่วยในบางสิ่งบางอย่าง, เป็นประโยชน์ต่อบางสิ่งบางอย่าง",တစ်ခုခုကို ကူညီဖို့၊ တစ်ခုခုအတွက် အကျိုးရှိပါစေ။,何かを助ける、何かに有益になる,"어떤 일에 도움이 되다, 어떤 일에 유익이 되다","ayudar en algo, ser beneficioso para algo","membantu dalam sesuatu, bermanfaat untuk sesuatu",4
7-1,31.     ,寒暑假,hánshǔ jià,,winter and summer vacations,kỳ nghỉ đông và hè,วันหยุดฤดูหนาวและฤดูร้อน,ဆောင်းရာသီနှင့်နွေရာသီအားလပ်ရက်,冬と夏休み,겨울과 여름 방학,vacaciones de invierno y verano,liburan musim dingin dan musim panas,4
7-2,1.        ,暗戀,ànliàn,V,to have a crush on someone,phải lòng ai đó,ที่จะสนใจใครบางคน,တစ်ယောက်ယောက်ကို ချစ်ဖို့ကောင်းတယ်။,誰かに片思いをする,누군가에게 반하게 되다,estar enamorado de alguien,naksir seseorang,4
7-2,2.        ,目光,mùguāng,N,"eyes, gaze","ánh mắt, cái nhìn",ดวงตาจ้องมอง,မျက်လုံးများ၊,目、視線,"눈, 시선","ojos, mirada","mata, tatapan",4
7-2,3.        ,移動,yídòng,Vi,to move,cảm động,ที่จะย้าย,ရွှေ့ရန်,移動する,움직이다,moverse,bergerak,4
7-2,4.        ,於是,yúshì,Conj,"so, whereupon","vì vậy, do đó",ดังนั้นแล้ว,ဒါဆို ဘာဖြစ်လဲ။,それで、それでは,"그래서, 그럼","entonces, con lo cual","jadi, setelah itu",4
7-2,5.        ,原來,yuánlái,Adv,the truth is ,sự thật là,ความจริงก็คือ,အမှန်တရား,真実は,진실은,la verdad es,yang benar adalah,4
7-2,6.        ,煩惱,fánnǎo,Vs,"to be troubled, vexed","bối rối, phiền muộn",ต้องเดือดร้อนวุ่นวาย,နှောင့်ရှက်ခြင်း၊,悩む、イライラする,"곤란하다, 난처하다","estar preocupado, enfadado","menjadi bermasalah, jengkel",4
7-2,7.        ,擔任,dānrèn,V,to hold the post of ,giữ chức vụ,ให้ดำรงตำแหน่งของ,ရာထူးကို ကိုင်ထားရန်,～のポストに就く,직책을 맡다,ocupar el cargo de,memegang jabatan,4
7-2,8.        ,學生會,xuéshēnghuì,N,"student union (會 -huì, organization)",hội sinh viên,"สมาพันธ์นักศึกษา (會 -huì, องค์กร)",ကျောင်းသားသမဂ္ဂ (會 -huì၊ အဖွဲ့အစည်း)၊,Student Union (會 -huì、組織),"학생회(會-huì, 조직)","sindicato de estudiantes (會 -huì, organización)","perkumpulan mahasiswa (會 -huì, organisasi)",4
7-2,9.        ,會長,huìzhǎng,N,"president of an associatin, club etc…(長 -zhǎng, head)","chủ tịch hội, câu lạc bộ, v.v.","ประธานสมาคม สโมสร ฯลฯ...(長 -zhǎng, หัวหน้า)",တွဲဖက်ဥက္ကဌ၊ ကလပ်စသည်ဖြင့်... (長 -zhǎng၊ ခေါင်း),協会、クラブなどの会長…(長章、部長),"동호회 회장, 동아리 회장 등…(長-zhōng, 수장)","presidente de una asociación, club, etc. (長 -zhǎng, director)","presiden sebuah asosiasi, klub, dll…(長 -zhǎng, kepala)",4
7-2,10.     ,校隊,xiàoduì,N,school team,đội tuyển của trường,ทีมโรงเรียน,ကျောင်းအဖွဲ့,学校チーム,학교 팀,equipo escolar,tim sekolah,4
7-2,11.     ,隊員,duìyuán,N,"team member (員 -yuán, member, person)",thành viên đội,"สมาชิกในทีม (員 -yuán, สมาชิก, บุคคล)",အဖွဲ့၀င် (員 -yuán၊ အဖွဲ့ဝင်၊ လူ),チームメンバー (メンバー、メンバー、人),"팀원(員-yuan, 구성원, 사람)","miembro del equipo (員 -yuán, miembro, persona)","anggota tim (員 -yuán, anggota, orang)",4
7-2,12.     ,高大,gāodà,Vs,"tall and big,bulky","cao lớn, đồ sộ",สูงและใหญ่เทอะทะ,အရပ်ရှည်ပြီး ကြီးတယ်၊ ထူတယ်။,背が高くて大きい、かさばる,"키가 크고, 부피가 크다","alto y grande, voluminoso","tinggi dan besar, besar",4
7-2,13.     ,帥氣,shuàiqì,Vs,"dashing, handsome","bảnh bao, đẹp trai",ห้าวหล่อ,ခပ်မိုက်မိုက်၊ ချောမောသည်။,威勢のいい、ハンサムな,"늠름하다, 잘생겼다","apuesto, guapo","gagah, tampan",4
7-2,14.     ,雙,shuāng,M,a pair of,"một đôi, một cặp",คู่ของ,တစ်စုံ,一対の,한 쌍의,un par de,sepasang,4
7-2,15.     ,開朗,kāilǎng,Vs,cheerful,vui vẻ,ร่าเริง,ရွှင်သည်။,陽気な,쾌활한,alegre,ceria,4
7-2,16.     ,微笑,wéixiào,Vi,to smile,mỉm cười,ยิ้ม,ပြုံးဖို့,微笑む,미소 짓다,sonreír,tersenyum,4
7-2,17.     ,情人節,qíngrénjié,N,"Valentine’s Day (節 -jié, holiday, day)",Ngày Valentine,วันวาเลนไทน์ (節 - เจี๋ย วันหยุด วัน),ချစ်သူများနေ့ (節 -jié၊ အားလပ်ရက်၊ နေ့),バレンタインデー（節、休日、日）,"발렌타인 데이(節 -jié, 공휴일, 일)","Día de San Valentín (節 -jié, feriado, día)","Hari Valentine (節 -jié, hari libur, hari)",4
7-2,18.     ,親手,qīnshǒu,Adv,"personally, with one’s own hands","tự tay, chính tay",ด้วยมือของตัวเอง,ကိုယ်ပိုင်လက်ဖြင့်,個人的に、自分の手で,개인적으로 자신의 손으로,"personalmente, con las propias manos","secara pribadi, dengan tangannya sendiri",4
7-2,19.     ,巧克力,qiǎokèlì,N,chocolate,sô cô la,ช็อคโกแลต,ချောကလက်,チョコレート,초콜릿,chocolate,cokelat,4
7-2,20.     ,當天,dāngtiān,N,that day,ngày hôm đó,วันนั้น,ထိုနေ့,その日,그날,ese dia,hari itu,4
7-2,21.     ,堆,duī,M,a pile of,một đống,กอง,တစ်ပုံ,山盛り,더미,un montón de,setumpuk,4
7-2,22.     ,向,xiàng,Prep,to,"đến, tới",ถึง (thueng),သို့ (thoe),に,에게,a,ke,4
7-2,23.     ,告白,gàobái,Vi,to confess,"thổ lộ, bày tỏ",ที่จะสารภาพ,ဝန်ခံရန်,告白する,고백하다,confesar,mengaku,4
7-2,24.     ,萬人迷,wànrénmí,N,"heartthrob (迷 -mí, charmer)",người khiến ta say mê,"นักเต้นหัวใจ (迷 -mí, เจ้าเสน่ห์)",Heartthrob (迷 -mí၊ ကျက်သရေရှိသော),胸の高鳴り (迷 -mí、魅力的),"heartthrob (迷 -mí, 매력있는 사람)","rompecorazones (迷 -mí, encantador)","kekasih hati (迷 -mí, pawang)",4
7-2,25.     ,交往,jiāowǎng,Vi,"to go steady, to date",hẹn hò,ที่จะดำเนินต่อไปอย่างมั่นคงจนถึงปัจจุบัน,တည်ငြိမ်အောင်၊ ယနေ့အထိ,着実に進む、今日まで,"꾸준하게 지내다, 지금까지","ir estable, hasta la fecha","tetap stabil, sampai saat ini",4
7-2,26.     ,系花,xìhuā,N,"department beauty, the most beautiful girl in a department",hoa khôi của khoa,แผนกความงาม สาวสวยที่สุดในแผนก,ဌာနတစ်ခုရဲ့အလှဆုံး၊ ဌာနတစ်ခုရဲ့အလှဆုံးမိန်းကလေး,部門の美しさ、部門で最も美しい女の子,"학과미인, 학과에서 가장 아름다운 소녀","belleza del departamento, la chica más hermosa de un departamento","departemen kecantikan, gadis tercantik di sebuah departemen",4
7-2,27.     ,追,zhuī,V,"to chase, woo","theo đuổi, tán tỉnh",เพื่อไล่ล่าวู,လိုက်ရှာနေမှာပါ။,追いかける、ウー,"쫓아가다, 우","perseguir, cortejar","mengejar, woo",4
7-2,28.     ,情書,qíngshū,N,love letter,thư tình,จดหมายรัก,မေတ္တာစာ,ラブレター,연애 편지,carta de amor,surat cinta,4
7-2,29.     ,態度,tàidù,N,attitude,thái độ,ทัศนคติ,သဘောထား,態度,태도,actitud,sikap,4
7-2,30.     ,曖昧,àimèi,Vs,ambiguous (about one’s relationship),mập mờ (về mối quan hệ),คลุมเครือ (เกี่ยวกับความสัมพันธ์ของคน ๆ หนึ่ง),ရှုပ်ထွေးသော (လူတစ်ဦး၏ဆက်ဆံရေးအကြောင်း),あいまいな（人間関係について）,모호하다 (자신의 관계에 대해),ambiguo (sobre la relación de uno),ambigu (tentang hubungan seseorang),4
7-2,31.     ,甜蜜,tiánmì,Vs,sweet,ngọt ngào,หวาน,ချိုတယ်။,甘い,달콤한,dulce,manis,4
7-2,32.     ,溫柔,wēnróu,Vs,tender,"dịu dàng, mềm mại",อ่อนโยน,နူးညံ့သည်။,入札,부드러운,licitación,lembut,4
7-2,33.     ,訊息,xùnxí,N,message,tin nhắn,ข้อความ,သတင်းစကား,メッセージ,메시지,mensaje,pesan,4
7-2,34.     ,忌妒,jìdù,Vst,to be jealous,ghen tị,ที่จะอิจฉา,မနာလိုဖြစ်မည်။,嫉妬する,질투하다,estar celoso,menjadi cemburu,4
7-2,35.     ,安全感,ānquángǎn,N,"the feeling of security（感-gǎn, sense/feeling of）",cảm giác an toàn,ความรู้สึกปลอดภัย (感-gǎn ความรู้สึก/ความรู้สึก),လုံခြုံရေးခံစားမှု (感-gǎn၊ ခံစားမှု/ခံစားမှု),安心感（感ガン、感覚/感覚）,"안정감(感-gēn, 감각/느낌)","el sentimiento de seguridad (感-gǎn, sentido/sentimiento de)","perasaan aman（感-gǎn, rasa/perasaan）",4
7-2,36.     ,吃醋,chīcù,Vp-sep,to be jealous,ghen tuông,ที่จะอิจฉา,မနာလိုဖြစ်မည်။,嫉妬する,질투하다,estar celoso,menjadi cemburu,4
7-2,37.     ,吵架,chǎojià,V-sep,"to quarrel, fight, argue","cãi nhau, tranh cãi",ทะเลาะวิวาททะเลาะกัน,ရန်ဖြစ်၊ ရန်ဖြစ်၊ ငြင်းခုံရန်,口論する、喧嘩する、口論する,"말다툼하다, 싸우다, 논쟁하다","pelear, pelear, discutir","bertengkar, berkelahi, berdebat",4
7-2,38.     ,牽,qiān,V,to hold,"ôm, giữ",ที่จะถือ,ကိုင်ရန်,保持する,보유하다,sostener,memegang,4
7-2,39.     ,吻,wěn,V,to kiss,hôn,ที่จะจูบ,နမ်းရန်,キスする,키스하다,besar,mencium,4
7-2,40.     ,劈腿,pītuǐ,Vp-sep,to two-time,"lừa dối, có hai người yêu",ถึงสองครั้ง,နှစ်ကြိမ်အထိ,2回に,2번으로,a dos veces,menjadi dua kali,4
7-2,41.     ,糟糕,zāogāo,Ptc,"oh no, how terrible, what bad luck!","ôi trời, thật khủng khiếp, thật xui xẻo!",โอ้ไม่ ช่างเลวร้ายจริงๆ ช่างโชคร้ายจริงๆ!,အိုး မဟုတ်ဘူး၊ ဘယ်လောက်ကြောက်စရာကောင်းလဲ၊ ကံဆိုးလိုက်တာ။,ああ、なんてひどい、何という不運でしょう！,"아, 안돼, 얼마나 끔찍한 일이냐, 얼마나 불운한 일이냐!","¡Ay no, qué terrible, qué mala suerte!","oh tidak, betapa buruknya, betapa sialnya!",4
7-2,42.     ,何清源,Hé Qīngyuán,,a male college student,Hà Thanh Nguyên,นักศึกษาชายคนหนึ่ง,အမျိုးသားကောလိပ်ကျောင်းသား,男子大学生,남자 대학생,un estudiante universitario masculino,seorang mahasiswa laki-laki,4
7-2,43.     ,林榮華,Lín Rónghuá,,a male college student,Lâm Vinh Hoa,นักศึกษาชายคนหนึ่ง,အမျိုးသားကောလိပ်ကျောင်းသား,男子大学生,남자 대학생,un estudiante universitario masculino,seorang mahasiswa laki-laki,4
7-2,44.    .,一見鍾情,yíjiàn zhōngqíng,,love at first sight,yêu từ cái nhìn đầu tiên,รักตั้งแต่แรกเห็น,မြင်မြင်ချင်းချစ်မိသည်,一目ぼれ,첫눈에 반하다,amor a primera vista,cinta pada pandangan pertama,4
7-2,45.    .,一舉一動,yìjǔ yídòng,,every move,"mọi cử chỉ, hành động",ทุกการเคลื่อนไหว,လှုပ်ရှားမှုတိုင်း,あらゆる動き,모든 움직임,cada movimiento,setiap gerakan,4
7-2,46.     ,前一天,qián yì tiān,,the day before ,ngày hôm trước,เมื่อวันก่อน,အရင်နေ့,前日,전날,el día anterior,sehari sebelumnya,4
7-2,47.     ,已讀不回,yǐdú bùhuí,,read without reply,đọc mà không trả lời,อ่านโดยไม่ตอบกลับ,အကြောင်းမပြန်ဘဲဖတ်ပါ။,返事せずに読む,답장 없이 읽다,leer sin respuesta,membaca tanpa membalas,4
8-1,1.        ,王麗華,Wáng Lìhuá,,a woman from Taiwan,một phụ nữ từ Taiwan,ผู้หญิงไต้หวัน (phu ying tai wan),ထိုင်ဝမ်အမျိုးသမီး (tai wan a myo tha mee),台湾出身の女性 (Taiwan shusshin no josei),대만 여자 (daeman yeoja),una mujer de Taiwán,seorang wanita dari Taiwan,4
8-1,2.        ,魯亞,Lǔ Yǎ,,a man from Turkey,một người đàn ông từ Thổ Nhĩ Kỳ,ชายคนหนึ่งจากตุรกี,တူရကီမှ အမျိုးသားတစ်ဦး,トルコから来た男性,터키에서 온 남자,un hombre de turquía,seorang pria dari Turki,4
8-1,3.        ,論文,lùnwén,N,"thesis, dissertation, scholarly article","luận văn, bài báo học thuật",วิทยานิพนธ์ วิทยานิพนธ์ บทความวิชาการ,စာတမ်း၊ ဒီပနီ၊ ပညာရပ်ဆိုင်ရာ ဆောင်းပါး,論文、学位論文、学術論文,"논문, 논문, 학술 논문","tesis, disertación, artículo académico","tesis, disertasi, artikel ilmiah",4
8-1,4.        ,反正,fǎnzhèng,Adv,in any case,dù sao đi nữa,ไม่ว่าในกรณีใด,ဘယ်လိုအခြေအနေပဲဖြစ်ဖြစ်,いかなる場合でも,어쨌든,En todo caso,dalam hal apapun,4
8-1,5.        ,不只,bùzhǐ,Adv,not only,không chỉ,ไม่เพียงแต่ (mai phiang tae) / นอกจากนี้ (nok chak ni),သာမက (tha ma ka) / ရုံသာမက (yone tha ma ka),だけでなく (dake de naku) / のみならず (nomi narazu),뿐만 아니라 (ppunman anira),no solo,tidak hanya,4
8-1,6.        ,哈,hā ,Ptc,ha,ha,ฮ่า,ဟက်,はぁ,하아,Ja,Ha,4
8-1,7.        ,代替,dàitì,V,"to substitute, to be in place of ","thay thế, thế chỗ","เข้ามาแทนที่, เข้ามาแทนที่",အစားထိုးရန်၊ အစားထိုးရန်,代わりになる、代わりになる,"대신하다, 대신하다","sustituir, estar en lugar de","menggantikan, berada di tempat",4
8-1,8.        ,獨自,dúzì,Adv,"alone, by oneself",một mình,คนเดียวด้วยตัวเอง,တစ်ယောက်တည်း၊ တစ်ယောက်တည်း,一人で、自分で,"혼자, 혼자서","solo, por uno mismo","sendirian, sendirian",4
8-1,9.        ,難免,nánmiǎn,Adv,"inevitably, hard to avoid ",khó tránh khỏi,"อย่างหลีกเลี่ยงไม่ได้, ยากที่จะหลีกเลี่ยง",မလွဲမသွေ ရှောင်ရန် ခဲယဉ်းသည်။,必然的に、避けるのが難しい,필연적으로 피하기 어려운,"inevitablemente, difícil de evitar","mau tidak mau, sulit untuk dihindari",4
8-1,10.     ,費用,fèiyòng,N,"costs, expense",chi phí,ต้นทุนค่าใช้จ่าย,ကုန်ကျစရိတ်၊ ကုန်ကျစရိတ်,費用、出費,"비용, 비용","costos, gastos","biaya, biaya",4
8-1,11.     ,觀念,guānniàn,N,"concept, notion","khái niệm, quan niệm","แนวคิด, ความคิด",အယူအဆ၊ အယူအဆ,概念、概念,"개념, 개념","concepto, noción","konsep, gagasan",4
8-1,12.     ,代,dài,N,generation,thế hệ,รุ่น,မျိုးဆက်,世代,세대,generación,generasi,4
8-1,13.     ,婚姻,hūnyīn,N,marriage,hôn nhân,การแต่งงาน,အိမ်ထောင်ရေး,結婚,결혼,casamiento,pernikahan,4
8-1,14.     ,束縛,shùfú,V,"to be fettered by, bound by, shackled by","bị trói buộc bởi, gò bó bởi","ถูกล่ามโซ่, ผูกมัดด้วย, ล่ามด้วย",ချည်နှောင်ခြင်း၊ ချည်နှောင်ခြင်း၊ ချည်နှောင်ခြင်း။,束縛される、束縛される、束縛される,"족쇄에 얽매이다, 얽매이다, 얽매이다","estar encadenado por, atado por, encadenado por","dibelenggu oleh, diikat oleh, dibelenggu oleh",4
8-1,15.     ,追求,zhuīqiú,V,to pursue,theo đuổi,เพื่อติดตาม,လိုက်ရန်,追求する,추구하다,perseguir,mengejar,4
8-1,16.     ,倒是,dàoshì,Adv,on the other hand,mặt khác,ในทางกลับกัน,သို့သော်ငြားလည်း,一方で,반면에,por otro lado,di sisi lain,4
8-1,17.     ,推行,tuīxíng,V,to promote,"thúc đẩy, quảng bá",เพื่อส่งเสริม,မြှင့်တင်ရန်,促進する,홍보하다,promover,mempromosikan,4
8-1,18.     ,生育,shēngyù,V/N,"to have babies; reproduction, childbirth",sinh con; sinh sản,มีลูก การสืบพันธุ์การคลอดบุตร,ကလေးမွေးရန်၊ မျိုးပွားခြင်း၊ ကလေးမွေးဖွားခြင်း။,赤ん坊を産むこと。生殖、出産,"아기를 갖기 위해; 번식, 출산","tener bebés; reproducción, parto","memiliki bayi; reproduksi, persalinan",4
8-1,19.     ,補助,bǔzhù,V/N,"to subsidize; subsidy, allowance",trợ cấp; tiền trợ cấp,"อุดหนุน; เงินอุดหนุน, เบี้ยเลี้ยง",ထောက်ပံ့ရန်; ထောက်ပံ့ကြေး၊ ထောက်ပံ့ကြေး,補助金を出す。補助金、手当,"보조금을 지급하다; 보조금, 수당","subsidiar; subsidio, subsidio","mensubsidi; subsidi, tunjangan",4
8-1,20.     ,老人,lǎorén,N,"old people, seniors",người già,คนแก่ผู้อาวุโส,သက်ကြီးရွယ်အိုများ၊ သက်ကြီးရွယ်အိုများ,老人、高齢者,"노인들, 노인들","personas mayores, personas mayores","orang tua, manula",4
8-1,21.     ,夫婦,fūfù,N,"husband and wife, couple (夫 -fū, man; 婦 -fù, woman)",vợ chồng,สามีภรรยา คู่รัก (夫 -fū ผู้ชาย; 婦 -fù ผู้หญิง),လင်မယား၊ လင်မယား (夫 -fū၊ ယောက်ျား; 婦 -fù၊ မိန်းမ)၊,夫と妻、カップル (夫 -fü、男性、婦 -fù、女性),"남편과 아내, 커플(夫 -fū, 남자; 婦 -fù, 여자)","marido y mujer, pareja (夫 -fū, hombre; 婦 -fù, mujer)","suami dan istri, pasangan (夫 -fū, pria; 婦 -fù, wanita)",4
8-1,22.     ,獨生子,dúshēngzǐ,N,only child (male),con một (trai),ลูกคนเดียว (ชาย),ကလေး (ယောက်ျား) သာ,一人っ子（男性）,외동아이(남자),hijo único (varón),anak tunggal (laki-laki),4
8-1,23.     ,寵,chǒng,Vst,to spoil (somebody),nuông chiều (ai đó),จะทำให้เสีย (บางคน),(တစ်စုံတစ်ဦးကို လုယူရန်),（誰かを）台無しにする,(누군가를) 망치다,estropear (a alguien),memanjakan (seseorang),4
8-1,24.     ,職業,zhíyè,N,"occupation, profession",nghề nghiệp,อาชีพอาชีพ,အလုပ်အကိုင်၊ အလုပ်အကိုင်,職業、職業,"직업, 직업","ocupación, profesión","pekerjaan, profesi",4
8-1,25.     ,婦產科,fùchǎnkē,N,"obstetrics and gynecology, OB/GYN (婦 -fù, woman; 產 -chǎn, produce; 科 -kē, department)",khoa sản phụ khoa,"สูติศาสตร์และนรีเวชวิทยา OB/GYN (婦 -fù, ผู้หญิง; 產 -chǎn, ผลิตผล; 科 -kē, แผนก)",သားဖွားမီးယပ်ပညာ၊ OB/GYN (婦 -fù၊ အမျိုးသမီး၊ 產 -chǎn၊ ထုတ်လုပ်၊ 科 -kē၊ ဌာန),産婦人科、OB/GYN (婦 -fù、女性、產 -chƎn、農産物、科 -kē、部門),"산부인과, OB/GYN (婦 -fù, 여성; 產 -ch̎n, 생산; 科 -kē, 부서)","obstetricia y ginecología, obstetricia y ginecología (婦 -fù, mujer; 產 -chǎn, producir; 科 -kē, departamento)","kebidanan dan ginekologi, OB/GYN (婦 -fù, wanita; 產 -chǎn, produksi; 科 -kē, departemen)",4
8-1,26.     ,失業,shīyè,Vp,"to lose one's job, to become unemployed","mất việc, thất nghiệp","ตกงาน, ตกงาน",အလုပ်ပျက်၊ အလုပ်လက်မဲ့ဖြစ်ခြင်း။,職を失う、失業する,"직장을 잃다, 실업자가 되다","perder el trabajo, quedar desempleado","kehilangan pekerjaan, menjadi pengangguran",4
8-1,27.     ,補習班,bǔxíbān,N,"cram school (補習 bǔxí, supplement studies; 班 -bān, class)",lớp học thêm,"โรงเรียนกวดวิชา (補習 bǔxí, การศึกษาเสริม; 班 -bān, ชั้นเรียน)",ကရမ်မာကျောင်း (補習 bǔxí၊ ဖြည့်စွက်လေ့လာမှု၊ 班 -bān၊ အတန်း),塾（補習 bōxí、補足学習、班 -bān、クラス）,"학원(補習 būxí, 보충 학습; 班 -bān, 수업)","escuela intensiva (補習 bǔxí, estudios complementarios; 班 -bān, clase)","sekolah menjejalkan (補習 bǔxí, pelajaran tambahan; 班 -bān, kelas)",4
8-1,28.     ,不可思議,bùkě sīyì,,"hard to comprehend, beyond logic, unbelievable","khó hiểu, vô lý, không thể tin được",เข้าใจยาก เกินตรรกะ ไม่น่าเชื่อ,နားလည်ရခက်၊ ယုတ္တိမရှိ၊ မယုံနိုင်စရာ,理解するのが難しい、論理を超えている、信じられない,"이해하기 어렵다, 논리를 넘어서, 믿을 수 없다","Difícil de comprender, más allá de la lógica, increíble","sulit untuk dipahami, melampaui logika, sulit dipercaya",4
8-1,29.     ,有話直說,yǒuhuà zhíshuō,,"to be frank, don't hold anything back, spit it out","nói thẳng, đừng giấu giếm",พูดตรงๆ อย่ากลั้นอะไร คายมันออกมา,ပွင့်ပွင့်လင်းလင်းပြောရရင် ဘာကိုမှ မဆုပ်ကိုင်ထားဘဲ တံတွေးထွေးလိုက်ပါ။,率直に言うと、何も我慢せずに吐き出してください,솔직히 참지 말고 뱉어내,"ser sincero, no te guardes nada, escúpelo","sejujurnya, jangan menahan apa pun, keluarkan",4
8-1,30.     ,娃娃推車,wáwa tuīchē,,baby carriage,xe đẩy em bé,รถเข็นเด็ก,ကလေးလှည်း,乳母車,유모차,cochecito de bebé,kereta bayi,4
8-1,31.     ,不足為奇,bùzú wéiqí,,"nothing strange, not surprising at all","chẳng có gì lạ, hoàn toàn không ngạc nhiên",ไม่มีอะไรแปลก ไม่น่าแปลกใจเลย,ဘာမှ မထူးဆန်းပါဘူး၊ အံ့သြစရာတော့ မရှိပါဘူး။,何も不思議ではない、まったく驚くべきことではない,전혀 이상하지도 놀랍지도 않아,"nada extraño, nada sorprendente","tidak ada yang aneh, tidak mengherankan sama sekali",4
8-1,32.     ,遠遠,yuǎnyuǎn,,by far,cho đến nay,โดยไกล,ဝေးသည်။,はるかに,지금까지,con mucho,sejauh ini,4
8-1,33.     ,傳宗接代,chuánzōng jiēdài,,carry on the family line,nối dõi tông đường,สืบสานสายตระกูลต่อไป,မိသားစုလိုင်းကို ဆက်သွားပါ။,家系を引き継ぐ,가계를 이어가다,continuar con la línea familiar,melanjutkan garis keluarga,4
8-1,34.     ,無拘無束,wújū wúshù,,"carefree, free, do as one pleases","thoải mái, tự do, muốn làm gì thì làm",ไร้กังวล อิสระ ทำตามใจชอบ,ပေါ့ပေါ့ပါးပါး၊ လွတ်လွတ်လပ်လပ် စိတ်ကြိုက်လုပ်ပါ။,のんきな、自由な、好きなようにする,"평온한, 자유로운, 마음대로 하세요","despreocupado, libre, hacer lo que uno quiera","riang, bebas, lakukan sesuka hati",4
8-1,35.     ,老一輩,lǎoyíbèi,,the older generation,"thế hệ trước, lớp người đi trước",คนรุ่นเก่า,မျိုးဆက်ဟောင်း,古い世代,더 오래된 세대,la generación anterior,generasi yang lebih tua,4
8-1,36.     ,一胎化政策,yìtāihuà zhèngcè,,One Child Policy,Chính sách Một con,นโยบายเด็กหนึ่งคน,ကလေးတစ်ဦးမူဝါဒ,一人っ子政策,한 자녀 정책,Política de un solo hijo,Kebijakan Satu Anak,4
8-1,37.     ,這下子,zhèxiàzi,,as a consequence,"do đó, kết quả là",เป็นผล,အကျိုးဆက်အဖြစ်,結果として,결과적으로,como consecuencia,sebagai konsekuensinya,4
8-2,1.        ,已,yǐ,Adv,already (formal),đã (trang trọng),แล้ว (เป็นทางการ),ပြီးပြီ (တရားဝင်),すでに（正式に）,이미 (공식적으로),ya (formal),sudah (formal),4
8-2,2.        ,生育率,shēngyùlǜ,N,"birth rate (率 -lǜ, rate)",tỷ lệ sinh,"อัตราการเกิด (率 -lǜ, อัตรา)",မွေးနှုန်း (率 -lǜ၊ နှုန်း),出生率 (率 -lĜ、割合),"출생률(率 -lϜ, 비율)","tasa de natalidad (率 -lǜ, tasa)","angka kelahiran (率 -lǜ, angka)",4
8-2,3.        ,離婚,líhūn,Vp-sep,to get divorced,ly hôn,ที่จะหย่าร้าง,ကွာရှင်းရန်,離婚する,이혼하다,divorciarse,bercerai,4
8-2,4.        ,年齡,niánlíng,N,age,tuổi tác,อายุ (ayu),အသက် (a thet),年齢 (nenrei),나이 (nai) / 연령 (yeollyeong),edad,usia,4
8-2,5.        ,較,jiào,Adv,comparatively more (formal),tương đối nhiều hơn (trang trọng),ค่อนข้างมาก (เป็นทางการ),ယှဉ်လိုက်ရင် ပို (တရားဝင်)၊,比較的（フォーマルな）,비교적 더 (공식적으로),comparativamente más (formal),relatif lebih (formal),4
8-2,6.        ,使,shǐ,Vst,to cause,gây ra,ที่จะทำให้เกิด,ဖြစ်ပေါ်စေရန်,引き起こす,야기하다,causar,menyebabkan,4
8-2,7.        ,行業,hángyè,N,"businesses, walks of life","các ngành nghề, lĩnh vực",ธุรกิจ วิถีชีวิต,စီးပွားရေးလုပ်ငန်း၊ လူနေမှုဘ၀,ビジネス、日常生活,"기업, 삶의 방식","negocios, estilos de vida","bisnis, lapisan masyarakat",4
8-2,8.        ,重大,zhòngdà,Vs,"enormous, heavy","to lớn, nặng nề",ใหญ่โตหนัก,ကြီးမားသည်၊ လေးလံသည်။,巨大な、重い,"거대한, 무거운","enorme, pesado","sangat besar, berat",4
8-2,9.        ,幼稚園,yòuzhìyuán,N,kindergarten,trường mẫu giáo,โรงเรียนอนุบาล,သူငယ်တန်း,幼稚園,유치원,jardín de infancia,taman kanak-kanak,4
8-2,10.     ,招生,zhāoshēng,Vi,"to recruit students, find students",tuyển sinh,"เพื่อรับสมัครนักศึกษา, หานักศึกษา",ကျောင်းသားစုဆောင်းရန်၊ ကျောင်းသားများကိုရှာဖွေပါ။,生徒を募集する、生徒を見つける,"학생을 모집하다, 학생을 찾다","reclutar estudiantes, encontrar estudiantes","merekrut siswa, mencari siswa",4
8-2,11.     ,減班,jiǎnbān,Vp-sep,to reduce enrollments,giảm chỉ tiêu tuyển sinh,เพื่อลดการลงทะเบียน,စာရင်းသွင်းမှုများကို လျှော့ချရန်,入学者を減らすために,등록을 줄이기 위해,reducir las inscripciones,mengurangi pendaftaran,4
8-2,12.     ,將,jiāng,Adv,will soon,sắp sửa,จะเร็ว ๆ นี้,မကြာမီလာမည်။,すぐに,곧,pronto lo hará,akan segera,4
8-2,13.     ,少子化,shǎozǐhuà,Vp,"low birth rate (少, few; 子, children; 化 -huà, -ize, suffix indicating tranformation)",tỷ lệ sinh thấp,"อัตราการเกิดต่ำ (少, น้อย; 子, เด็ก ๆ; 化 -huà, -ize, คำต่อท้ายบ่งบอกถึงการเปลี่ยนแปลง)",မွေးနှုန်းနည်းပါးခြင်း (少၊ အနည်းငယ်၊ 子၊ ကလေးများ၊ 化 -huà၊ -ize၊ အသွင်ပြောင်းခြင်းကို ညွှန်ပြသော နောက်ဆက်တွဲ),出生率が低い（少、少数、子、子供、化 -huà、-ize、変化を示す接尾語）,"저출산 (少, 소수; 子, 어린이; 化 -huà, -ize, 변형을 나타내는 접미사)","baja tasa de natalidad (少, pocos; 子, niños; 化 -huà, -ize, sufijo que indica transformación)","tingkat kelahiran rendah (少, sedikit; 子, anak-anak; 化 -huà, -ize, akhiran yang menunjukkan transformasi)",4
8-2,14.     ,連鎖,liánsuǒ,Vs-attr,"chain, franchise","chuỗi cửa hàng, nhượng quyền",ห่วงโซ่แฟรนไชส์,ကွင်းဆက်၊ franchise,チェーン、フランチャイズ,"체인, 프랜차이즈","cadena, franquicia","rantai, waralaba",4
8-2,15.     ,兒童,értóng,N,child (ren),trẻ em,เด็ก),ကလေး (ကလေး),子供たち）,어린이들),niños),anak-anak),4
8-2,16.     ,美語,Měiyǔ,N,(American) English,tiếng Anh (Mỹ),(อเมริกัน) อังกฤษ,(အမေရိကန်) အင်္ဂလိပ်,(アメリカ人) 英語,(미국식) 영어,(Americano) Inglés,(Amerika) Bahasa Inggris,4
8-2,17.     ,倒閉,dǎobì,Vp,to go out of business,phá sản,ที่จะออกจากธุรกิจ,အလုပ်မှထွက်သည်။,廃業する,폐업하다,salir del negocio,keluar dari bisnis,4
8-2,18.     ,何況,hékuàng,Adv,"much less, let alone","chưa kể, huống chi",น้อยมากนับประสาอะไร,အများကြီးနည်းတယ် မပြောနဲ့,ましてや、ましてや,"훨씬 덜, 말할 것도 없이",mucho menos y mucho menos,apalagi,4
8-2,19.     ,無法,wúfǎ,Adv,to be unable to,không thể,ไม่สามารถ,မရနိုင်ပါ။,できないこと,할 수 없다,ser incapaz de,tidak bisa,4
8-2,20.     ,未來,wèilái,N,future,tương lai,อนาคต,အနာဂတ်,未来,미래,futuro,masa depan,4
8-2,21.     ,遠景,yuǎnjǐng,N,future prospects,triển vọng tương lai,แนวโน้มในอนาคต,အနာဂတ်အလားအလာ,将来の展望,미래 전망,perspectivas de futuro,prospek masa depan,4
8-2,22.     ,足夠,zúgòu,Vs,enough,đủ,พอ (pho) / เพียงพอ (phiang pho),လုံလောက်သည် (lone lout thi),十分な (jūbun na) / 足りる (tariru),충분하다 (chungbunhada),suficiente,cukup,4
8-2,23.     ,加入,jiārù,V,"to enter, join","gia nhập, tham gia",เพื่อเข้าร่วม,ဝင်ရန်၊ join,入る、参加する,"들어가다, 가입하다","entrar, unirse","masuk, bergabung",4
8-2,24.     ,老化,lǎohuà,Vp,aging ,già hóa dân số,ริ้วรอย,အိုမင်းခြင်း။,エージング,노화,envejecimiento,penuaan,4
8-2,25.     ,針對,zhēnduì,Prep,"aimed at, directed at","nhắm vào, hướng đến","มุ่งเป้าไปที่, มุ่งไปที่",ဦးတည်သည်၊ ဦးတည်သည်။,向けられた、向けられた,"겨냥하다, 향하다","dirigido a, dirigido a","dituju, diarahkan pada",4
8-2,26.     ,項,xiàng,M,item,"hạng mục, điều khoản",รายการ,ပစ္စည်း,アイテム,목,artículo,barang,4
8-2,27.     ,措施,cuòshī,N,measure,biện pháp,วัด,တိုင်းတာ,測定,측정하다,medida,ukuran,4
8-2,28.     ,減稅,jiǎnshuì,V-sep,"to reduce taxes, tax break",giảm thuế,เพื่อลดภาษี ลดหย่อนภาษี,အခွန်လျှော့ဖို့၊ အခွန်လျှော့ဖို့,税金を減らす、減税する,"세금을 줄이기 위해, 세금 감면","reducir impuestos, exención de impuestos","mengurangi pajak, keringanan pajak",4
8-2,29.     ,延長,yáncháng,V,"to extended, make longer",kéo dài,เพื่อขยายให้ยาวขึ้น,တိုးချဲ့ရန်၊ ပိုရှည်အောင်လုပ်ပါ။,延長する、長くする,"연장하다, 길게 만들다","extender, hacer más largo","diperpanjang, dibuat lebih lama",4
8-2,30.     ,產假,chǎnjià,N,maternity leave,kỳ nghỉ thai sản,ลาคลอดบุตร,မီးဖွားခွင့်,産休,출산 휴가,licencia de maternidad,cuti hamil,4
8-2,31.     ,托育,tuōyù,N,childcare,chăm sóc trẻ em,การดูแลเด็ก,ကလေးထိန်း,育児,육아,cuidado de niños,penitipan anak,4
8-2,32.     ,胎,tāi,N,"embryo, birth, child","bào thai, đứa trẻ",เอ็มบริโอ การเกิด เด็ก,သန္ဓေသားလောင်း၊ မွေးကင်းစကလေး,胎児、誕生、子供,"배아, 탄생, 아이","embrión, nacimiento, niño","embrio, kelahiran, anak",4
8-2,33.     ,領,lǐng,V,"to receive, withdraw (money)","nhận, rút (tiền)","รับ, ถอน (เงิน)",လက်ခံရန်၊ ထုတ်ယူရန် (ငွေ),（お金を）受け取る、引き出す,"(돈)을 받다, 인출하다","recibir, retirar (dinero)","menerima, menarik (uang)",4
8-2,34.     ,元,yuán,N,dollar (or other currency),đô la (hoặc các loại tiền tệ khác),ดอลลาร์ (หรือสกุลเงินอื่น),ဒေါ်လာ (သို့မဟုတ် အခြားငွေကြေး),ドル（または他の通貨）,달러(또는 다른 통화),dólar (u otra moneda),dolar (atau mata uang lainnya),4
8-2,35.     ,成年,chéngnián,Vp,"to come to age, enter adulthood","trưởng thành, đến tuổi trưởng thành",เมื่อถึงวัยก็เข้าสู่วัยผู้ใหญ่,အရွယ်ရောက်ဖို့၊ အရွယ်ရောက်လာတယ်။,成人する、成人になる,"나이가 들다, 성인이 되다","llegar a la edad, entrar en la edad adulta","menjadi dewasa, memasuki usia dewasa",4
8-2,36.     ,除非,chúfēi,Conj,unless,trừ khi,เว้นเสียแต่ว่า,မဟုတ်လျှင်,ない限り,~하지 않는 한,a menos que,kecuali,4
8-2,37.     ,整體,zhěngtǐ,N,overall,tổng thể,โดยรวม,ခြုံငုံ,全体,전반적인,en general,keseluruhan,4
8-2,38.     ,否則,fǒuzé,Conj,otherwise,nếu không thì,ไม่อย่างนั้น (mai yang nan) / มิฉะนั้น (mi chanan),သို့မဟုတ်လျှင် (tho ma hote hlyin) / မဟုတ်ရင် (ma hote yin),さもないと (samonaito) / じゃないと (janaito),그렇지 않으면 (geureochi aneumyeon) / 안 그러면 (an geureomyeon),de lo contrario,jika tidak,4
8-2,39.     ,婦女,fùnǚ,N,woman,phụ nữ,ผู้หญิง,မိန်းမ,女性,여성,mujer,wanita,4
8-2,40.     ,意願,yìyuàn,N,intention,ý định,เจตนา,ရည်ရွယ်ချက်,意図,의도,intención,maksud,4
8-2,41.     ,祖父母,zǔfùmǔ,N,paternal grandparents,ông bà nội,ปู่ย่าตายาย,အဘိုးအဘွားများ,父方の祖父母,친조부모,abuelos paternos,kakek dan nenek dari pihak ayah,4
8-2,42.     ,孫女,sūnnǚ,N,granddaughter,cháu gái,หลานสาว,မြေး,孫娘,손녀,nieta,cucu perempuan,4
8-2,43.     ,重,zhòng,Vs,heavy,nặng nề,หนัก,လေးလံ,重い,무거운,pesado,berat,4
8-2,44.     ,預算,yùsuàn,N,budget,ngân sách,งบประมาณ,ဘတ်ဂျက်,予算,예산,presupuesto,anggaran,4
8-2,45.     ,財政,cáizhèng,N,finance,tài chính,การเงิน,ဘဏ္ဍာရေး,ファイナンス,재원,finanzas,keuangan,4
8-2,46.     ,沉重,chénzhòng,Vs,heavy,nặng,หนัก,လေးလံ,重い,무거운,pesado,berat,4
8-2,47.     ,有效,yǒuxiào,Vs,effective,hiệu quả,มีประสิทธิภาพ,ထိရောက်သည်။,効果的,효과적인,eficaz,efektif,4
8-2,48.     ,正,zhèng,Adv,during the process of ,trong quá trình,ในระหว่างกระบวนการของ,၏လုပ်ငန်းစဉ်ကာလအတွင်း,の過程で,그 과정에서,durante el proceso de,selama proses,4
8-2,49.     ,考驗,kǎoyàn,V,to test out,thử nghiệm,เพื่อทดสอบ,စမ်းသပ်ရန်,テストする,테스트하기,probar,menguji,4
8-2,50.     ,智慧,zhìhuì,N,wisdom,"trí tuệ, sự khôn ngoan",ภูมิปัญญา,ပညာ,知恵,지혜,sabiduría,kebijaksanaan,4
8-2,51.     ,之一,zhīyī,,one of,một trong,หนึ่งใน,ထဲက တစ်ခု,の 1 つ,중 하나,uno de,salah satu,4
8-2,52.     ,寧缺勿濫,níngquē wùlàn,,not settle for less than perfect,không bằng lòng với cái gì kém hoàn hảo,ไม่ถือว่าน้อยไปกว่าความสมบูรณ์แบบ,ပြီးပြည့်စုံသည်ထက် နည်းသည်မဟုတ်ပေ။,完璧未満で妥協しない,완벽하지 못한 것에 안주하지 않는다,no conformarse con menos que perfecto,tidak puas dengan kurang dari sempurna,4
8-2,53.     ,合不來,hébùlái,,not get along,"không hòa hợp, không hợp nhau",ไม่เข้ากัน,မလိုက်ပါနဲ့။,仲良くない,사이가 좋지 않다,no llevarse bien,tidak akur,4
8-2,54.     ,生兒育女,shēng’ér yùnǚ,,to have and raise children,sinh và nuôi dạy con cái,ให้มีและเลี้ยงดูลูก,ကလေးမွေးဖို့၊,子供を産み育てること,아이를 낳고 키우는 것,tener y criar hijos,memiliki dan membesarkan anak,4
8-2,55.     ,獨善其身,dúshàn qíshēn,,"to look out only for oneself, be self-centered","chỉ biết nghĩ đến bản thân, ích kỷ",ระวังแต่ตนเอง เอาแต่ใจตนเอง,ကိုယ့်ကိုယ်ကိုသာကြည့်ဖို့၊ ကိုယ့်ကိုယ်ကိုဗဟိုပြုပါ။,自分のことだけを考える、自己中心的になる,"자기 자신만을 바라보다, 자기중심적이다","cuidar sólo de uno mismo, ser egocéntrico","hanya memperhatikan diri sendiri, egois",4
8-2,56.     ,停滯不前,tíngzhì bùqián ,,in stagnation,trong tình trạng trì trệ,ในความเมื่อยล้า,တုံ့ဆိုင်းနေသည်။,停滞中,정체 상태,en estancamiento,dalam stagnasi,4
9-1,1.        ,逐漸,zhújiàn,Adv,gradually,dần dần,ค่อยๆ,တဖြည်းဖြည်း,徐々に,서서히,gradualmente,perlahan-lahan,4
9-1,2.        ,據點,jùdiǎn,N,"base, stronghold","căn cứ, cơ sở","ฐาน, ฐานที่มั่น",အခြေစိုက်စခန်း၊,拠点、要塞,"기지, 요새","base, fortaleza","pangkalan, benteng",4
9-1,3.        ,統治,tǒngzhì,V,"to rule, govern","cai trị, quản lý","ปกครอง, ปกครอง",အုပ်ချုပ်ရန်၊ အုပ်ချုပ်ရန်,統治する、統治する,"통치하다, 통치하다","gobernar, gobernar","memerintah, memerintah",4
9-1,4.        ,景點,jǐngdiǎn,N,scenic site,"địa điểm tham quan, thắng cảnh",สถานที่สวยงาม,ရှုခင်းသာဆိုက်,景勝地,경치 좋은 곳,sitio escénico,situs pemandangan,4
9-1,5.        ,繁榮,fánróng,Vs,prosperous,"thịnh vượng, phồn thịnh",รุ่งเรือง,ချမ်းသာ,繁栄した,번영하는,próspero,makmur,4
9-1,6.        ,港口,gǎngkǒu,N,"harbor, port","cảng, bến cảng","ท่าเรือ, ท่าเรือ",ဆိပ်ကမ်း၊ ဆိပ်ကမ်း,港、港,"항구, 항구","puerto, puerto","pelabuhan, pelabuhan",4
9-1,7.        ,據說,jùshuō,V,it is said,người ta nói rằng,มันถูกกล่าวว่า,ဟုဆိုသည်။,それは言われています,그것은 말한다,se dice,dikatakan,4
9-1,8.        ,鹿,lù,N,deer,"con hươu, con nai",กวาง,သမင်,鹿,사슴,ciervo,rusa,4
9-1,9.        ,鹿群,lùqún ,N,"herd of deer (群 -qún, group, crowd)",đàn hươu/nai,"ฝูงกวาง (群 -qún, กลุ่ม, ฝูงชน)",သမင်အုပ် (群 -qún၊ အုပ်စု၊ လူစု)၊,鹿の群れ (群 -qún、集団、群衆),"사슴 떼 (群 -qún, 무리, 군중)","manada de ciervos (群 -qún, grupo, multitud)","kawanan rusa (群 -qún, kelompok, kerumunan)",4
9-1,10.     ,形狀,xíngzhuàng,N,shape,hình dạng,รูปร่าง,ပုံသဏ္ဍာန်,形,모양,forma,membentuk,4
9-1,11.     ,鹿角,lùjiǎo,N,deer antlers,gạc hươu/nai,กวางเขากวาง,သမင်သမင်ချို၊,鹿の角,사슴뿔,astas de venado,tanduk rusa,4
9-1,12.     ,便,biàn,Adv,accordingly,"theo đó, do đó",ตามนั้น,လျော်စွာ,それに応じて,따라서,respectivamente,demikian,4
9-1,13.     ,稱,chēng,V,to call,gọi,ที่จะโทร,ခေါ်ရန်,電話する,전화하다,llamar,menelepon,4
9-1,14.     ,動物園 ,dòngwùyuán ,N,zoo,sở thú,สวนสัตว์,တိရစ္ဆာန်ရုံ,動物園,동물원,zoo,kebun binatang,4
9-1,15.     ,皮,pí,N,"skin, hides","da, bộ da",ผิวหนังซ่อนเร้น,အရေပြား၊ ဖုံးကွယ်,皮膚、皮,"피부, 숨기다","piel, pieles","kulit, kulit",4
9-1,16.     ,殺,shā,V,to kill,giết,ที่จะฆ่า,သတ်ရန်,殺す,죽이다,matar,membunuh,4
9-1,17.     ,數量,shùliàng,N,"number, quantity",số lượng,จำนวนปริมาณ,အရေအတွက်၊ အရေအတွက်,数、量,"수, 수량","número, cantidad","nomor, kuantitas",4
9-1,18.     ,風光,fēngguāng,N,glory,vinh quang,สง่าราศี,ဘုန်း,栄光,영광,gloria,kejayaan,4
9-1,19.     ,民宅,mínzhái,N,"home, people's residence","nhà ở, nơi ở của người dân",บ้านที่อยู่อาศัยของผู้คน,အိမ်၊ လူတွေနေထိုင်ရာ,家、人の住居,"집, 사람들의 거주지","hogar, residencia de personas","rumah, tempat tinggal orang",4
9-1,20.     ,蚵仔煎,ézǐjiān,N,oyster omelet,trứng tráng hàu,ไข่เจียวหอยนางรม,ကမာကောင် အုန်းမလက်,牡蠣のオムレツ,굴 오믈렛,tortilla de ostras,telur dadar tiram,4
9-1,21.     ,哦,ó,Ptc,an interjection indicating concurrence accepting what has been presented,"ừ, ờ (thán từ đồng ý với điều vừa nói)",คำอุทานแสดงการยอมรับสิ่งที่นำเสนอ,တင်ပြထားသည်များကို လက်ခံကြောင်း တညီတညွတ်တည်း ညွှန်ပြသည့် ကြားဖြတ်စကား,提示された内容を受け入れる同意を示す間投詞,제시된 내용을 받아들이는 동의를 나타내는 감탄사,una interjección que indica concurrencia aceptando lo que se ha presentado,kata seru yang menunjukkan persetujuan menerima apa yang telah disajikan,4
9-1,22.     ,該,gāi,Vaux,"should, ought to (formal)","nên, phải (trang trọng)","ควร, ควรจะ (เป็นทางการ)","should, ought (တရားဝင်)",すべきです、すべきです（正式な）,"해야 한다, 해야 한다(형식적으로)","debería, debería (formal)","seharusnya, seharusnya (formal)",4
9-1,23.     ,興盛,xīngshèng,Vs,flourishing,"thịnh vượng, phát đạt",เจริญรุ่งเรือง,ရှင်သန်,繁栄している,번성하는,floreciente,maju,4
9-1,24.     ,時期,shíqí,N,"period, age","thời kỳ, giai đoạn","ระยะเวลา, อายุ",ကာလ၊ အသက်,時代、年齢,"기간, 나이","periodo, edad","periode, usia",4
9-1,25.     ,獨木舟,dúmùzhōu,N,canoe,"xuồng, ca nô",เรือแคนู,ကနူးလှေ,カヌー,카누,canoa,kano,4
9-1,26.     ,為,wéi,Vst,as,"như, với tư cách là",เช่น,အဖြစ်,として,~처럼,como,sebagai,4
9-1,27.     ,載運,zàiyùn,V,to transport,vận chuyển,เพื่อการขนส่ง,ပို့ဆောင်ရန်,輸送する,수송하다,transportar,mengangkut,4
9-1,28.     ,改名,gǎimíng,V-sep,to legally change one’s names,đổi tên hợp pháp,เพื่อเปลี่ยนชื่อตามกฎหมาย,တရားဝင်အမည်ပြောင်းရန်,合法的に名前を変えること,합법적으로 이름을 바꾸다,cambiar legalmente el nombre de uno,mengubah nama seseorang secara sah,4
9-1,29.     ,相似,xiāngsì,Vs,similar ,tương tự,คล้ายกัน,အလားတူ,似ている,비슷한,similar,serupa,4
9-1,30.     ,沒落,mòluò,Vp,"to decline, wane","suy tàn, suy yếu",จะลดลงเสื่อมโทรม,ဆုတ်ယုတ်၊ မဆုတ်,衰退する、衰える,"쇠퇴하다, 쇠퇴하다","declinar, menguar","menurun, berkurang",4
9-1,31.     ,依然,yīrán,Adv,still,vẫn còn,นิ่ง,ဆဲ,まだ,아직,aún,tetap,4
9-1,32.     ,保留,bǎoliú,V,"to remain intact, preserve","còn nguyên vẹn, bảo tồn",เพื่อให้คงสภาพเดิมไว้,မပျက်မကွက် ထိန်းသိမ်းစောင့်ရှောက်ပါ။,無傷のままである、保存する,"그대로 유지하다, 보존하다","permanecer intacto, preservar","tetap utuh, melestarikan",4
9-1,33.     ,鹿港,Lùgǎng,,Lugang,Lugang,ลู่กัง,Lugang,鹿港,루강,Lugang,Lugang,4
9-1,34.     ,艋舺,Měngjiǎ,,Mengjia (Mangka),Mengjia (Mangka),เหม่งเจีย (Mangka),Mengjia (Mangka),孟家（マンカ）,맹자(망카),Mengjia (Mangka),Mengjia (Mangka),4
9-1,35.     ,淡水河,Dànshuǐ Hé,,"Tamsui River (河 -hé,river)",Sông Đạm Thủy,"แม่น้ำตั้นสุ่ย (河 -hé,แม่น้ำ)",Tamsui မြစ် (河 -hé၊ မြစ်),淡水河 (河、川),"단수이강(河-hé,강)","Río Tamsui (河 -hé, río)","Sungai Tamsui (河 -hé, sungai)",4
9-1,36.     ,萬華,Wànhuá,,Wanhua,Vạn Hoa,ว่านหัว,ဝမ်ဟွာ,万華,완화,Wanhua,Wanhua,4
9-1,37.     ,台語,Táiyǔ,,Taiwanese (a Southern Min dialect),tiếng Taiwan (phương ngữ Mân Nam),ไต้หวัน (ภาษาหมิ่นใต้),ထိုင်ဝမ် (တောင်ပိုင်းမင်း ဒေသိယ),台湾語（閩南語）,대만어(남부 민 방언),Taiwanés (un dialecto Min del Sur),Bahasa Taiwan (dialek Min Selatan),4
9-1,38.     ,日語,Rìyǔ,,Japanese (language),tiếng Nhật,ญี่ปุ่น (ภาษา),ဂျပန် (ဘာသာစကား),日本語（言語）,일본어(언어),Japonés (idioma),Bahasa Jepang),4
9-1,39.     ,家喻戶曉,jiāyù hùxiǎo,,widely known,được biết đến rộng rãi,เป็นที่รู้จักอย่างกว้างขวาง,လူသိများသည်။,広く知られている,널리 알려진,ampliamente conocido,umum,4
9-1,40.     ,滿山遍野,mǎnshān biànyě,,all over the mountains and plains,khắp núi đồi,ทั่วภูเขาและที่ราบ,တောင်များနှင့် လွင်ပြင်တစ်ခုလုံး,山や平野のいたるところに,산과 들판 곳곳에,por todas las montañas y llanuras,seluruh pegunungan dan dataran,4
9-1,41.     ,古色古香,gǔsè gǔxiāng,,"to have an antique air, quaint, classical in style","có phong cách cổ kính, xưa cũ",ให้มีกลิ่นอายแบบโบราณ แปลกตา คลาสสิคอย่างมีสไตล์,ရှေးဟောင်းလေထု၊ ဆန်းသစ်သော၊ ဂန္တဝင်စတိုင်ရှိရန်,アンティークな雰囲気、趣のある、クラシックなスタイルを持つこと,"고풍스러운 분위기, 고풍스러운, 클래식한 스타일을 갖기 위해","tener un aire antiguo, pintoresco, de estilo clásico","memiliki suasana antik, kuno, bergaya klasik",4
9-1,42.     ,綠豆糕,lǜdòu gāo,,mung-bean cake,bánh đậu xanh,เค้กถั่วเขียว,မတ်ပဲကိတ်,緑豆ケーキ,녹두 케이크,pastel de frijol mungo,kue kacang hijau,4
9-1,43.     ,牛舌餅,niúshé bǐng,,ox-tongue biscuit,bánh lưỡi bò,บิสกิตลิ้นวัว,နွားလျှာဘီစကွတ်,牛タンビスケット,우설 비스킷,galleta de lengua de buey,biskuit lidah sapi,4
9-1,44.     ,垂涎三尺,chuíxián sānchǐ,,"to salivate over, make one's mouth water",thèm chảy nước miếng,น้ำลายไหลก็ทำให้น้ำลายไหล,သွားရည်ကျဖို့၊ ပါးစပ်ကို ရေလောင်းပါ။,唾液を垂らす、口に水を垂らす,"침을 흘리다, 군침이 돌게 하다","salivar, hacer la boca agua","mengeluarkan air liur, membuat mulut berair",4
9-2,1.        ,數目,shùmù,N,"amount, quantity","số lượng, khối lượng",จำนวนปริมาณ,ပမာဏ၊ ပမာဏ,量、量,"금액, 수량","cantidad, cantidad","jumlah, kuantitas",4
9-2,2.        ,大約,dàyuē,Adv,"about, approximately","khoảng, ước chừng","ประมาณ, ประมาณ",ခန့်မှန်းခြေအားဖြင့်၊,およそ、およそ,"대략, 대략","aproximadamente, aproximadamente","tentang, kira-kira",4
9-2,3.        ,佔,zhàn,Vst,constitute (same as“占”),"chiếm (giống ""占"")",ประกอบ (เช่นเดียวกับ“占”),ဖွဲ့စည်း (“占” နှင့်တူ),構成する（「占」と同じ）,구성하다 (“×”와 동일),constituir (igual que “占”),merupakan (sama dengan “占”),4
9-2,4.        ,自從,zìcóng,Prep,ever since,kể từ đó,นับตั้งแต่นั้นเป็นต้นมา,အဲဒီကတည်းက,それ以来ずっと,...이래 줄곧,desde entonces,sejak,4
9-2,5.        ,將近,jiāngjìn,Adv,"nearly, almost","gần như, hầu như","เกือบ, เกือบ",နီးပါး၊ နီးပါး,ほぼ、ほぼ,"거의, 거의","casi, casi","hampir, hampir",4
9-2,6.        ,往來,wǎnglái,N,"dealings, contact","giao dịch, tiếp xúc",การติดต่อการติดต่อ,ဆက်ဆံမှု၊ ဆက်သွယ်မှု,お取引、ご連絡,"거래, 연락","tratos, contacto","transaksi, hubungi",4
9-2,7.        ,思念,sīniàn,Vst,"to miss, think about, long for","nhớ nhung, mong mỏi",คิดถึง คิดถึง โหยหา,လွမ်းဖို့၊ တွေးဖို့၊ တောင့်တတယ်။,恋しい、考える、待ち焦がれる,"그리워하다, 생각하다, 그리워하다","extrañar, pensar, anhelar","dilewatkan, dipikirkan, dirindukan",4
9-2,8.        ,通信,tōngxìn,V-sep,"to communicate, correspond by mail",liên lạc qua thư từ,เพื่อสื่อสารโต้ตอบทางไปรษณีย์,ဆက်သွယ်ရန်၊ မေးလ်ဖြင့်ဆက်သွယ်ပါ။,通信する、メールで対応する,"의사소통하다, 우편으로 연락하다","comunicarse, corresponder por correo","berkomunikasi, berkorespondensi melalui surat",4
9-2,9.        ,毫無,háowú,Vst,none whatsoever ,không một chút nào,ไม่มีเลย,တစ်ခုမှမရှိ။,何もない,아무것도,ninguno en absoluto,tidak ada sama sekali,4
9-2,10.     ,音訊,yīnxùn,N,"news, information, message","tin tức, thông tin",ข่าว ข้อมูล ข้อความ,သတင်း၊ အချက်အလက်၊ သတင်းစကား,ニュース、情報、メッセージ,"뉴스, 정보, 메시지","noticias, información, mensaje","berita, informasi, pesan",4
9-2,11.     ,遠離,yuǎnlí,Vst,to have left far away from ,đã rời xa,ที่จะจากไปแสนไกล,အဝေးကို ထွက်သွားဖို့,～から遠く離れてしまった,멀리 떠나버렸어,haberse ido muy lejos de,pergi jauh dari,4
9-2,12.     ,妻子,qīzi,N,wife (literary),vợ (văn chương),ภรรยา (วรรณกรรม),ဇနီး (စာပေ),妻（文学者）,아내 (문학),esposa (literaria),istri (sastra),4
9-2,13.     ,永遠,yǒngyuǎn,N,"always, forever","luôn luôn, mãi mãi",เสมอตลอดไป,အမြဲတမ်း၊ ထာဝရ,いつも、永遠に,"언제나, 영원히","siempre, para siempre","selalu, selamanya",4
9-2,14.     ,開放,kāifàng,Vp,to open to the public,mở cửa cho công chúng,เพื่อเปิดให้ประชาชนทั่วไป,အများသူငှာဖွင့်ရန်,一般に公開する,대중에게 공개하다,abrir al publico,dibuka untuk umum,4
9-2,15.     ,探親,tànqīn,Vi,to visit relatives,thăm bà con,เพื่อไปเยี่ยมญาติ,ဆွေမျိုးတွေဆီ သွားလည်တယ်။,親戚を訪問する,친척을 방문하기 위해,visitar a familiares,mengunjungi kerabat,4
9-2,16.     ,親人,qīnrén,N,"relatives, loved ones","người thân, người yêu thương",ญาติคนที่รัก,ဆွေမျိုး၊ ချစ်ခင်သူများ,親戚、愛する人,"친척, 사랑하는 사람","parientes, seres queridos","kerabat, orang yang dicintai",4
9-2,17.     ,打聽,dǎtīng,V,"to ask about, inquire","hỏi thăm, thăm hỏi",เพื่อสอบถามเกี่ยวกับสอบถาม,မေးမြန်းရန်၊ မေးမြန်းရန်,について尋ねる、問い合わせる,"~에 대해 묻다, 문의하다","preguntar sobre, indagar","bertanya tentang, bertanya",4
9-2,18.     ,不禁,bùjīn,Adv,can't help but,không thể không,ช่วยไม่ได้แต่,မကူညီနိုင်ပါ။,仕方ない,어쩔 수 없지,no puedo evitarlo,mau tak mau,4
9-2,19.     ,淚,lèi,N,tears,nước mắt,น้ำตา,မျက်ရည်,涙,눈물,lágrimas,air mata,4
9-2,20.     ,尚未,shàngwèi,Adv,not yet,vẫn chưa,ยัง,မရသေး,まだ,아직 아님,aún no,Belum,4
9-2,21.     ,出世,chūshì,Vp,to be born,được sinh ra,ที่จะเกิด,မွေးဖွားရန်,生まれる,태어나다,nacer,dilahirkan,4
9-2,22.     ,童年,tóngnián,N,childhood,thời thơ ấu,วัยเด็ก,ကလေးဘဝ,子供時代,어린 시절,infancia,masa kecil,4
9-2,23.     ,傷心,shāngxīn,Vs,sad,buồn bã,เศร้า,ဝမ်းနည်း,悲しい,슬픈,triste,sedih,4
9-2,24.     ,筆,bǐ,M,sum (of money),một khoản tiền,ผลรวม (ของเงิน),စုစုပေါင်း (ငွေ),（お金の）合計,(돈의) 액수,suma (de dinero),jumlah (uang),4
9-2,25.     ,仍然,réngrán,Adv,still,vẫn còn,นิ่ง,ဆဲ,まだ,아직,aún,tetap,4
9-2,26.     ,原諒,yuánliàng,Vst,to forgive,tha thứ,ที่จะให้อภัย,ခွင့်လွှတ်ရန်,許す,용서하다,perdonar,memaafkan,4
9-2,27.     ,盡,jìn,V,"to exhaust, do one’s utmost","cố gắng hết sức, làm hết sức mình",เหนื่อยก็ทำเต็มที่,ပင်ပန်းအောင် အစွမ်းကုန်လုပ်ပါ။,力を尽くす、全力を尽くす,"지치게 하다, 최선을 다하다","agotarse, hacer lo máximo que uno pueda","menguras tenaga, lakukan yang terbaik",4
9-2,28.     ,究竟,jiùjìng,Adv,"after all, in the end, actually","rốt cuộc, sau cùng, thực ra",ท้ายที่สุดแล้ว จริงๆ แล้ว,နောက်ဆုံးတော့၊ တကယ်တော့,結局のところ、結局のところ、実際には,"결국, 결국, 실제로","después de todo, al final, en realidad","pada akhirnya, sebenarnya",4
9-2,29.     ,內心,nèixīn,N,"in one’s heart, heart of hearts, innermost being","trong lòng, tận đáy lòng","อยู่ในใจ, ใจของหัวใจ, อยู่ในส่วนลึกที่สุด",နှလုံးသား၊ နှလုံးသား၊ အတွင်းဆုံးဖြစ်ခြင်း။,心の中に、心の奥底にある存在,"마음속, 마음속의 마음, 가장 깊은 존재","en el corazón, en el corazón de los corazones, en lo más íntimo del ser","di dalam hati seseorang, di lubuk hati, di dalam wujud terdalam",4
9-2,30.     ,創傷,chuāngshāng,N,"trauma, scars","tổn thương, vết sẹo tinh thần",การบาดเจ็บรอยแผลเป็น,ဒဏ်ရာ၊ အမာရွတ်,トラウマ、傷跡,"트라우마, 흉터","trauma, cicatrices","trauma, bekas luka",4
9-2,31.     ,珍惜,zhēnxí,Vst,"to cherish, treasure","trân trọng, nâng niu",ที่จะหวงแหนสมบัติ,မြတ်နိုးရန်၊ ရတနာ,大切にする、大切にする,"소중히 여기다, 소중히 여기다","apreciar, atesorar","menghargai, harta",4
9-2,32.     ,精華,jīnghuá,Vs-attr,prime,thời kỳ đỉnh cao,สำคัญ,ချုပ်,プライム,초기,principal,utama,4
9-2,33.     ,逃難,táonàn,Vi,"to flee from war, natural disaster etc.","chạy trốn khỏi chiến tranh, thiên tai, v.v.",เพื่อหนีจากสงคราม ภัยธรรมชาติ ฯลฯ,စစ်ဘေး၊ သဘာဝဘေး စသည်တို့မှ ထွက်ပြေးရန်။,戦争や自然災害などから逃げるため。,"전쟁, 천재지변 등을 피해 도망치다.","huir de guerras, desastres naturales, etc.","melarikan diri dari perang, bencana alam dll.",4
9-2,34.     ,實在,shízài,Adv,"truly, really","thực sự, chân thật",จริงๆ จริงๆ,တကယ်၊ တကယ်,本当に、本当に,"정말로, 정말로","de verdad, de verdad","sungguh, sungguh",4
9-2,35.     ,歲月,suìyuè,N,"years, time","năm tháng, thời gian",ปีเวลา,နှစ်၊ အချိန်,年、時間,"년, 시간","años, tiempo","tahun, waktu",4
9-2,36.     ,遭遇,zāoyù,N/V,"(unhappy) experiences, happenings; to encounter, to have met with","(trải nghiệm) không vui, sự kiện; gặp phải, trải qua","(ทุกข์) ประสบการณ์ เหตุการณ์; ที่จะเผชิญหน้า, ได้พบกับ",(မပျော်မရွှင်) အတွေ့အကြုံများ၊ ဆုံဆည်းဖို့၊ ဆုံဆည်းဖို့,（不幸な）経験、出来事。遭遇する、出会った,"(불행한) 경험, 사건; 만나다, 만나다","experiencias (infelices), sucesos; encontrarse, haberse encontrado con","pengalaman (tidak bahagia), kejadian; bertemu, bertemu dengan",4
9-2,37.     ,老兵,lǎobīng,N,"old soldier, veteran","cựu binh, lão binh","ทหารเก่า, ทหารผ่านศึก",စစ်သားဟောင်း၊ စစ်ပြန်,老兵、退役軍人,"노병, 베테랑","viejo soldado, veterano","prajurit tua, veteran",4
9-2,38.     ,老張,Lǎo Zhāng,,"Lao Zhang, nickname for someone whose surname is Zhang","Lão Trương, biệt danh của người họ Trương",ลาวจาง ชื่อเล่นของผู้ที่มีนามสกุลจาง,Lao Zhang၊ မျိုးရိုးအမည် Zhang ရှိသူ၏ အမည်ပြောင်,Lao Zhang、姓が張である人のニックネーム,"장라오(Lao Zhang), 성이 장(Zhang)인 사람의 별명","Lao Zhang, apodo para alguien cuyo apellido es Zhang","Lao Zhang, nama panggilan untuk seseorang yang bermarga Zhang",4
9-2,39.     ,文化大革命,Wénhuà Dà Gémìng,,Cultural Revolution (1966～1976),Cách mạng Văn hóa (1966-1976),การปฏิวัติวัฒนธรรม (พ.ศ. 2509-2519),ယဉ်ကျေးမှုတော်လှန်ရေး (၁၉၆၆-၁၉၇၆)၊,文化大革命 (1966～1976),문화대혁명(1966~1976),Revolución Cultural (1966～1976),Revolusi Kebudayaan (1966～1976),4
9-2,40.     ,落地生根,luòdì shēnggēn,,to set one's roots down,"bén rễ, định cư",เพื่อหยั่งรากลึกลง,အမြစ်ကိုချရန်,根を下ろす,뿌리를 내리다,echar raíces,menurunkan akar seseorang,4
9-2,41.     ,身強體壯,shēnqiáng tǐzhuàng,,strong and healthy,"mạnh khỏe, cường tráng",แข็งแรงและมีสุขภาพดี,ကျန်းမာသန်စွမ်း,強くて健康な,강하고 건강하다,fuerte y saludable,kuat dan sehat,4
9-2,42.     ,離鄉背井,líxiāng bèijǐng,,to leave one's hometown to become a stranger else where,rời quê hương đến nơi đất khách,ที่จะละทิ้งบ้านเกิดไปเป็นคนแปลกหน้าที่อื่น,ဇာတိမြို့ကို စွန့်၍ အခြားသူစိမ်းဖြစ်ရန်၊,故郷を離れてよそ者になること,고향을 떠나 다른 곳에서 낯선 사람이 되다,dejar la propia ciudad natal para convertirse en un extraño en otro lugar,meninggalkan kampung halamannya untuk menjadi orang asing di tempat lain,4
9-2,43.     ,飄洋過海,piāoyáng guòhǎi,,to sail cross the sea,vượt biển,เพื่อแล่นข้ามทะเล,ပင်လယ်ကိုဖြတ်ကူးဖို့,海を渡って航海する,바다를 건너 항해하다,navegar cruzar el mar,berlayar melintasi lautan,4
9-2,44.     ,朝思暮想,zhāosī mùxiǎng,,to be a miss day and night,nhớ nhung ngày đêm,ที่จะพลาดทั้งกลางวันและกลางคืน,နေ့ရောညပါ လွမ်းဆွတ်စရာ,昼も夜も寂しくなる,밤낮으로 그리워지다,ser una señorita día y noche,menjadi rindu siang dan malam,4
9-2,45.     ,一輩子,yíbèizi,,one lifetime,một đời người,หนึ่งชีวิต,တစ်သက်လုံး,一つの生涯,한 평생,una vida,satu seumur hidup,4
9-2,46.     ,恐懼不安,kǒngjù bù’ān,,"scared and anxious, suffering from constant fear","sợ hãi và lo lắng, sống trong sợ hãi triền miên",หวาดกลัวและวิตกกังวล ทุกข์ทรมานจากความกลัวอย่างต่อเนื่อง,ကြောက်ရွံ့ထိတ်လန့်ခြင်း ၊ စဉ်ဆက်မပြတ် ကြောက်ရွံ့ခြင်း ကို ခံစားနေရသည်။,怖くて不安、絶え間ない恐怖に苦しんでいる,두렵고 불안하며 끊임없는 두려움에 시달리고 있습니다.,"asustado y ansioso, sufriendo de miedo constante","takut dan cemas, menderita ketakutan terus-menerus",4
9-2,47.     ,刻骨銘心,kègǔ míngxīn,,"unforgettable, to be imprinted hard in one’s mind ","không thể quên, khắc sâu trong tâm trí",ไม่ลืมเลือนที่จะตราตรึงอยู่ในใจ,မမေ့နိုင်သော၊,忘れられない、心に強く刻み込まれる,"잊혀지지 않는, 마음속에 각인되는 것","inolvidable, para quedar grabado con fuerza en la mente","tak terlupakan, terpatri keras dalam benak seseorang",4
10-1,1.        ,何建明,Hé Jiànmíng,,a man college graduate,một cử nhân nam,ผู้ชายที่สำเร็จการศึกษาระดับวิทยาลัย,ကောလိပ်ဘွဲ့ရ အမျိုးသားတစ်ဦး,大卒の男性,한 남자가 대학을 졸업했다,un hombre graduado universitario,seorang pria lulusan perguruan tinggi,4
10-1,2.        ,應徵,yìngzhēng,V,to apply for a job,xin việc,เพื่อสมัครงาน,အလုပ်လျှောက်ထားရန်,仕事に応募する,일자리에 지원하기 위해,solicitar un trabajo,melamar pekerjaan,4
10-1,3.        ,配,pèi,V,"to go with, match","phù hợp, phối hợp",ไปด้วยจับคู่,လိုက်ဖက်တယ်။,一緒に行く、マッチする,"어울리다, 어울리다","ir con, combinar","pergi bersama, cocok",4
10-1,4.        ,領帶,lǐngdài,N,tie,cà vạt,ผูก,ချည်,ネクタイ,묶다,atar,mengikat,4
10-1,5.        ,花,huā,Vs,"fancy, flowery, garish","sặc sỡ, loè loẹt","แฟนซี, ดอกไม้, ฉูดฉาด",ဖန်စီ၊ ပန်းပွင့်၊ လန်းသည်။,派手な、花のような、派手な,"화려한, 화려한, 화려한","elegante, florido, estridente","mewah, berbunga-bunga, norak",4
10-1,6.        ,素色,sùsè,N,plain (in color),"màu trơn, đơn giản",ธรรมดา (มีสี),ရိုးရိုး (အရောင်),無地（カラー）,일반 (컬러),liso (en color),polos (berwarna),4
10-1,7.        ,剩下,shèngxià,Vpt,"to remain, left (over)","còn lại, thừa","ยังคงอยู่, ซ้าย (มากกว่า)",ကျန်(ကျန်)၊,残る、残る（余る）,"남아있다, 왼쪽 (끝까지)","permanecer, izquierda (sobre)","tetap, tersisa (atas)",4
10-1,8.        ,龍頭,lóngtóu,N,"head, leader","trưởng nhóm, lãnh đạo","หัวหน้า, ผู้นำ",ခေါင်း ဆောင်,頭、リーダー,"머리, 리더","cabeza, líder","kepala, pemimpin",4
10-1,9.        ,起薪,qǐxīn,N,starting salary,mức lương khởi điểm,เงินเดือนเริ่มต้น,လစာစတင်,初任給,초임급,salario inicial,gaji awal,4
10-1,10.     ,福利,fúlì,N,(work) benefits,phúc lợi (công việc),(งาน) ผลประโยชน์,(အလုပ်) အကျိုး,（仕事の）メリット,(일) 혜택,beneficios (laborales),(pekerjaan) manfaat,4
10-1,11.     ,具備,jùbèi,Vst,to have in one’s qualification,có trong hồ sơ năng lực,ให้มีคุณสมบัติตามสมควร,အရည်အချင်းရှိဖို့,資格として持っていること,자격을 갖추다,tener en la calificación de uno,dimiliki dalam kualifikasi seseorang,4
10-1,12.     ,限制,xiànzhì,N,restrictions,"hạn chế, quy định",ข้อ จำกัด,ကန့်သတ်ချက်များ,制限,제한,restricciones,pembatasan,4
10-1,13.     ,以上,yǐshàng,N,"above, over, more than","trên, hơn","เหนือ, เหนือ, มากกว่า",အထက်၊ ကျော်၊ ထက်,以上、以上、以上,"이상, 이상, 그 이상","arriba, encima, más que","di atas, di atas, lebih dari",4
10-1,14.     ,以下,yǐxià,N,"below, under, fewer than","dưới, ít hơn","ด้านล่าง, ด้านล่าง, น้อยกว่า",အောက်၊ အောက်၊ အောက်,以下、以下、より少ない,"이하, 이하, 이하","debajo, debajo, menos que","di bawah, di bawah, kurang dari",4
10-1,15.     ,相關,xiāngguān,Vs,"related, relevant",liên quan,"เกี่ยวข้อง, เกี่ยวข้อง",သက်ဆိုင်ရာ၊ သက်ဆိုင်ရာ,関連する、関連する,"관련된, 관련된","relacionado, relevante","terkait, relevan",4
10-1,16.     ,各位,gèwèi,N,"you (plural, formal)","các bạn (số nhiều, trang trọng)","คุณ (พหูพจน์, เป็นทางการ)",သင် (အများကိန်း၊ တရားဝင်),あなた（複数、正式）,"당신 (복수형, 형식적)","tú (plural, formal)","kamu (jamak, formal)",4
10-1,17.     ,應屆,yìngjiè,Vs-attr,"this year’s, upcoming","của năm nay, sắp tới",ปีนี้ที่กำลังจะมาถึง,ယခုနှစ်၊ လာမည့်,今年の、これからの,"올해, 다가오는","el de este año, el próximo","tahun ini, yang akan datang",4
10-1,18.     ,畢業生,bìyè shēng,N,graduate,sinh viên tốt nghiệp,เรียนจบ,ဘွဲ့ရသည်,卒業,졸업하다,graduado,lulus,4
10-1,19.     ,大一,dàyi ,N,"freshman, first-year university student (大二 sophomore, 大三 junior, 大四 senior)","sinh viên năm nhất đại học (năm 2: đại học năm hai, năm 3: đại học năm ba, năm 4: đại học năm tư)","น้องใหม่, นักศึกษามหาวิทยาลัยปีแรก (大二 นักเรียนปีที่สอง, รุ่นน้อง 大三, รุ่นพี่ 大四)",လူပျို၊ ပထမနှစ် တက္ကသိုလ်ကျောင်းသား (大二 ဒုတိယနှစ်၊ 大三 အငယ်တန်း၊ 大四 အထက်တန်း),大学1年生、大学1年生（大二・二年生、大三・三年生、四年生）,"신입생, 대학교 1학년생(大이 2학년, 大3 3학년, 大4 4학년)","estudiante de primer año, estudiante universitario de primer año (大二 estudiante de segundo año, 大三 junior, 大四 senior)","mahasiswa baru, mahasiswa tahun pertama (大二 mahasiswa tahun kedua, 大三 junior, 大四 senior)",4
10-1,20.     ,企劃部,qìhuàbù,N,"planning department (部 -bù, department)",ban kế hoạch,"แผนกวางแผน (部 -bù, แผนก)",စီမံကိန်းဌာန (部 -bù၊ ဌာန)၊,企画部（部）,"기획부 (부 -bù, 부서)","departamento de planificación (部 -bù, departamento)","departemen perencanaan (部 -bù, departemen)",4
10-1,21.     ,營運,yíngyùn,N,operations,"vận hành, hoạt động kinh doanh",การดำเนินงาน,စစ်ဆင်ရေး,オペレーション,운영,operaciones,operasi,4
10-1,22.     ,知識,zhīshì,N,knowledge,kiến thức,ความรู้,ဗဟုသုတ,知識,지식,conocimiento,pengetahuan,4
10-1,23.     ,社長,shèzhǎng,N,club president,chủ nhiệm câu lạc bộ,ประธานสโมสร,အသင်းဥက္ကဌ,クラブ会長,클럽 회장,presidente del club,presiden klub,4
10-1,24.     ,聯合,liánhé,Adv,jointly,"cùng nhau, chung sức",ร่วมกัน,ပူးပေါင်း,共同で,공동으로,conjuntamente,bersama,4
10-1,25.     ,音樂會,yīnyuè huì,N,concert,buổi hòa nhạc,คอนเสิร์ต,ဖျော်ဖြေပွဲ,コンサート,콘서트,concierto,konser,4
10-1,26.     ,節目,jiémù,N,"program, show, event","chương trình, sự kiện",รายการ การแสดง กิจกรรม,အစီအစဉ်၊ ပွဲ၊ ပွဲ,プログラム、ショー、イベント,"프로그램, 쇼, 이벤트","programa, espectáculo, evento","program, pertunjukan, acara",4
10-1,27.     ,好評,hǎopíng,N,"positive comments, praise","nhận xét tích cực, lời khen",ความคิดเห็นเชิงบวกสรรเสริญ,"အပြုသဘောဆောင်သောမှတ်ချက်များ, ချီးမွမ်း",肯定的なコメント、賞賛,"긍정적인 말, 칭찬","comentarios positivos, elogios","komentar positif, pujian",4
10-1,28.     ,企劃,qìhuà,V/N,to plan (used in business); a plan ,lên kế hoạch (dùng trong kinh doanh); một kế hoạch,วางแผน (ใช้ในธุรกิจ); แผน,အစီအစဉ်ဆွဲရန် (စီးပွားရေးတွင်သုံးသည်); အစီအစဉ်တစ်ခု,計画する（ビジネスで使用される）。計画,계획하다 (사업에 사용됨); 계획,planificar (usado en negocios); un plan,merencanakan (digunakan dalam bisnis); sebuah rencana,4
10-1,29.     ,領導,lǐngdǎo,V,to lead,"dẫn dắt, lãnh đạo",ที่จะเป็นผู้นำ,ဦးဆောင်ရန်,導く,이끌다,liderar,memimpin,4
10-1,30.     ,合作,hézuò,Vi,"to cooperate with, work with","hợp tác với, làm việc cùng","ร่วมมือกัน, ทำงานร่วมกับ",ပူးပေါင်းဆောင်ရွက်ရန်၊ လက်တွဲဆောင်ရွက်ပါ။,協力する、協力する,"협력하다, 협력하다","cooperar con, trabajar con","bekerja sama, bekerja dengan",4
10-1,31.     ,似乎,sìhū,Adv,seem,dường như,ดูเหมือน,ဘုန်းဘုန်း,思われる,~인 것 같다,parecer,tampaknya,4
10-1,32.     ,關於,guānyú,Prep,"related to, regarding",liên quan đến,"เกี่ยวข้องกับ, เกี่ยวกับ",နှင့် ပတ်သက်,に関連する、に関して,"관련된, ~에 관한","relacionado con, respecto a","terkait dengan, mengenai",4
10-1,33.     ,磨練,móliàn,N/V,"training, hone a skill; to train, hone, or to practice over time","rèn luyện, trau dồi kỹ năng; luyện tập qua thời gian",การฝึกอบรม เหลาทักษะ ฝึกฝน ฝึกฝน หรือฝึกฝนเมื่อเวลาผ่านไป,လေ့ကျင့်ရေး ၊ ကျွမ်းကျင်မှု ၊ လေ့ကျင့်ရန်၊ ဟန်ဆောင်ရန် သို့မဟုတ် အချိန်နှင့်အမျှ လေ့ကျင့်ရန်,トレーニング、スキルを磨く。訓練する、磨く、または時間をかけて練習する,"훈련하고, 기술을 연마하세요. 시간이 지남에 따라 훈련하고, 연마하고, 연습하기 위해","entrenar, perfeccionar una habilidad; entrenar, perfeccionar o practicar con el tiempo","pelatihan, mengasah keterampilan; melatih, mengasah, atau berlatih seiring waktu",4
10-1,34.     ,優點,yōudiǎn,N,"strong point, forte","điểm mạnh, sở trường","จุดแข็ง, ความแข็งแกร่ง",ခိုင်မာသောအချက်၊,長所、長所,"장점, 강점","punto fuerte, fuerte","titik kuat, keahlian",4
10-1,35.     ,上司,shàngsī,N,"supervisor, boss","người giám sát, sếp","ผู้บังคับบัญชา, เจ้านาย",ကြီးကြပ်ရေးမှူး၊ သူဌေး,上司、上司,"감독관, 상사","supervisor, jefe","penyelia, bos",4
10-1,36.     ,誇獎,kuājiǎng,V,"to praise, commend","khen ngợi, biểu dương",สรรเสริญชมเชย,ချီးမွမ်းရန်၊ ချီးမွမ်းရန်,褒める、褒める,"칭찬하다, 칭찬하다","alabar, elogiar","memuji, memuji",4
10-1,37.     ,週,zhōu,M,week,tuần,สัปดาห์,တစ်ပတ်,週 (shū),주 (ju),semana,pekan,4
10-1,38.     ,內,nèi,N,within,trong vòng,ภายใน,အတွင်း,内で,이내에,dentro,di dalam,4
10-1,39.     ,以,yǐ,Prep,to use (formal),sử dụng (trang trọng),ใช้ (เป็นทางการ),အသုံးပြုရန် (တရားဝင်),使用する（正式な）,사용하다 (형식적으로),usar (formal),digunakan (formal),4
10-1,40.     ,書面,shūmiàn,N,in writing,bằng văn bản,ในการเขียน,အရေးအသား,書面で,서면으로,escrito,secara tertulis,4
10-1,41.     ,通知,tōngzhī,V/N,to notify; a notification,thông báo; một thông báo,เพื่อแจ้งให้ทราบ; การแจ้งเตือน,အကြောင်းကြားရန်; အကြောင်းကြားစာ,通知する。通知,통지하다; 알림,notificar; una notificación,memberi tahu; pemberitahuan,4
10-1,42.     ,就…而言,jiù…éryán,,as far as…are concerned,đối với... mà nói,เท่าที่…เป็นห่วง,တတ်နိုင်သလောက်တော့…စိုးရိမ်တယ်။,…に関する限り,...에 관한 한,en lo que a... se refiere,sejauh… yang bersangkutan,4
10-1,43.     ,新鮮人,xīnxiānrén,,"freshman, (here) a person, usually a college graduate, new or “fresh” to the workforce","tân binh, (ở đây) người mới vào nghề, thường là sinh viên mới ra trường","น้องใหม่ (ที่นี่) บุคคลซึ่งโดยปกติจะเป็นบัณฑิตวิทยาลัย ใหม่หรือ ""สด"" ให้กับทีมงาน",လူပျို၊ (ဤတွင်) လူတစ်ဦး၊ များသောအားဖြင့် ကောလိပ်ဘွဲ့ရ၊ အသစ် သို့မဟုတ် “လတ်ဆတ်သော” လုပ်သားအင်အား,新入生、（ここでは）人、通常は大学卒業生、新しく働く人、または「新入社員」,"신입생, (여기서) 사람, 일반적으로 대학 졸업자, 새로 입사했거나 ""신선한"" 사람","estudiante de primer año, (aquí) una persona, generalmente un graduado universitario, nuevo o “fresco” en la fuerza laboral","mahasiswa baru, (di sini) seseorang, biasanya lulusan perguruan tinggi, baru atau “baru” memasuki dunia kerja",4
10-1,44.     ,面試官,miànshì guān,,interviewing officer,người phỏng vấn,เจ้าหน้าที่สัมภาษณ์,အင်တာဗျူးအရာရှိ,面接官,면접관,oficial de entrevistas,petugas pewawancara,4
10-1,45.     ,自我介紹,zìwǒ jièshào,,self-introduction,tự giới thiệu,การแนะนำตัวเอง,မိမိကိုယ်ကို မိတ်ဆက်ခြင်း။,自己紹介,자기소개,autopresentación,perkenalan diri,4
10-1,46.     ,所學有限,suǒxué yǒuxiàn,,what has been learned is only rather limited,những gì đã học chỉ là hữu hạn,สิ่งที่ได้เรียนรู้มานั้นค่อนข้างจำกัด,သင်ယူခဲ့တာတွေက အကန့်အသတ်တွေပဲရှိတယ်။,学んだことはかなり限られているだけです,배운 내용은 다소 제한적일 뿐입니다.,lo que se ha aprendido es bastante limitado,apa yang telah dipelajari hanya terbatas,4
10-2,1.        ,出國,chūguó,V-sep,to go abroad,đi nước ngoài,เพื่อไปต่างประเทศ,နိုင်ငံခြားသွားဖို့,海外に行く,해외로 가다,ir al extranjero,pergi ke luar negeri,4
10-2,2.        ,資金,zījīn,N,"capital, funds","vốn, tiền vốn","เงินทุน, กองทุน",အရင်းအနှီး၊ ရန်ပုံငွေ,資本、資金,"자본, 자금","capital, fondos","modal, dana",4
10-2,3.        ,廠商,chǎngshāng,N,manufacturer,nhà sản xuất,ผู้ผลิต,ထုတ်လုပ်သူ,メーカー,제조업체,fabricante,pabrikan,4
10-2,4.        ,例外,lìwài,N,exception,ngoại lệ,ข้อยกเว้น,ခြွင်းချက်,例外,예외,excepción,pengecualian,4
10-2,5.        ,關,guān,N,hurdle,"rào cản, chướng ngại",อุปสรรค์,အခက်အခဲ,ハードル,장애물,obstáculo,rintangan,4
10-2,6.        ,接觸,jiēchù,V,"to come in contact with, to contact","tiếp xúc với, liên hệ với","ที่จะติดต่อกับ, เพื่อติดต่อ",ဆက်သွယ်ရန်၊ ဆက်သွယ်ရန်,接触する、接触する,"접촉하다, 접촉하다","entrar en contacto con, contactar","datang dalam kontak dengan, menghubungi",4
10-2,7.        ,青年,qīngnián,N,"young people, youth","giới trẻ, thanh niên",คนหนุ่มสาวเยาวชน,လူငယ်၊ လူငယ်,若者、若者,"젊은이들, 청년들","jóvenes, juventud","pemuda, pemuda",4
10-2,8.        ,貸款,dàikuǎn,N,loan,khoản vay,เงินกู้,ချေးငွေ,ローン,대출,préstamo,meminjamkan,4
10-2,9.        ,開店,kāidiàn,V-sep,to open a store,mở cửa hàng,เพื่อเปิดร้าน,စတိုးဆိုင်ဖွင့်ရန်,店を開くには,가게를 열다,abrir una tienda,membuka toko,4
10-2,10.     ,料,liào,N,"material, (here) a person not suited for…","chất liệu, (ở đây) người không phù hợp với...",วัตถุ (ในที่นี้) บุคคลที่ไม่เหมาะกับ...,ပစ္စည်း၊ (ဒီမှာ) လူတစ်ယောက်အတွက် မသင့်တော်ဘူး၊,素材、（ここでは）向いてない人…,"물질, (여기) 어울리지 않는 사람…","material, (aquí) una persona no apta para…","materi, (di sini) orang yang tidak cocok untuk…",4
10-2,11.     ,損失,sǔnshī,Vpt,to lose,"thua, mất",ตก (tok) / หาย (hai) / ทำหาย (tham hai),ပြုတ်သည် (pyote thi) / ကျသည် (kya thi) / ပျောက်သည် (pyout thi),落とす (otosu) / なくす (nakusu),잃어버리다 (ireobeorida) / 떨어뜨리다 (tteoreotteurida),perder,kalah,4
10-2,12.     ,勇氣,yǒngqì,N,courage,can đảm,ความกล้าหาญ,သတ္တိ,勇気,용기,coraje,keberanian,4
10-2,13.     ,員工,yuángōng,N,employee,nhân viên,พนักงาน,ဝန်ထမ်း,従業員,직원,empleado,karyawan,4
10-2,14.     ,求職,qiúzhí,Vi,to seek employment,tìm việc làm,เพื่อหางานทำ,အလုပ်အကိုင်ရှာဖွေရန်,雇用を求める,일자리를 구하다,buscar empleo,mencari pekerjaan,4
10-2,15.     ,目標,mùbiāo,N,"target, (here) the most ideal job","mục tiêu, (ở đây) công việc lý tưởng nhất",เป้าหมาย (ที่นี่) งานที่เหมาะที่สุด,ပစ်မှတ်၊ (ဒီမှာ) အကောင်းဆုံးအလုပ်,ターゲット、（ここで）最も理想的な仕事,"목표, (여기) 가장 이상적인 직업","objetivo, (aquí) el trabajo más ideal","target, (di sini) pekerjaan paling ideal",4
10-2,16.     ,初步,chūbù,Vs-attr,"preliminary, initial","sơ bộ, ban đầu","เบื้องต้น, เริ่มต้น",ပဏာမ၊ ကနဦး,予備的な、初期の,"예비, 초기","preliminar, inicial","pendahuluan, awal",4
10-2,17.     ,技巧,jìqiǎo,N,tips,"mẹo, lời khuyên",เคล็ดลับ,အကြံပေးချက်များ,ヒント,팁,consejos,tip,4
10-2,18.     ,概念,gàiniàn,N,"concept, idea","khái niệm, ý tưởng",แนวคิดความคิด,အယူအဆ၊ အယူအဆ,コンセプト、アイデア,"컨셉, 아이디어","concepto, idea","konsep, ide",4
10-2,19.     ,挑,tiāo,V,"to select, pick","lựa chọn, chọn lựa",เพื่อเลือกเลือก,ရွေးရန်၊ ရွေးပါ။,選択する、選ぶ,"선택하다, 골라내다","seleccionar, escoger","memilih, pilih",4
10-2,20.     ,基本,jīběn,Vs,basic,cơ bản,ขั้นพื้นฐาน,အခြေခံ,基本的な,기초적인,básico,dasar,4
10-2,21.     ,襯衫,chènshān,N,button-up shirt,áo sơ mi có cúc,เสื้อติดกระดุม,ကြယ်သီးအင်္ကျီ,ボタンアップシャツ,버튼업 셔츠,camisa con botones,kemeja berkancing,4
10-2,22.     ,過程,guòchéng,N,process,quy trình,กระบวนการ,လုပ်ငန်းစဉ်,プロセス,프로세스,proceso,proses,4
10-2,23.     ,同班,tóngbān,,same class,cùng lớp,ชั้นเรียนเดียวกัน,အတန်းတူ,同じクラス,같은 반,misma clase,kelas yang sama,4
10-2,24.     ,是…的料,shì…de liào,,to be gifted in…,có năng khiếu về...,ที่จะได้รับเป็นของขวัญใน...,လက်ဆောင်ပေးဖို့…,プレゼントされるのは…,재능을 가지다…,ser dotado en…,dikaruniai…,4
10-2,25.     ,接下來,jiēxiàlái,,"and then, next","và sau đó, tiếp theo",แล้วต่อไป,ပြီးမှ၊ နောက်,そして、次は,그리고 다음에는,"y luego, el siguiente","dan kemudian, berikutnya",4
10-2,26.  ,提不起（勇氣）,tíbùqǐ(yǒngqì) ,,unable to raise…to a high level to pump up (enough courage),không thể lấy hết can đảm,ยก...ขึ้นสูงให้สูบฉีดไม่ได้ (ความกล้าพอ),မြင့်မားသောအဆင့်သို့မတက်နိုင် (လုံလောက်သောသတ္တိ)၊,…レベルを上げることができない（十分な勇気）,올릴 수 없습니다… 펌핑할 수 있는 높은 수준으로(충분한 용기),incapaz de elevar... a un nivel alto para inflar (suficiente coraje),tidak dapat menaikkan...ke level tinggi untuk memompa (cukup keberanian),4
10-2,27.     ,養家活口,yǎngjiā huókǒu,,support one's family,nuôi gia đình,สนับสนุนครอบครัวของตน,မိသားစုကိုထောက်ပံ့ပါ။,家族を養う,가족을 부양하다,apoyar a la familia,menghidupi keluarga seseorang,4
10-2,28.     ,來自,láizì,,from來 + literary preposition 自“from” = 從…來,đến từ,มาจาก (來 + คำบุพบทภาษาเขียน 自 “จาก” = 從…來),…မှလာသည် (來 + စာပေသုံး ဝိဘတ် 自 “မှ” = 從…來),…から来る（來＋文語の前置詞 自「…から」＝從…來）,…에서 오다 (來 + 문어 전치사 自 “…에서” = 從…來),venir de (來 + la preposición literaria 自 «de» = 從…來),dari來 + preposisi sastra 自“dari” = 從…來,4
10-2,29.     ,熟讀,shóudú,,to keep reading something until one remembers everything,đọc đi đọc lại cho đến khi thuộc lòng,ให้อ่านบางสิ่งบางอย่างจนกว่าจะจำทุกอย่างได้,တစ်စုံတစ်ယောက်သည် အရာအားလုံးကို မမှတ်မိမချင်း တစ်ခုခုကို ဆက်ဖတ်ရန်,すべてを思い出すまで何かを読み続けること,모든 것을 기억할 때까지 계속 읽으다,seguir leyendo algo hasta que uno lo recuerde todo,terus membaca sesuatu sampai seseorang mengingat semuanya,4
10-2,30.     ,考古題,kǎogǔtí,,"test items from previous years(題-tí, for test items)",các đề thi những năm trước,รายการทดสอบจากปีก่อนๆ(題-tí สำหรับรายการทดสอบ),ယခင်နှစ်များမှ စမ်းသပ်ပစ္စည်းများ (題-tí၊ စမ်းသပ်ပစ္စည်းများအတွက်),前年の試験項目（試験項目の場合は題-tí）,"전년도 테스트 항목(題-tí, 테스트 항목에 대한)","elementos de prueba de años anteriores (題-tí, para elementos de prueba)","soal ujian dari tahun sebelumnya(題-tí, untuk soal ujian)",4
10-2,31.     ,沙盤推演,shāpán tuīyǎn,,"to rehearse; a dry run, a practice run","diễn tập; một buổi chạy thử, tập dượt",ซ้อม; การวิ่งแบบแห้ง การวิ่งฝึกซ้อม,အစမ်းလေ့ကျင့်ရန်၊ အခြောက်အပြေး၊ လေ့ကျင့်ပြေး,リハーサルをする。予行演習、練習走行,"리허설하다; 드라이 런, 연습 런","ensayar; un ensayo, una carrera de práctica","berlatih; lari kering, lari latihan",4
10-2,32.     ,深藍色,shēnlán sè,,dark blue,màu xanh đậm,สีน้ำเงินเข้ม,နက်ပြာရောင်,ダークブルー,진한 파란색,azul oscuro,biru tua,4
11-1,1.        ,種族,zhǒngzú,N,"ethnic group, race","dân tộc, chủng tộc",กลุ่มชาติพันธุ์เชื้อชาติ,လူမျိုးစု၊ လူမျိုး,民族、人種,"민족, 인종","grupo étnico, raza","kelompok etnis, ras",4
11-1,2.        ,熔爐,rónglú,N,"melting pot, smelting furnace, crucible","nồi nấu kim loại, nơi hòa trộn","หม้อหลอม, เตาหลอม, เบ้าหลอม",အရည်ပျော်သောအိုး၊ အရည်ကျိုမီးဖို၊ crucible,るつぼ、溶解炉、るつぼ,"용광로, 제련로, 도가니","crisol, horno de fundición, crisol","panci peleburan, tungku peleburan, wadah",4
11-1,3.        ,偏偏,piānpiān,Adv,"deliberately, insist on","cố ý, nhất quyết",จงใจยืนกรานต่อไป,တမင်တကာ တွန်းအားပေးပါ။,意図的に、主張する,일부러 고집하다,"deliberadamente, insistir en","sengaja, bersikeras",4
11-1,4.        ,肯,kěn,Vaux,be willing to,sẵn lòng,เต็มใจที่จะ,ဆန္ဒရှိပါစေ။,喜んで,기꺼이,estar dispuesto a,bersedia,4
11-1,5.        ,母語,mǔyǔ,N,mother tongue,tiếng mẹ đẻ,ภาษาแม่,မိခင်ဘာသာစကား,母国語,모국어,lengua materna,bahasa ibu,4
11-1,6.        ,口音,kǒuyīn,N,accent,"giọng, chất giọng",สำเนียง,လေယူလေသိမ်း,アクセント,악센트,acento,aksen,4
11-1,7.        ,適應,shìyìng,V,"to adapt to, get used to","thích nghi với, làm quen với",เพื่อปรับตัวให้ชินกับ,လိုက်လျောညီထွေဖြစ်အောင်၊ အသုံးချပါ။,適応する、慣れる,"적응하다, 익숙해지다","adaptarse a, acostumbrarse a","beradaptasi, membiasakan diri",4
11-1,8.        ,了不起,liǎobùqǐ,Vs,"terrific, amazing, really something","tuyệt vời, đáng kinh ngạc",ยอดเยี่ยม น่าทึ่ง มีบางอย่างจริงๆ,အံ့သြစရာကောင်းတဲ့၊ အံ့သြစရာကောင်းတဲ့၊ တကယ်ကိုတစ်ခုခု,すごい、すごい、本当に何か,"대단한, 놀라운, 정말 뭔가","fantástico, sorprendente, realmente algo","hebat, luar biasa, sungguh sesuatu",4
11-1,9.        ,交流,jiāoliú,Vi,"to exchange, associate","trao đổi, giao lưu",เพื่อแลกเปลี่ยนร่วม,ဖလှယ်ရန်၊ ပေါင်းသင်းရန်,交換する、結び付ける,"교환하다, 연합하다","intercambiar, asociar","bertukar, mengasosiasikan",4
11-1,10.     ,志工,zhìgōng,N,volunteer,tình nguyện viên,อาสาสมัคร,စေတနာ့ဝန်ထမ်း,ボランティア,자원 봉사자,voluntario,sukarelawan,4
11-1,11.     ,縣,xiàn,N,county,"hạt, quận",เขต,ခရိုင်,郡,군,condado,daerah,4
11-1,12.     ,市,shì,N,city,thành phố,เมือง (mueang) / นคร (nakorn),မြို့ (myo),都市 (toshi) / 市 (shi),도시 (dosi),ciudad,kota,4
11-1,13.     ,外籍,wàijí,Vs-attr,foreign national,người nước ngoài,ชาวต่างชาติ,နိုင်ငံခြားအမျိုးသား,外国人,외국인,ciudadano extranjero,warga negara asing,4
11-1,14.     ,配偶,pèi’ǒu,N,spouse,vợ/chồng,คู่สมรส,အိမ်ထောင်ဖက်,配偶者,배우자,cónyuge,pasangan,4
11-1,15.     ,焦慮,jiāolǜ,Vs,to be anxious,lo lắng,จะต้องกังวล,စိတ်စောဖို့၊,不安になる,불안하다,estar ansioso,menjadi cemas,4
11-1,16.     ,溝通,gōutōng,N,communication,giao tiếp,การสื่อสาร,ဆက်သွယ်ရေး,コミュニケーション,의사소통,comunicación,komunikasi,4
11-1,17.     ,障礙,zhàng’ài,N,"obstacle, handicap","trở ngại, khuyết tật","อุปสรรค, ความพิการ",အတားအဆီး၊ အသာစီး,障害物、ハンディキャップ,"장애물, 장애","obstáculo, desventaja","rintangan, cacat",4
11-1,18.     ,良好,liánghǎo,Vs,positive,tích cực,เชิงบวก,အပြုသဘော,ポジティブ,긍정적인,positivo,positif,4
11-1,19.     ,以往,yǐwǎng,Adv,"formerly, heretofore","trước đây, trước kia",เมื่อก่อนนี้,ယခင်က၊ ဤနေရာတွင်,以前、これまで,"이전에, 지금까지","anteriormente, hasta ahora","dulu, sampai sekarang",4
11-1,20.     ,面對,miànduì,V,"to face, confront","đối mặt, đương đầu",เผชิญหน้าเผชิญหน้า,ရင်ဆိုင်ရန်၊ ရင်ဆိုင်ပါ။,直面する、対峙する,"직면하다, 직면하다","enfrentar, confrontar","menghadapi, menghadapi",4
11-1,21.     ,衝擊,chōngjí,N,impact,"tác động, ảnh hưởng",ผลกระทบ,ထိခိုက်မှု,インパクト,영향,impacto,dampak,4
11-1,22.     ,大眾,dàzhòng,N,"the public, the masses","công chúng, quần chúng",ประชาชนมวลชน,လူထု၊ လူထု,大衆、大衆,"대중, 대중","el publico, las masas","masyarakat, massa",4
11-1,23.     ,難以,nányǐ,Adv,to find it difficult to ,thấy khó khăn để,ที่จะพบว่ามันยากที่จะ,အခက်တွေ့စေတယ်။,難しいと感じる,어렵다고 생각하다,tener dificultades para,merasa sulit untuk melakukannya,4
11-1,24.     ,認同,rèntóng,V,"to identify with, accept","hòa nhập, chấp nhận",เพื่อระบุด้วยยอมรับ,ခွဲခြားသတ်မှတ်ရန်၊ လက်ခံပါ။,共感する、受け入れる,"동일시하다, 받아들이다","identificarse con, aceptar","mengidentifikasi, menerima",4
11-1,25.     ,跨國,kuàguó,Vs-attr,transnational,xuyên quốc gia,ข้ามชาติ,နိုင်ငံဖြတ်ကျော်,国境を越えた,초국적,transnacional,transnasional,4
11-1,26.     ,大量,dàliàng,Adv,in large quantities,với số lượng lớn,ในปริมาณมาก,အမြောက်အမြား,大量に,대량으로,en grandes cantidades,dalam jumlah besar,4
11-1,27.     ,移入,yírù,V,"to immigrate (入, enter, into (formal))",nhập cư,"อพยพ (入, เข้าไป, เข้าสู่ (เป็นทางการ))",ရွှေ့ပြောင်းနေထိုင်ရန် (入၊ ဝင်၊ (တရားဝင်))၊,移住する (入る、入る、(正式)),"이민하다 (入, 들어가다, (형식적으로))","inmigrar (入, entrar, en (formal))","berimigrasi (入, masuk, ke (formal))",4
11-1,28.     ,憂慮,yōulǜ,Vst,to worry,lo lắng,กังวล,စိတ်မပူရန်,心配する,걱정하다,preocuparse,khawatir,4
11-1,29.     ,降低,jiàngdī,V,"to reduce, lower","giảm, hạ thấp","เพื่อลด, ลดต่ำลง",လျှော့ချရန်၊ လျှော့ချရန်,減らす、下げる,"줄이다, 낮추다","reducir, bajar","mengurangi, menurunkan",4
11-1,30.     ,素質,sùzhí,N,quality,chất lượng,คุณภาพ,အရည်အသွေး,品質,품질,calidad,kualitas,4
11-1,31.     ,歧視,qíshì,Vst,to discriminate,phân biệt đối xử,ที่จะเลือกปฏิบัติ,ခွဲခြားဆက်ဆံရန်,差別する,차별하다,discriminar,melakukan diskriminasi,4
11-1,32.     ,子女,zǐnǚ,N,children (from 兒子＋女兒),con cái (từ 兒子 + 女兒),เด็ก ๆ (จาก 兒子＋女兒),ကလေးများ (兒子＋女兒 မှ),子供たち (兒子＋女兒より),어린이(兒子＋女兒부터),niños (de 兒子＋女兒),anak-anak (dari 兒子＋女兒),4
11-1,33.     ,資產,zīchǎn,N,"asset, resource","tài sản, nguồn lực",สินทรัพย์ทรัพยากร,ပိုင်ဆိုင်မှု၊ အရင်းအမြစ်,資産、資源,"자산, 자원","activo, recurso","aset, sumber daya",4
11-1,34.     ,應,yīng,Vaux,"should, ought to (formal)","nên, phải (trang trọng)","ควร, ควรจะ (เป็นทางการ)","should, ought (တရားဝင်)",すべきです、すべきです（正式な）,"해야 한다, 해야 한다(형식적으로)","debería, debería (formal)","seharusnya, seharusnya (formal)",4
11-1,35.     ,平等,píngděng,N,equality,bình đẳng,ความเท่าเทียมกัน,တန်းတူညီမျှမှု,平等,평등,igualdad,persamaan,4
11-1,36.     ,相互,xiānghù,Adv,"mutually, each other","lẫn nhau, qua lại",ซึ่งกันและกัน,အပြန်အလှန်၊,相互に、お互いに,"서로, 서로","mutuamente, unos a otros","saling, satu sama lain",4
11-1,37.     ,外人,wàirén,N,outsider,người ngoài cuộc,คนนอก,အပြင်လူ,アウトサイダー,문외한,forastero,orang luar,4
11-1,38.     ,聯絡,liánlào,V,"to contact, to connect with","liên lạc với, kết nối với","เพื่อติดต่อ, เพื่อเชื่อมต่อกับ",ဆက်သွယ်ရန်၊ ဆက်သွယ်ရန်,連絡する、つながる,"연락하다, 연결하다","contactar, conectarse con","menghubungi, terhubung dengan",4
11-1,39.     ,小明,Xiǎomíng,,"Xiaoming, a nickname","Tiểu Minh, một biệt danh",เสี่ยวหมิง ชื่อเล่น,Xiaoming၊ နာမည်ပြောင်,小明（シャオミン）の愛称,별명 샤오밍,"Xiaoming, un apodo","Xiaoming, nama panggilan",4
11-1,40.     ,家長日,jiāzhǎngrì,,parents’ day,ngày họp phụ huynh,วันพ่อแม่,မိဘများနေ့,両親の日,어버이날,dia de los padres,hari orang tua,4
11-1,41.     ,氣人,qìrén,,"exasperating, annoying","bực bội, khó chịu","น่ารำคาญ, น่ารำคาญ",စိတ်ဆိုးခြင်း၊ စိတ်အနှောက်အယှက်ဖြစ်ခြင်း။,腹立たしい、迷惑な,"짜증나는, 짜증나는","desesperante, molesto","menjengkelkan, menjengkelkan",4
11-1,42.     ,照說,zhào shuō,,to keep on saying…,cứ nói đi nói lại...,ที่จะพูดต่อไป...,ဆက်ပြောဖို့…,言い続けること…,계속 말하려고…,seguir diciendo.,terus mengatakan…,4
11-1,43.     ,在…之餘,zài…zhīyú,,to do something at a time when not doing…,làm việc gì đó vào lúc không nên làm...,การทำบางสิ่งบางอย่างในเวลาที่ไม่ได้ทำ...,မလုပ်တဲ့ အချိန်မှာ တစ်ခုခုလုပ်ဖို့...,やっていないときに一度に何かをすること…,하지 않는 시간에 뭔가를 하다…,hacer algo en un momento en el que no se está haciendo.,melakukan sesuatu pada saat tidak melakukan…,4
11-1,44.     ,本地人,běndì rén,,local people,người địa phương,คนในท้องถิ่น,ဒေသခံလူတွေ,地元の人々,지역 사람들,gente local,masyarakat lokal,4
11-1,45.     ,自己人,zìjǐrén,,"one of us, one of our own, compatriots","người nhà, đồng bào",พวกเราคนหนึ่ง คนหนึ่งของเราเอง เพื่อนร่วมชาติ,ငါတို့ထဲက တစ်ယောက်၊ ငါတို့ထဲက တစ်ယောက်၊,私たちの一人、私たち自身の一人、同胞,"우리 중 하나, 우리 동포 중 하나","uno de nosotros, uno de los nuestros, compatriotas","salah satu dari kita, salah satu dari kita sendiri, rekan senegaranya",4
11-1,46.     ,哪裡！哪裡！,nǎlǐ nǎlǐ,,"not at all, not a problem, you’re welcome","không có gì, đừng khách sáo",ไม่เป็นไร ไม่ใช่ปัญหา ยินดีด้วย,လုံးဝမပါ၊ ပြဿနာမဟုတ်ပါဘူး၊ ကြိုဆိုပါတယ်။,全く問題ありません、どういたしまして,전혀 문제없어 천만에요,"Para nada, no hay problema, de nada","tidak sama sekali, tidak masalah, sama-sama",4
11-2,1.        ,漸漸,jiànjiàn,Adv,gradually,dần dần,ค่อยๆ,တဖြည်းဖြည်း,徐々に,서서히,gradualmente,perlahan-lahan,4
11-2,2.        ,曾,céng,Adv,"have been before,was once (formal)","đã từng, đã một lần (trang trọng)","เคยเป็นมาก่อน, ครั้งหนึ่ง (เป็นทางการ)",အရင်ကဖြစ်ခဲ့ဖူးတယ် (တရားဝင်),以前にあった、かつてあった（正式な）,"전에도 있었어, 한 번 있었어 (형식적으로)","haber estado antes, fue una vez (formal)","telah sebelumnya, pernah (formal)",4
11-2,3.        ,嘗試,chángshì,V/N,"to try (something new), attempt; an attempt","thử (cái gì mới), nỗ lực; một nỗ lực",พยายาม (สิ่งใหม่) พยายาม; ความพยายาม,ကြိုးစားရန်၊ ကြိုးစားမှုတစ်ခု,（何か新しいことを）試みる、試みる。試み,"(새로운 것을) 시도하다, 시도하다; 시도","probar (algo nuevo), intentar; un intento","mencoba (sesuatu yang baru), mencoba; sebuah upaya",4
11-2,4.        ,結構,jiégòu,N,structure,cấu trúc,โครงสร้าง,ဖွဲ့စည်းပုံ,構造,구조,estructura,struktur,4
11-2,5.        ,產生,chǎnshēng,Vp,"to take place, produce","xảy ra, tạo ra",ที่จะเกิดขึ้นผลิต,နေရာယူ၊ ထုတ်လုပ်,起こる、生み出す,"발생하다, 생산하다","tener lugar, producir","berlangsung, menghasilkan",4
11-2,6.        ,轉變,zhuǎnbiàn,N,"change, transformation","sự thay đổi, biến đổi",การเปลี่ยนแปลงการเปลี่ยนแปลง,ပြောင်းလဲခြင်း၊ အသွင်ပြောင်းခြင်း။,変化、変革,"변화, 변화","cambio, transformación","perubahan, transformasi",4
11-2,7.        ,嬰兒,yīng’ér,N,baby,em bé,ที่รัก,ကလေး,赤ちゃん,아기,bebé,Sayang,4
11-2,8.        ,雙親,shuāngqīn,N,both parents,cả cha lẫn mẹ,ทั้งพ่อและแม่,နှစ်ဖက်မိဘများ,両親,부모님 둘 다,ambos padres,kedua orang tuanya,4
11-2,9.        ,本國,běnguó,N,our country,"nước ta, quốc gia chúng ta",ประเทศของเรา,ငါတို့နိုင်ငံ,我が国,우리 나라,nuestro pais,negara kita,4
11-2,10.     ,國籍,guójí,N,nationality,quốc tịch,สัญชาติ,နိုင်ငံသား,国籍,국적,nacionalidad,kebangsaan,4
11-2,11.     ,大陸籍,Dàlùjí,N,"from Mainland China, (lit. Mainland nationality) (籍 -jí, nationality)","người đại lục, (nghĩa đen) quốc tịch đại lục","จากจีนแผ่นดินใหญ่ (ตามตัวอักษร สัญชาติแผ่นดินใหญ่) (籍 -jí, สัญชาติ)",တရုတ်ပြည်မကြီးမှ၊ (စာသားအရ၊ ပြည်မကြီးနိုင်ငံသား) (籍 -jí၊ နိုင်ငံသား),中国本土出身、（文字通り、本土の国籍）（籍 -jí、国籍）,"중국 본토 출신, (문자 그대로 본토 국적) (籍 -jí, 국적)","de China continental, (literalmente, nacionalidad continental) (籍 -jí, nacionalidad)","dari Tiongkok Daratan, (harfiah, kewarganegaraan Daratan) (籍 -jí, kewarganegaraan)",4
11-2,12.     ,其,qí,Det,"his, her, its, their(formal)","của anh ấy, cô ấy, nó, họ (trang trọng)","เขา, เธอ, มัน, ของพวกเขา(เป็นทางการ)",သူ့ရဲ့ (တရားဝင်)၊,彼の、彼女の、その、彼らの（正式な）,"그의, 그녀의, 그것의, 그들의(공식)","su, ella, su, su (formal)","miliknya, dia, itu, mereka (formal)",4
11-2,13.     ,比例,bǐlì,N,ratio (percentage),tỷ lệ (phần trăm),อัตราส่วน (ร้อยละ),အချိုး (ရာခိုင်နှုန်း),比率（パーセンテージ）,비율(백분율),relación (porcentaje),rasio (persentase),4
11-2,14.     ,根本,gēnběn,Vs,fundamental,"cơ bản, căn bản",พื้นฐาน,အခြေခံ,基本的,근본적인,fundamental,mendasar,4
11-2,15.     ,可見,kějiàn,Conj,"it is obvious that, it is clearly seen that","rõ ràng là, có thể thấy rõ",ย่อมเห็นชัดว่านั้น,အဲဒါကို ရှင်းရှင်းလင်းလင်း မြင်ပါတယ်။,それは明らかです、それは明らかにわかります,"그것은 명백하다, 그것은 명백히 보인다.","es obvio que, se ve claramente que","jelas sekali, terlihat jelas bahwa",4
11-2,16.     ,現有,xiànyǒu,Vs-attr,"current, existing","hiện tại, đang tồn tại",ปัจจุบันที่มีอยู่,လက်ရှိ၊ ရှိပြီးသား,現在の、既存の,"현재, 기존","actual, existente","saat ini, yang sudah ada",4
11-2,17.     ,分配,fēnpèi,N/V,"distribution, to distribute, allocate","sự phân bổ, phân phối","แจกจ่าย, แจกจ่าย, จัดสรร",ဖြန့်ဖြူးရန်၊ ဖြန့်ဝေရန်၊ ခွဲဝေပေးရန်,配布する、配布する、割り当てる,"분배하다, 분배하다, 할당하다","distribuir, distribuir, asignar","distribusi, mendistribusikan, mengalokasikan",4
11-2,18.     ,顧慮,gùlǜ,Vst,to be concerned about,quan tâm đến,ห่วง / กังวล (huang / kang won),စိတ်ပူသည် (sate pu thi),心配する (shinpai suru),걱정하다 (geokjeonghada),estar preocupado por,dikhawatirkan,4
11-2,19.     ,學童,xuétóng,N,school children,học sinh,เด็กนักเรียน,ကျောင်းကလေးတွေ,学童,학교 아이들,niños de escuela,anak sekolah,4
11-2,20.     ,身心,shēnxīn,N,"physical and mental, mind and body",thể chất và tinh thần,ร่างกายและจิตใจจิตใจและร่างกาย,ရုပ်နှင့်စိတ်၊ စိတ်နှင့်ကိုယ်,肉体と精神、心と体,"육체적, 정신적, 마음과 몸","físico y mental, mente y cuerpo","fisik dan mental, pikiran dan tubuh",4
11-2,21.     ,缺乏,quēfá,Vst,to lack,thiếu,ขาด (khat) / ไม่พอ (mai pho),လိုသည် (lo thi) / ချို့တဲ့သည် (cho te thi),欠く (kaku) / 足りない (tarinai),부족하다 (bujokhada) / 모자라다 (mojarada),faltar,kekurangan,4
11-2,22.     ,課業,kèyè,N,school work,"việc học, bài vở",งานโรงเรียน,ကျောင်းစာ,学校の勉強,학교 공부,Trabajo escolar,pekerjaan sekolah,4
11-2,23.     ,指導,zhǐdǎo,N/V,guidance; to give guidance to,hướng dẫn; hướng dẫn,คำแนะนำ; เพื่อให้คำแนะนำแก่,လမ်းညွှန်ချက် လမ်းညွှန်ပေးရန်,ガイダンス;に指導する,안내; 에게 지침을 주다,guía; para dar orientación a,panduan; memberikan bimbingan kepada,4
11-2,24.     ,輔導,fǔdǎo,V,to counsel,tư vấn,เพื่อให้คำปรึกษา,တိုင်ပင်ရန်,カウンセリングする,조언하다,aconsejar,menasihati,4
11-2,25.     ,輸,shū,Vp,to lose out (opposite of win),thua cuộc (trái với thắng),แพ้ (ตรงข้ามกับการชนะ),ရှုံးနိမ့်ခြင်း (အနိုင်ရခြင်း၏ဆန့်ကျင်ဘက်),負ける（勝つの反対）,패배하다 (승리의 반대),perder (lo contrario de ganar),kalah (kebalikan dari menang),4
11-2,26.     ,失去,shīqù,Vp,"to lose (an item), lack","mất mát, thiếu hụt",สูญเสีย (สิ่งของ) ขาด,ဆုံးရှုံးခြင်း (ပစ္စည်းတစ်ခု) ချို့တဲ့ခြင်း။,（物を）失う、欠ける,"(물건을) 잃다, 부족하다","perder (un artículo), falta","kehilangan (suatu barang), kekurangan",4
11-2,27.     ,然而,rán’ér,Conj,"but, on the other hand, however","nhưng, mặt khác, tuy nhiên",แต่ในทางกลับกัน,သို့သော် အခြားတစ်ဖက်တွင်၊,しかし一方で、しかし,그러나 반면에 그러나,"pero, por otro lado, sin embargo","tapi, di sisi lain, bagaimanapun juga",4
11-2,28.     ,觀點,guāndiǎn,N,perspective,"góc nhìn, quan điểm",ทัศนคติ,အမြင်,視点,관점,perspectiva,perspektif,4
11-2,29.     ,加速,jiāsù,V,to accelerate,"tăng tốc, đẩy nhanh",เพื่อเร่งความเร็ว,အရှိန်မြှင့်ရန်,加速する,가속하다,acelerar,mempercepat,4
11-2,30.     ,創下,chuàngxià,Vpt,to set (a record),lập (kỷ lục),เพื่อตั้งค่า (บันทึก),(မှတ်တမ်းတစ်ခုသတ်မှတ်ရန်),（記録を）設定する,(기록을) 세우다,establecer (un récord),mengatur (rekor),4
11-2,31.     ,紀錄,jìlù,N,record,kỷ lục,บันทึก,မှတ်တမ်း,記録,기록,registro,catatan,4
11-2,32.     ,明顯,míngxiǎn,Vs,"significant, obvious","đáng kể, rõ rệt","สำคัญ, ชัดเจน",သိသာထင်ရှားသော,重要な、明白な,"중요한, 명백한","significativo, obvio","signifikan, jelas",4
11-2,33.     ,下降,xiàjiàng,Vp,to decrease,giảm,จะลดลง,လျှော့ချရန်,減らす,감소하다,disminuir,menurun,4
11-2,34.     ,趨勢,qūshì,N,trend,xu hướng,แนวโน้ม,လမ်းကြောင်းသစ်,傾向,경향,tendencia,kecenderungan,4
11-2,35.     ,高齡化,gāolínghuà,Vp,for a population to become aged/geriatric,già hóa dân số,เพื่อให้ประชากรเข้าสู่วัยสูงอายุ/สูงวัย,သက်ကြီးရွယ်အို/သက်ကြီးရွယ်အိုများ ဖြစ်လာစေရန်,人口が高齢者になるために,인구가 노령화되기 위해,para que una población se vuelva envejecida/geriátrica,bagi suatu populasi untuk menjadi lanjut usia/geriatri,4
11-2,36.     ,世代,shìdài,N,generation,thế hệ,รุ่น,မျိုးဆက်,世代,세대,generación,generasi,4
11-2,37.     ,不足,bùzú,Vs,"insufficient, not adequate","không đủ, không thỏa đáng","ไม่เพียงพอ, ไม่เพียงพอ",မလုံလောက်ဘူး၊ မလုံလောက်ဘူး။,不十分な、十分ではない,"불충분하다, 충분하지 않다","insuficiente, no adecuado","tidak cukup, tidak memadai",4
11-2,38.     ,持續,chíxù,Vaux,"to continue, to keep on","tiếp tục, duy trì",เพื่อดำเนินการต่อเพื่อดำเนินการต่อ,ဆက်ရန်၊ ဆက်ရန်,続ける、続ける,"계속하다, 계속하다","continuar, continuar","melanjutkan, terus",4
11-2,39.     ,正視,zhèngshì,V,"to face squarely, pay due attention to","đối mặt thẳng thắn, chú ý đúng mức","เผชิญหน้าอย่างตรงไปตรงมา, ให้ความสนใจตามสมควร",လေးထောင့်ကျကျ ရင်ဆိုင်ဖို့ အာရုံစိုက်ပါ။,正面から向き合う、十分な注意を払う,"정면으로 맞서다, 주의를 기울이다","enfrentar de frente, preste la debida atención a","menghadapi secara jujur, perhatikanlah",4
11-2,40.     ,國語,Guóyǔ,,Mandarin,tiếng Phổ thông,จีนกลาง,မန်ဒရင်း,北京語,만다린 오렌지,mandarín,bahasa Mandarin,4
11-2,41.     ,客語,Kèyǔ,,"Hakka, a Chinese (Han) dialect",tiếng Khách Gia (một phương ngữ Hán),ฮากกา ภาษาจีน (ฮั่น),ဟတ်ကာ၊ တရုတ် (ဟန်) ဒေသိယစကား,客家、中国（漢語）の方言,"하카(Hakka), 중국어(한족) 방언","Hakka, un dialecto chino (Han)","Hakka, dialek Cina (Han)",4
11-2,42.     ,最多數,zuìduōshù,,the greatest majority,đại đa số,ส่วนใหญ่ที่ยิ่งใหญ่ที่สุด,အများစု,最大多数派,최대 다수,la mayor mayoría,mayoritas terbesar,4
11-2,43.     ,總人數,zǒng rénshù,,total population,tổng dân số,ประชากรทั้งหมด,စုစုပေါင်းလူဦးရေ,総人口,총인구,población total,jumlah penduduk,4
11-2,44.     ,起跑點,qǐpǎodiǎn,,starting line,vạch xuất phát,เส้นเริ่มต้น,စတင်လိုင်း,スタートライン,출발선,línea de salida,garis awal,4
11-2,45.     ,新生兒,xīnshēng’ér,,a newborn baby,một em bé sơ sinh,ทารกแรกเกิด,မွေးကင်းစကလေး,生まれたばかりの赤ちゃん,갓 태어난 아기,un bebe recien nacido,bayi yang baru lahir,4
11-2,46.     ,生產力,shēngchǎn lì,,productivity,năng suất,ผลผลิต,ကုန်ထုတ်စွမ်းအား,生産性,생산력,productividad,produktivitas,4
11-2,47.     ,一較長短,yíjiào chángduǎn,,"to compete, to compare against","cạnh tranh, so sánh với",เพื่อแข่งขันเพื่อเปรียบเทียบ,ယှဉ်ပြိုင်ရန်၊ ယှဉ်ရန်,競争する、比較する,"경쟁하다, 비교하다","competir, compararse","bersaing, membandingkan",4
12-1,1.        ,王安康,Wáng ānkāng,,"Wang Ankang, male","Vương An Khang, nam",วังอังคัง เพศผู้,"Wang Ankang, အမျိုးသား",王安康、男性,왕안강(남),"Wang Ankang, hombre","Wang Ankang, laki-laki",4
12-1,2.        ,張定能,Zhāng Dìngnéng,,"Zhang Dingneng, male","Trương Đỉnh Năng, nam",จางติงเหนิง ชาย,Zhang Dingneng၊ အမျိုးသား,張鼎能さん、男性,"장딩넝, 남성","Zhang Dingneng, hombre","Zhang Dingneng, laki-laki",4
12-1,3.        ,美好,měihǎo,Vs,"wonderful, beautiful","tuyệt vời, đẹp đẽ",มหัศจรรย์สวยงาม,အံ့သြဖွယ်၊ လှပသည်။,素晴らしい、美しい,"훌륭하다, 아름답다","maravilloso, hermoso","indah, indah",4
12-1,4.        ,當選,dāngxuǎn,Vpt,to be elected to an office,được bầu vào chức vụ,เพื่อรับเลือกเข้ารับตำแหน่ง,ရုံးတစ်ရုံးတွင် ရွေးချယ်ခံရမည်ဖြစ်သည်။,公職に選出される,공직에 선출되다,ser elegido para un cargo,dipilih pada suatu jabatan,4
12-1,5.        ,無所謂,wúsuǒwèi,Vs,I don’t care; does not bother me,Tôi không quan tâm; không làm tôi bận tâm,ฉันไม่สนใจ ไม่รบกวนฉัน,ငါဂရုမစိုက်ပါဘူး; ငါ့ကိုအနှောက်အယှက်မပေးပါဘူး။,私は気にしない;気にしません,상관없어요. 나를 괴롭히지 않는다,No me importa; no me molesta,Saya tidak peduli; tidak mengganggu saya,4
12-1,6.        ,敏感,mǐngǎn,Vs,sensitive,nhạy cảm,อ่อนไหว,ထိလွယ်ရှလွယ်,センシティブ,예민한,sensible,peka,4
12-1,7.        ,化學,huàxué,N,"chemical, chemistry","hóa chất, hóa học",เคมีเคมี,ဓာတုဗေဒ၊ ဓာတုဗေဒ,化学、化学,"화학, 화학","químico, química","kimia, kimia",4
12-1,8.        ,添加物,tiānjiāwù,N,additives,chất phụ gia,สารเติมแต่ง,ဖြည့်စွက်ပစ္စည်းများ,添加物,첨가제,aditivos,aditif,4
12-1,9.        ,殘留,cánliú,N,residue,"cặn, dư lượng",สารตกค้าง,အကြွင်း,残基,잔여물,residuo,residu,4
12-1,10.     ,修改,xiūgǎi,V,to amend,sửa đổi,ที่จะแก้ไข,ပြင်ဆင်ရန်,修正する,수정하다,enmendar,mengubah,4
12-1,11.     ,法規,fǎguī,N,"laws and regulations, statutes","luật và quy định, quy chế",กฎหมายและข้อบังคับกฎเกณฑ์,ဥပဒေ၊ နည်းဥပဒေများ၊ ဥပဒေများ,法令、条例,"법령, 법령","leyes y reglamentos, estatutos","hukum dan peraturan, undang-undang",4
12-1,12.     ,安養,ānyǎng,N,"to care for, to provide nursing care to all people","chăm sóc, cung cấp dịch vụ y tế cho mọi người",เพื่อดูแลให้การพยาบาลแก่ประชาชนทุกคน,ပြုစုစောင့်ရှောက်ရန်၊ လူအားလုံးကို ပြုစုစောင့်ရှောက်ရန်,すべての人を世話する、介護を提供する,"돌보다, 모든 사람에게 간호를 제공하다","cuidar, proporcionar cuidados de enfermería a todas las personas","merawat, memberikan asuhan keperawatan kepada semua orang",4
12-1,13.     ,河川,héchuān,N,river and stream,sông suối,แม่น้ำและลำธาร,မြစ်နှင့်စမ်းချောင်း,川と小川,강과 시내,río y arroyo,sungai dan aliran,4
12-1,14.     ,脫離,tuōlí,Vpt,"to be separate oneself from, break away from","tách mình ra khỏi, thoát ly khỏi","ให้แยกตัวออกจาก, หลุดพ้นจาก",ခွဲခွာ၊ ခွဲခွာ,から離れる、そこから離れる,"~로부터 분리되다, 이탈하다","separarse de, separarse de","memisahkan diri dari, melepaskan diri dari",4
12-1,15.     ,背景,bèijǐng,N,background,bối cảnh,พื้นหลัง,နောက်ခံ,背景,배경,fondo,latar belakang,4
12-1,16.     ,領域,lǐngyù,N,"area (of study, etc.), (here) walk of life","lĩnh vực (nghiên cứu, v.v.), (ở đây) ngành nghề",พื้นที่ (ของการศึกษา ฯลฯ) (ที่นี่) วิถีชีวิต,နယ်ပယ် (လေ့လာမှု၊ စသည်)၊ (ဤ) ဘဝလမ်းလျှောက်ခြင်း။,（勉強などの）分野、（ここで）人生の歩み,"분야 (공부 등), (여기) 생활의 길","área (de estudio, etc.), (aquí) estilo de vida","bidang (studi, dll.), (di sini) jalan hidup",4
12-1,17.     ,竟然,jìngrán,Adv,"unexpectedly, surprisingly","thật bất ngờ, đáng ngạc nhiên","อย่างไม่คาดคิด, อย่างน่าประหลาดใจ",မမျှော်လင့်ဘဲ၊ အံ့သြစရာပဲ။,意外に、意外に,"뜻밖의, 놀랍게도","inesperadamente, sorprendentemente","secara tidak terduga, secara mengejutkan",4
12-1,18.     ,總統,zǒngtǒng,N,president,"tổng thống, chủ tịch",ประธาน,သမ္မတ,社長,대통령,presidente,presiden,4
12-1,19.     ,保障,bǎozhàng,N/V,"security (e.g., job security), to guarantee","sự an toàn (ví dụ: an toàn công việc), bảo đảm",ความปลอดภัย (เช่น ความมั่นคงในงาน) เพื่อรับประกัน,လုံခြုံရေး (ဥပမာ အလုပ်လုံခြုံရေး) အာမခံရန်,安全（例：雇用の安定）、保証する,보안(예: 직업 안정성)을 보장하다,"seguridad (por ejemplo, seguridad laboral), para garantizar","keamanan (misalnya, keamanan kerja), menjamin",4
12-1,20.     ,特權,tèquán,N,special privileges,đặc quyền,สิทธิพิเศษ,အထူးအခွင့်အရေးများ,特別な特権,특별한 특권,privilegios especiales,hak istimewa khusus,4
12-1,21.     ,把持,bǎchí,V,to control,kiểm soát,เพื่อควบคุม,ထိန်းချုပ်ရန်,制御する,통제하다,controlar,mengontrol,4
12-1,22.     ,監督,jiāndū,V,"to oversee, monitor, supervise","giám sát, theo dõi",เพื่อกำกับดูแลติดตามกำกับดูแล,ကြီးကြပ်ရန်၊ စောင့်ကြည့်ရန်၊ ကြီးကြပ်ရန်,監督する、監視する、監視する,"감독하다, 감시하다, 감독하다","vigilar, vigilar, vigilar","mengawasi, memantau, mengawasi",4
12-1,23.     ,罷免,bàmiǎn,V,"to recall, remove from office","bãi nhiệm, cách chức",เพื่อเรียกคืนให้ถอดถอนออกจากตำแหน่ง,ပြန်လည်သိမ်းဆည်းရန်၊ ရုံးမှဖယ်ရှားပါ။,召還する、公職から追放する,"회상하다, 직위에서 해임하다","destituir, destituir del cargo","mengingat, memberhentikan dari jabatannya",4
12-1,24.     ,權,quán,N,"power, authority","quyền lực, thẩm quyền","อำนาจ, อำนาจ",အာဏာ၊ အာဏာ,権力、権威,"권력, 권위","poder, autoridad","kekuasaan, otoritas",4
12-1,25.     ,廉能,liánnéng,Vs,clean and capable,trong sạch và có năng lực,สะอาดและมีความสามารถ,သန့်ရှင်းပြီး စွမ်းဆောင်ရည်,清潔で有能な,깨끗하고 능력있고,limpio y capaz,bersih dan mampu,4
12-1,26.     ,富足,fùzú,Vs,"affluent, abundant","dồi dào, phong phú","มั่งคั่ง, อุดมสมบูรณ์",ချမ်းသာ၊ ပေါများသည်။,裕福な、豊かな,"풍요로운, 풍부한","rico, abundante","makmur, berlimpah",4
12-1,27.     ,在乎,zàihū,Vst,to care about,quan tâm đến,ที่จะดูแลเกี่ยวกับ,ဂရုစိုက်ရန်,気にする,걱정하다,preocuparse por,dipedulikan,4
12-1,28.     ,生命,shēngmìng,N,life,cuộc sống,ชีวิต (chiwit),ဘဝ (ba wa),生活 (seikatsu),생활 (saenghwal),vida,kehidupan,4
12-1,29.     ,財產,cáichǎn,N,"property, assets",tài sản,ทรัพย์สินทรัพย์สิน,ပိုင်ဆိုင်မှု၊ ပိုင်ဆိုင်မှု,財産、資産,"재산, 자산","propiedad, activos","properti, aset",4
12-1,30.     ,義工,yìgōng,N,volunteer,tình nguyện viên,อาสาสมัคร,စေတနာ့ဝန်ထမ်း,ボランティア,자원 봉사자,voluntario,sukarelawan,4
12-1,31.     ,選戰,xuǎnzhàn,N,(election) campaign,chiến dịch (bầu cử),(การเลือกตั้ง) การรณรงค์,(ရွေးကောက်ပွဲ) မဲဆွယ်စည်းရုံးရေး,(選挙) キャンペーン,(선거) 캠페인,campaña (electoral),(pemilihan) kampanye,4
12-1,32.     ,承諾,chéngnuò,N/V,promise; to promise,lời hứa; hứa,สัญญา; ที่จะสัญญา,ကတိ; ကတိပေးရန်,約束;約束する,약속하다; 약속하다,promesa; prometer,janji; berjanji,4
12-1,33.     ,帶領,dàilǐng,V,to lead,lãnh đạo,ที่จะเป็นผู้นำ,ဦးဆောင်ရန်,導く,이끌다,liderar,memimpin,4
12-1,34.     ,力量,lìliàng,N,power,quyền lực,พลัง,ပါဝါ,力,힘,fuerza,kekuatan,4
12-1,35.     ,擺脫,bǎituō,V,to rid of,loại bỏ,เพื่อกำจัด,ဖယ်ရှားပစ်ရန်,取り除く,제거하다,deshacerse de,disingkirkan,4
12-1,36.     ,困境,kùnjìng,N,"dire situation, straits","tình thế khó khăn, hoàn cảnh ngặt nghèo",สถานการณ์เลวร้ายช่องแคบ,ဆိုးရွားသောအခြေအနေ၊ ကျဉ်းမြောင်းသည်။,悲惨な状況、窮地,"끔찍한 상황, 해협","situación terrible, apuros","situasi yang mengerikan, selat",4
12-1,37.     ,房地產,fángdìchǎn,,real estate,bất động sản,อสังหาริมทรัพย์,အိမ်ခြံမြေရောင်းဝယ်ရေးလုပ်ငန်း,不動産,부동산,bienes raíces,real estat,4
12-1,38.     ,小自…大至…,xiǎo zì…dà zhì…,,"from such trivialities to such major concerns (自, from (formal); 至, to (formal))","từ những việc nhỏ nhặt đến những vấn đề lớn (自, từ (trang trọng); 至, đến (trang trọng))","จากเรื่องไม่สำคัญไปจนถึงข้อกังวลหลักๆ ดังกล่าว (自, จาก (ทางการ); 至, ถึง (เป็นทางการ))",ထိုအသေးအဖွဲလေးများမှ ကြီးမားသောစိုးရိမ်မှုများအထိ (自၊ (တရားဝင်)၊ 至၊ (တရားဝင်))၊,そのような些細なことからそのような重大な懸念まで (自、から (正式な); 至、へ (正式な)),작게는 …에서 크게는 …까지 (自: 문어체 “…부터”; 至: 문어체 “…까지”),"de tales trivialidades a preocupaciones tan importantes (自, de (formal); 至, a (formal))","dari hal sepele hingga masalah besar (自, dari (formal); 至, hingga (formal))",4
12-1,39.     ,是否,shìfǒu,,whether or not,có... hay không,หรือไม่ก็ตาม,ရှိမရှိ၊,かどうか,여부,si o no,apakah atau tidak,4
12-1,40.     ,照理說,zhào lǐ shuō,,normally,thông thường,โดยทั่วไป,ပုံမှန်,普通に,보통,normalmente,biasanya,4
12-1,41.     ,政治人物,zhèngzhì rénwù,,politicians,các chính trị gia,นักการเมือง,နိုင်ငံရေးသမားတွေ,政治家,정치인,politicos,politisi,4
12-1,42.     ,受苦,shòu kǔ,,suffering,sự đau khổ,ความทุกข์,ဆင်းရဲဒုက္ခ,苦しみ,고통,sufrimiento,menderita,4
12-2,1.        ,富裕,fùyù,Vs,"rich, affluent","giàu có, phong lưu",ร่ำรวยมั่งคั่ง,ချမ်းသာတယ်၊ ချမ်းသာတယ်။,裕福な、裕福な,"부자, 풍족한","rico, acomodado","kaya, makmur",4
12-2,2.        ,貪汙,tānwū,Vp,"to graft, to demand ","tham nhũng, đòi hối lộ",การต่อกิ่งเพื่อเรียกร้อง,လာဘ်စားရန်၊ တောင်းဆိုရန်,接ぎ木する、要求する,"접목하다, 요구하다","injertar, exigir","mencangkok, menuntut",4
12-2,3.        ,腐敗,fǔbài,Vs,corruption,tham nhũng,การทุจริต,အဂတိလိုက်စားမှု,腐敗,부패,corrupción,korupsi,4
12-2,4.        ,政爭,zhèngzhēng,N,political infighting,mâu thuẫn nội bộ chính trị,ความขัดแย้งทางการเมือง,နိုင်ငံရေးတိုက်ပွဲ,政治的な内紛,정치적 내분,luchas políticas internas,pertikaian politik,4
12-2,5.        ,停滯,tíngzhì,Vp,"to stagnate, stall","trì trệ, đình đốn",ให้ซบเซาแผงลอย,"stagnate, ကုပ်",停滞する、停滞する,"정체되다, 정체되다","estancarse, estancarse","mandek, terhenti",4
12-2,6.        ,上升,shàngshēng,Vp,to rise,tăng lên,จะเพิ่มขึ้น,ထရန်,上昇する,상승하다,levantarse,bangkit,4
12-2,7.        ,信心,xìnxīn,N,confidence,sự tự tin,ความมั่นใจ,ယုံကြည်မှု,自信,신뢰,confianza,kepercayaan diri,4
12-2,8.        ,遊民,yóumín,N,"street people, the homeless",người vô gia cư,คนข้างถนน คนไร้บ้าน,လမ်းဘေးလူတွေ၊ အိမ်ယာမဲ့တွေ,路上生活者、ホームレス,"거리의 사람들, 노숙자들","gente de la calle, personas sin hogar","orang jalanan, tunawisma",4
12-2,9.        ,外界,wàijiè,N,the outside world,thế giới bên ngoài,โลกภายนอก,ပြင်ပကမ္ဘာ,外の世界,외부 세계,el mundo exterior,dunia luar,4
12-2,10.     ,悲慘,bēicǎn,Vs,"miserable, tragic","thảm khốc, bi thảm","น่าสังเวช, น่าเศร้า",သနားစရာ၊ ကြေကွဲဖွယ်,悲惨な、悲劇的な,"비참한, 비극적인","miserable, trágico","menyedihkan, tragis",4
12-2,11.     ,日子,rìzi,N,"days, life","cuộc sống, những ngày tháng",วันชีวิต,နေ့ရက်များ၊ ဘဝ,日々、人生,"하루, 인생","días, vida","hari, hidup",4
12-2,12.     ,如此,rúcǐ,Adv,"such, so","như vậy, đến mức",เช่นนั้น,အဲဒီလို၊,そんな、だから,"그런, 그래서","tal, entonces","seperti itu, jadi",4
12-2,13.     ,巨大,jùdà,Vs,enormous,"to lớn, khổng lồ",มหาศาล,ကြီးမားသည်။,巨大な,막대한,enorme,sangat besar,4
12-2,14.     ,無能,wúnéng,Vs,incompetent,"bất tài, vô dụng",ไร้ความสามารถ,အရည်အချင်းမပြည့်မီ,無能な,무능한,incompetente,tidak kompeten,4
12-2,15.     ,冷漠,lěngmò,Vs,apathetic,"thờ ơ, lãnh đạm",ไม่แยแส,စိတ်မနာတတ်,無関心な,냉담한,apático,apatis,4
12-2,16.     ,學者,xuézhě,N,scholars,các học giả,นักวิชาการ,ပညာရှင်တွေ,学者,학자,eruditos,sarjana,4
12-2,17.     ,階層,jiēcéng,N,class hierarchy (in society),tầng lớp xã hội,ลำดับชั้น (ในสังคม),လူတန်းစား အထက်အောက် (လူ့အဖွဲ့အစည်း)၊,（社会における）階級階層,계급 계층 (사회에서),jerarquía de clases (en la sociedad),hierarki kelas (dalam masyarakat),4
12-2,18.     ,自然,zìrán,Adv,naturally,một cách tự nhiên,ตามธรรมชาติ,သဘာဝကျကျ,当然,당연히,naturalmente,tentu saja,4
12-2,19.     ,阻止,zǔzhǐ,V,"to prevent, block","ngăn chặn, chặn đứng",เพื่อป้องกันปิดกั้น,တားဆီးရန်၊ ပိတ်ဆို့ရန်,防ぐ、ブロックする,"막다, 차단하다","prevenir, bloquear","mencegah, memblokir",4
12-2,20.     ,遙遠,yáoyuǎn,Vs,remote,"xa xôi, hẻo lánh",ระยะไกล,အဝေး,リモート,원격,remoto,terpencil,4
12-2,21.     ,無論,wúlùn,Conj,"no matter, regardless","bất kể, cho dù",ไม่ว่ายังไงก็ตาม,ကိစ္စမရှိ၊ မသက်ဆိုင်,関係なく、関係なく,"상관없어, 상관없이","no importa, independientemente","tidak masalah, bagaimanapun juga",4
12-2,22.     ,明明,míngmíng,Adv,"clearly, obviously",một cách rõ ràng,ชัดเจน ชัดเจน,ရှင်းရှင်းလင်းလင်း သိသာပါတယ်။,明らかに、明らかに,"분명히, 분명히","claramente, obviamente","jelas, tentu saja",4
12-2,23.     ,骯髒,āngzāng,Vs,dirty,bẩn thỉu,สกปรก,ညစ်ပတ်သည်။,汚い,더러운,sucio,kotor,4
12-2,24.     ,顧,gù,V,to care about,quan tâm đến,ที่จะดูแลเกี่ยวกับ,ဂရုစိုက်ရန်,気にする,걱정하다,preocuparse por,dipedulikan,4
12-2,25.     ,自身,zìshēn,N,one's own,của riêng mình,ของตัวเอง,ကိုယ်ပိုင်,自分自身の,자신의,el propio,milik sendiri,4
12-2,26.     ,政客,zhèngkè,N,politico,"chính khách, kẻ chính trị cơ hội",การเมือง,နိုင်ငံရေး,政治家,정치가,político,politik,4
12-2,27.     ,縱容,zòngróng,V,"to condone, tolerate","khoan dung, tha thứ",ที่จะให้อภัยอดทน,ခွင့်လွှတ်ရန်၊ သည်းခံပါ။,容認する、容認する,"묵과하다, 용납하다","tolerar, tolerar","memaafkan, mentolerir",4
12-2,28.     ,使得,shǐde ,Vst,"to make, to cause","làm cho, khiến cho","ที่จะทำให้, ทำให้เกิด",ဖြစ်အောင်၊ ဖြစ်စေတယ်။,作る、引き起こす,"만들다, 야기하다","hacer, causar","membuat, menyebabkan",4
12-2,29.     ,工廠,gōngchǎng,N,factory,nhà máy,โรงงาน,စက်ရုံ,工場,공장,fábrica,pabrik,4
12-2,30.     ,密集,mìjí,Vs,crowded with high density of,đông đúc với mật độ cao,อัดแน่นไปด้วยความหนาแน่นสูง.,မြင့်မားသောသိပ်သည်းဆနှင့်အတူစည်ကား,高密度で混雑している,밀도가 높아서 붐비는,lleno de alta densidad de,penuh sesak dengan kepadatan tinggi,4
12-2,31.     ,遭受,zāoshòu,Vst,"to suffer from, be subjected to","phải chịu đựng, bị ảnh hưởng bởi",ต้องทนทุกข์ทรมานต้องอยู่ภายใต้,ဆင်းရဲခံ၊ လက်အောက်ခံရမည်။,苦しむ、影響を受ける,"~을 겪다, 당하다","sufrir, ser sometido a","menderita, dikenai",4
12-2,32.     ,困苦,kùnkǔ,Vs,distressed,"đau khổ, khốn cùng",เป็นทุกข์,စိတ်ဆင်းရဲ,苦しんでいる,고민하다,afligido,tertekan,4
12-2,33.     ,老人年金,lǎorén niánjīn,,annuity payment for senior citizens(provided by The National Pension Program in Taiwan),tiền trợ cấp hưu trí cho người cao tuổi,เงินบำนาญผู้สูงอายุ (จัดให้โดยโครงการบำนาญแห่งชาติของไต้หวัน),သက်ကြီးရွယ်အိုများအတွက် နှစ်စဉ်ကြေးပေးချေမှု (ထိုင်ဝမ်ရှိ အမျိုးသားပင်စင်အစီအစဉ်မှ ပံ့ပိုးပေးသည်),高齢者向け年金支給額（台湾国民年金制度より提供）,노인 연금 지급(대만 국민연금 프로그램 제공),pago de anualidades para personas mayores (proporcionado por el Programa Nacional de Pensiones de Taiwán),pembayaran anuitas untuk warga lanjut usia (disediakan oleh Program Pensiun Nasional di Taiwan),4
12-2,34.     ,無家可歸,wújiā kěguī,,"homeless, no home to go back to","vô gia cư, không có nhà để về",ไร้บ้าน ไม่มีบ้านให้กลับ,အိုးမဲ့အိမ်မဲ့၊ အိမ်ပြန်စရာမရှိ။,ホームレス、帰る家がない,"노숙자, 돌아갈 집이 없다","sin hogar, sin hogar al que volver","tuna wisma, tidak ada rumah untuk kembali",4
12-2,35.     ,以…為…,yǐ…wéi…,,taking… as… (formal),lấy... làm... (trang trọng),การ... เป็น... (เป็นทางการ),ယူ…အဖြစ်… (တရားဝင်),…を…として取る（形式的）,복용…으로… (공식),tomando… como… (formal),mengambil… sebagai… (formal),4
12-2,36.     ,漠不關心,mòbù guānxīn,,indifferent,"thờ ơ, dửng dưng",ไม่แยแส,ဘာမှမထူးခြားပါ။,無関心,무관심한,indiferente,cuek,4
12-2,37.     ,發言權,fāyán quán,,"right to speak, (here) a voice (in politics, etc.)","quyền được lên tiếng, (ở đây) tiếng nói (trong chính trị, v.v.)",สิทธิในการพูด (ที่นี่) เสียง (ในการเมือง ฯลฯ),ပြောပိုင်ခွင့်၊ (ဒီမှာ) အသံ (နိုင်ငံရေး စသဖြင့်)၊,発言する権利、（ここで）声をあげる権利（政治などで）,"말할 권리, (여기서) 목소리 (정치 등에서)","derecho a hablar, (aquí) una voz (en política, etc.)","hak untuk berbicara, (di sini) bersuara (dalam politik, dll.)",4
12-2,38.     ,影響力,yǐngxiǎng lì,,influence,ảnh hưởng,อิทธิพล,လွှမ်းမိုးမှု,影響,영향,influencia,pengaruh,4
12-2,39.     ,官商勾結,guānshāng gōujié,,collusion between politicians and business people,sự thông đồng giữa chính trị gia và giới doanh nhân,การสมรู้ร่วมคิดระหว่างนักการเมืองและนักธุรกิจ,နိုင်ငံရေးသမားများနှင့် စီးပွားရေးသမားများအကြား သဘောထားကွဲလွဲမှု,政治家と実業家の癒着,정치인과 기업인의 유착,colusión entre políticos y empresarios,kolusi antara politisi dan pengusaha,4
12-2,40.     ,貧富懸殊,pínfù xuánshū,,a huge gap between the rich and the poor,khoảng cách giàu nghèo khổng lồ,ช่องว่างขนาดใหญ่ระหว่างคนรวยกับคนจน,ချမ်းသာသူများနှင့် ဆင်းရဲသူများကြား ကွာဟချက်ကြီးမားသည်။,富める者と貧しい者の間にある大きな格差,부자와 가난한 사람 사이의 엄청난 격차,una enorme brecha entre ricos y pobres,kesenjangan yang besar antara si kaya dan si miskin,4
12-2,41.     ,息息相關,xíxí xiāngguān,,inextricably related to,có liên quan mật thiết với,เกี่ยวข้องอย่างแยกไม่ออกกับ,နှင့် ရှုပ်ထွေးစွာ ဆက်စပ်နေသည်။,～と密接に関係している,와 불가분의 관계,inextricablemente relacionado con,terkait erat dengan,4
